qa_id,question,expected_answer,source_text,target_text,method,split,persona,corpus,sampling_regime,source_passage_pid,target_passage_pid,source_doc_id,target_doc_id,source_passage_label,target_passage_label,reference_text,reference_type,ReferenceText,ReferenceType,annotation_id,original_item_id,source_path,question_validity_clarity,question_fluency_naturalness,source_target_evidence_dependency,comment
51cefb12bc2986e7,"When the Regulator receives the relevant notice that would trigger informing Host Regulator(s) of an intent to use passporting procedures, in what circumstances must the Regulator refrain from sending that notice, and how does that affect the subsequent steps of publishing the Passported Fund’s details and notifying the Fund Manager once Host Regulator confirmation is received?","The Regulator’s obligation to notify Host Regulator(s) of its intent to use the passporting procedures is conditional: it must not send that notice if it considers the Fund Manager or the Private Fund is not compliant, or may become non-compliant, with applicable legislation (including these Rules), or if refraining is necessary and appropriate to advance one or more of the Regulator’s objectives. [#SRC:2f9bc2f5-72a6-45ee-8ec3-fac8a19ab60c] Where those conditions apply, the Regulator is required to refrain from transmitting the notice that would otherwise be sent within five Business Days of receiving the triggering notice, even though the general process contemplates providing that intent notice to the Host Regulator(s) in each relevant Host Jurisdiction where the Passported Fund is intended to be Promoted. [#TGT:49f2d65b-c143-456c-8e45-d05767ba59c7] Because the later steps are expressly tied to receiving confirmation from the Host Regulator(s) that their Register of Passported Funds has been updated, the Regulator would only proceed to (i) publish the Passported Fund’s details on the Register of Passported Funds and (ii) notify the Fund Manager that registration is complete after such Host Regulator confirmation occurs. [#TGT:49f2d65b-c143-456c-8e45-d05767ba59c7] In practical terms, if the Regulator must refrain from sending the intent notice due to the compliance/objectives grounds, the downstream publication and completion notification steps would not be reached through this pathway. [#SRC:2f9bc2f5-72a6-45ee-8ec3-fac8a19ab60c] [#TGT:49f2d65b-c143-456c-8e45-d05767ba59c7]","The Regulator shall not transmit a notice under Rule 3.1.4‎(a):
(a)	if it considers that the Fund Manager or the Private Fund does not comply with, or it has reasonable grounds for determining that the Fund Manager or the Private Fund may in the future not comply with, applicable legislation including these Rules; or
(b)	if it considers that it is necessary and appropriate to refrain from doing so in order to further one or more of its objectives.","The Regulator shall:
(a)	Within five Business Days of receipt of the notice set out in Rule 3.1.2, and subject to Rule 3.1.5, provide notice of the intent to use the passporting procedures under these Rules to the Host Regulator(s) in the relevant Host Jurisdiction(s) where the Passported Fund is intended to be Promoted; and
(b)	promptly following confirmation from the relevant Host Regulator(s) that its respective Register of Passported Funds has been updated to include the details of the Passported Fund:
(i)	publish the details of the Passported Fund on the Register of Passported Funds; and
(ii)	notify the Fund Manager that registration on the Register of Passported Funds is complete.",DPEL,,professional,ADGM,mixed_difficulty,2f9bc2f5-72a6-45ee-8ec3-fac8a19ab60c,49f2d65b-c143-456c-8e45-d05767ba59c7,,,3.1.5,3.1.4,,,,,HV0001,51cefb12bc2986e7,ObliQA-XRef_Out_Datasets/final_large_merged/ObliQA-XRef-ADGM-ALL/final.jsonl,yes,mostly_natural_rephrased,both_needed,
486dfdce3e64d73f,"When a Payment Order for an individual Payment Transaction is sent using a Payment Instrument issued under a Framework Contract, what information must the Payment Service Provider still provide immediately after initiation to the Payer (and where applicable the Payee), and what category of information may it omit because another Payment Service Provider has provided or will provide it under the Framework Contract?","For an individual Payment Transaction initiated by a Payment Order, the Payment Service Provider must, immediately after initiation, provide or make available specific transaction-level details to the Payer and, where applicable, to the Payee. [#SRC:a48a07c2-0731-4505-939e-07110e2af622] This includes confirmation that initiation with the Payer’s Payment Service Provider was successful, a reference that lets the Payer and Payee identify the Payment Transaction (including identifying the Payer and Payee and, where appropriate, information transferred with the Payment Order), the transaction amount in the currency used, any charges payable (and where applicable a breakdown in the Payment Order currency), exchange-rate information where currency conversion is used (including the actual rate or a reference to it and the post-conversion amount), the date the Payment Service Provider received the Payment Order, and the Credit Value Date. [#SRC:a48a07c2-0731-4505-939e-07110e2af622] However, where that Payment Order is transmitted via a Payment Instrument issued under a Framework Contract, the Payment Service Provider for that single Payment Transaction does not have to provide the general information that another Payment Service Provider has provided or will provide in relation to the Framework Contract. [#TGT:c337e2ea-0d58-45b9-970f-810639f88bf2]","Subject to Rule 19.5.3, a Payment Service Provider must provide or make available to the Payer and, where applicable, to the Payee, immediately after the initiation of a Payment Order:
(a)	confirmation of the successful initiation of the Payment Order with the Payer’s Payment Service Provider;
(b)	a reference enabling the Payer and the Payee to identify the Payment Transaction, including the Payer and Payee, and, where appropriate, any information transferred with the Payment Order;
(c)	the amount of the Payment Transaction, in the currency used in the Payment Order;
(d)	the amount of any charges payable in relation to the Payment Transaction and, where applicable, a breakdown of the amounts of such charges expressed in the currency of the Payment Order;
(e)	where an exchange rate is used in the Payment Transaction the actual rate used or a reference to it, and the amount of the Payment Transaction after that currency conversion;
(f)	the date on which the Payment Service Provider received the Payment Order; and
(g)	the Credit Value Date.","Where a Payment Order for an individual Payment Transaction is transmitted by way of a Payment Instrument issued under a Framework Contract, the Payment Service Provider in respect of that single Payment Transaction need not provide or make available under Rule 19.5.1 the general information which has been provided or will be provided under Section 19.2 by another Payment Service Provider in respect of a Framework Contract.",DPEL,,professional,ADGM,mixed_difficulty,a48a07c2-0731-4505-939e-07110e2af622,c337e2ea-0d58-45b9-970f-810639f88bf2,,,19.5.1,19.5.3,,,,,HV0002,486dfdce3e64d73f,ObliQA-XRef_Out_Datasets/final_large_merged/ObliQA-XRef-ADGM-ALL/final.jsonl,yes,mostly_natural_rephrased,both_needed,
1171eaecafc1ce10,"When an Applicant/Authorised Person is pursuing a change such as migrating an MTF to become a conventional Securities Recognised Investment Exchange, and the Regulator expects substantial additional costs or effort in dealing with the related application or authorisation, what fee consequences can be imposed and what engagement is recommended?","If the circumstances create a substantial additional regulatory burden or substantial additional costs/effort for the Regulator in handling the matter, the Regulator can require payment of an extra fee on top of other fees. [#SRC:43df6a6a-29a3-4dca-8203-57b209ce85cc] [#TGT:64a0df5a-e946-4496-9fd3-244340c2a080] This can arise where the Regulator expects to incur substantial additional costs or expend substantial additional effort in dealing with an application, authorisation, filing, or during on-going supervision. [#TGT:64a0df5a-e946-4496-9fd3-244340c2a080] In the specific example of migrating an MTF to become a conventional Securities Recognised Investment Exchange, the FSRA indicates that such a scenario can be one where additional fees may be imposed because of the added regulatory burden. [#SRC:43df6a6a-29a3-4dca-8203-57b209ce85cc] In those circumstances, the FSRA recommends that the Applicant/Authorised Person proactively discuss the fee implications with the FSRA as early as practicable, rather than waiting until later in the process. [#SRC:43df6a6a-29a3-4dca-8203-57b209ce85cc]","FEES
Cumulative application of Fees
Pursuant to FEES Rule 1.2.4, the FSRA reserves its right to impose additional fees in circumstances where a ‘substantial additional’ regulatory burden is imposed on FSRA. In such circumstances, including the migration of an MTF to become a conventional ‘Securities’ Recognised Investment Exchange, the FSRA recommends that the Applicant/Authorised Person discuss FEE implications with the FSRA as early as practicable.","Supplementary fees
The Regulator may require a Person to pay to the Regulator a supplementary fee in circumstances where it expects to incur substantial additional costs or expend substantial additional effort in dealing with an application, authorisation, filing or when conducting on-going supervision.",DPEL,,professional,ADGM,mixed_difficulty,43df6a6a-29a3-4dca-8203-57b209ce85cc,64a0df5a-e946-4496-9fd3-244340c2a080,,,187),1.2.4,,,,,HV0003,1171eaecafc1ce10,ObliQA-XRef_Out_Datasets/final_large_merged/ObliQA-XRef-ADGM-ALL/final.jsonl,yes,mostly_natural_rephrased,both_needed,
899e964325c9691b,"For a Customer that is not a Natural Person, if the Customer and the Third Party Provider have agreed in writing to change the time period for notifying unauthorised or incorrectly executed Payment Transactions, how does that interact with the Customer’s entitlement to redress when the Third Party Provider did not provide or make available information about the Third Party Transaction as required?","If the Customer is not a Natural Person, the Customer and the Third Party Provider can, by written agreement, set a different notification time period for unauthorised or incorrectly executed Payment Transactions for the purposes of the notification time period that would otherwise apply. [#SRC:10510c2c-99d3-4cba-bac5-61cda5d00d44] Separately, where the Third Party Provider has not provided or made available information about the Third Party Transaction in the required manner, the Customer remains entitled to redress even if the Customer did not notify the Third Party Provider within the notification time period that would otherwise be applicable. [#TGT:e0ee4cf0-d2ae-4d3b-8012-62c5be6043a7] Taken together, this means that a written agreement changing the notification time period does not remove the Customer’s ability to obtain redress in the specific circumstance where the Third Party Provider’s failure relates to providing or making available the required transaction information. [#SRC:10510c2c-99d3-4cba-bac5-61cda5d00d44] [#TGT:e0ee4cf0-d2ae-4d3b-8012-62c5be6043a7] In practice, the Customer’s entitlement to redress in that information-failure scenario applies even if the Customer misses the otherwise-applicable notification deadline, including where that deadline has been altered by written agreement for this type of Customer. [#SRC:10510c2c-99d3-4cba-bac5-61cda5d00d44] [#TGT:e0ee4cf0-d2ae-4d3b-8012-62c5be6043a7]","Where the Customer is not a Natural Person, the Customer and the Third Party Provider may agree in writing that the following Rules do not apply:
(a)	Rules 20.2.15 and 20.2.16 (charges for information);
(b)	Rule 20.7.3 and 20.7.4 (withdrawal of consent);
(c)	Rule 20.8.2 (revocation of a Payment Order);
(d)	Rules 20.10.1 and 20.10.2 (requests for refund);
(e)	Rule 20.11.1 (evidence on authentication and execution);
(f)	Rule 20.12.5 (liability for charges); and
the parties may agree that a different time period applies concerning unauthorised or incorrectly executed Payment Transactions for the purposes of Rule 20.10.1.","Where the Third Party Provider has failed to provide or make available information concerning the Third Party Transaction in accordance with Section 20.3, the Customer is entitled to redress even if the Customer has failed to notify the Third Party Provider within the time period set out in Rule 20.10.1.",DPEL,,professional,ADGM,mixed_difficulty,10510c2c-99d3-4cba-bac5-61cda5d00d44,e0ee4cf0-d2ae-4d3b-8012-62c5be6043a7,,,20.4.1,20.10.2,,,,,HV0004,899e964325c9691b,ObliQA-XRef_Out_Datasets/final_large_merged/ObliQA-XRef-ADGM-ALL/final.jsonl,yes,mostly_natural_rephrased,both_needed,
9d433957cee557b9,"When an Authorised Person wants to treat Exposures as collateralised using cash received under a CLN it issued, or using loans and Deposits of a Counterparty that are subject to an on balance sheet Netting agreement, what conditions must be satisfied before the Authorised Person can recognise the effects of CRM for that Collateral?","An Authorised Person may treat Exposures as collateralised only if the relevant CRM conditions are met, including where the collateral consists of cash received under a CLN issued by the Authorised Person or loans and Deposits of a Counterparty to or with the Authorised Person that are subject to an on balance sheet Netting agreement recognised for CRM purposes. [#SRC:558596ee-af40-4c07-8067-9c5c25eebaa5] Before recognising the effects of CRM of any such Collateral, the Authorised Person must ensure specific recognition requirements are satisfied. [#TGT:cb37e5c4-ed71-4523-8fb8-da4fbc7eecf1] These include having a legal mechanism that gives the Authorised Person timely rights to liquidate or take legal possession upon the Counterparty’s default/insolvency (and, if applicable, the custodian’s credit event), and taking all steps needed under applicable law to obtain and maintain an enforceable security interest (including registration where relevant) or to exercise netting/set-off rights for title transfer collateral. [#TGT:cb37e5c4-ed71-4523-8fb8-da4fbc7eecf1] The Authorised Person must also ensure there is no material positive correlation between Counterparty credit quality and Collateral value, exclude Securities issued by the Counterparty or any Closely Related Counterparty, implement procedures for timely liquidation that observe legal default conditions, and—if a custodian holds the Collateral—take reasonable steps to ensure segregation from the custodian’s own assets. [#TGT:cb37e5c4-ed71-4523-8fb8-da4fbc7eecf1]",An Authorised Person can only treat Exposures as collateralised provided the conditions of Rules 4.13.5 to 4.13.8 (relating to CRM) are met. Item (d) also includes cash received under a CLN issued by the Authorised Person and loans and Deposits of a Counterparty to or with the Authorised Person which are subject to an on balance sheet Netting agreement recognised under Section 4.13 (CRM).,"Requirements for Recognition of Collateral. An Authorised Person must ensure that the following requirements are complied with before it recognises the effects of CRM of any Collateral:
(a)	the legal mechanism by which Collateral is pledged, assigned or transferred must confer on the Authorised Person the right to liquidate or take legal possession of the Collateral, in a timely manner, in the event of the default, insolvency or bankruptcy (or one or more otherwise defined credit events set out in the transaction documentation) of the Counterparty (and, where applicable, of the custodian holding the Collateral);
(b)	the Authorised Person has taken all steps necessary to fulfil those requirements under the law applicable to the Authorised Person's interest in the Collateral for obtaining and maintaining an enforceable security interest by registering it with a registrar or for exercising a right to net or set off in relation to title transfer Collateral;
(c)	the credit quality of the Counterparty and the value of the Collateral do not have a material positive correlation;
(d)	Securities issued by the Counterparty or any Closely Related Counterparty are not eligible;
(e)	the Authorised Person has implemented procedures for the timely liquidation of Collateral to ensure that any legal conditions required for declaring default of Counterparty and liquidating the Collateral are observed, and that the Collateral can be liquidated promptly; and
(f)	where the Collateral is held by a custodian, the Authorised Person has taken reasonable steps to ensure that the custodian segregates the Collateral from its own assets.",DPEL,,professional,ADGM,mixed_difficulty,558596ee-af40-4c07-8067-9c5c25eebaa5,cb37e5c4-ed71-4523-8fb8-da4fbc7eecf1,,,APP4.A4.11.1.Guidance.2.,4.13.8,,,,,HV0005,9d433957cee557b9,ObliQA-XRef_Out_Datasets/final_large_merged/ObliQA-XRef-ADGM-ALL/final.jsonl,yes,mostly_natural_rephrased,both_needed,
8c6e94dd4640227e,"When an Authorised Person is considering a guarantee as credit risk mitigation for a credit risk exposure to a multilateral development bank, what conditions must be met for the guarantee to be eligible for recognition, and what risk weight must be applied to the exposure if the MDB is one of the qualifying institutions listed (for example, IBRD/IFC/MIGA within the World Bank Group)?","For a guarantee to be recognised as credit risk mitigation, the Authorised Person may only recognise its effects if the guarantor is within the permitted set of entities (including a central government or central bank, a PSE, qualifying banks and Securities firms, or another entity with an external credit assessment from a recognised credit rating agency mapping to Credit Quality Grade 3 or better). [#SRC:281505d3-a15a-449a-9095-dc247d0e2e5d] Separately, where the credit risk exposure is to a qualifying multilateral development bank in the specified list, the Authorised Person must apply a 0% risk weight to that credit risk exposure. [#TGT:aed2a764-3ad1-4646-bf24-f6416556ffb4] This means that, in the scenario described, the compliance analysis has two linked steps: first confirm the guarantor meets one of the eligibility categories for recognising the guarantee’s CRM effect; then, if the exposure is to a listed qualifying MDB (such as the World Bank Group entities IBRD, MIGA, and IFC), apply the mandated 0% risk weight to the exposure. [#SRC:281505d3-a15a-449a-9095-dc247d0e2e5d] [#TGT:aed2a764-3ad1-4646-bf24-f6416556ffb4]","An Authorised Person may recognise the effects of CRM of a guarantee only if it is provided by any of the following entities:
(a)	central government or central bank;
(b)	MDB referred to in Rule 4.12.8;
(c)	International Organisations referred to in Rule 4.12.9;
(d)	PSE;
(e)	banks and Securities firms which qualify for inclusion in bank asset class; or
(f)	any other entity that has an external credit assessment from a recognised credit rating agency that maps to a Credit Quality Grade 3 or better.","Multilateral development bank (MDB) asset class. An Authorised Person must apply a 0% risk weight to any CR Exposure to the qualifying MDBs set out below:
(a)	The World Bank Group comprised of the International Bank for Reconstruction and Development (IBRD), the Multilateral Investment Guarantee Agency (MIGA), and the International Finance Corporation (IFC);
(b)	The Asian Development Bank (ADB);
(c)	The African Development Bank (AfDB);
(d)	The European Bank for Reconstruction and Development (EBRD);
(e)	The Inter American Development Bank (IADB);
(f)	The European Investment Bank (EIB);
(g)	The European Investment Fund (EIF);
(h)	The Nordic Investment Bank (NIB);
(i)	The Caribbean Development Bank (CDB);
(j)	The Islamic Development Bank (IDB); and
(k)	The Council of Europe Development Bank (CEDB).",DPEL,,professional,ADGM,mixed_difficulty,281505d3-a15a-449a-9095-dc247d0e2e5d,aed2a764-3ad1-4646-bf24-f6416556ffb4,,,4.13.9.(1),4.12.8,,,,,HV0006,8c6e94dd4640227e,ObliQA-XRef_Out_Datasets/final_large_merged/ObliQA-XRef-ADGM-ALL/final.jsonl,yes,mostly_natural_rephrased,both_needed,
82d2843886eaf674,"When an annual designation fee is due partway through a calendar year, how should the payable amount be calculated and by when must the initial annual fee be paid to the Regulator?","If the annual designation fee becomes due during the calendar year, the amount payable is not the full-year amount; it is a portion calculated by reference to how many months remain until the end of that calendar year. [#SRC:94b3f85d-c033-41a3-a884-c873899c049f] In that same situation, the initial annual fee must still be paid in full (as calculated on that prorated basis) to the Regulator within twenty days from the date the fee becomes due. [#TGT:b8f50488-8fd2-4f32-a6c6-d841b3c60c37] Practically, this means you first determine the prorated portion by counting the months remaining to year-end, and then you ensure the resulting prorated amount is remitted to the Regulator no later than the twentieth day after the due date. [#SRC:94b3f85d-c033-41a3-a884-c873899c049f] [#TGT:b8f50488-8fd2-4f32-a6c6-d841b3c60c37] This timing-and-calculation approach applies specifically to the initial annual fee that is prorated for the remainder of the calendar year, distinguishing it from later annual fees that relate to a period commencing on 1 January. [#TGT:b8f50488-8fd2-4f32-a6c6-d841b3c60c37]","In accordance with Rule 1.2.2, for Rule 10.2.1(a) the portion due of the annual designation fee is to be based on the number of months remaining until the end of the calendar year.","In regard to fees payable on an annual basis pursuant to these Rules:
(a)	the initial annual fee must be paid in full to the Regulator within twenty days of the date on which the fee becomes due, prorated for the remainder of the calendar year; and
(b)	subsequent annual fees for the period commencing 1 January are payable in advance and must be paid in full to the Regulator on or before 31 January of the calendar year to which the fee relates.",DPEL,,professional,ADGM,mixed_difficulty,94b3f85d-c033-41a3-a884-c873899c049f,b8f50488-8fd2-4f32-a6c6-d841b3c60c37,,,10.2.1.Guidance,1.2.2,,,,,HV0007,82d2843886eaf674,ObliQA-XRef_Out_Datasets/final_large_merged/ObliQA-XRef-ADGM-ALL/final.jsonl,yes,mostly_natural_rephrased,both_needed,
536f2d2c37481d91,"When a PFP Operator publishes information for a PFP Prospect and later there is a material change, what must the PFP Operator do to update that published information and notify PFP Clients, and how does that interact with the PFP Operator’s record-keeping duties for disclosures and related transaction documentation?","A PFP Operator must treat a material change as triggering both an updating/notification obligation and a related retention obligation. Specifically, the PFP Operator must update the information it has published so that it reflects the material change, and it must also give PFP Clients notice of that material change within a reasonable timeframe after the change occurs. [#TGT:40149b11-dcb8-48a6-ab09-8d8c37923183] In parallel, the PFP Operator must maintain and keep records for at least six years that include all disclosures made under the same disclosure framework used for the published information, as well as all documentation exchanged between PFP Client(s), any Body Corporate established by the PFP Operator to facilitate a transaction, and the PFP Prospect. [#SRC:94d5a3fb-7438-42dd-8c48-70588f3d0dd7] This means that, when the published information is updated and clients are notified, the operator should ensure those disclosure-related materials and the associated communications/documentation connected to the PFP Prospect are retained for the minimum six-year period. [#SRC:94d5a3fb-7438-42dd-8c48-70588f3d0dd7] The retention duty also extends to keeping a record of the due diligence undertaken under the applicable due diligence requirement. [#SRC:94d5a3fb-7438-42dd-8c48-70588f3d0dd7]","A PFP Operator must, for a minimum of six years, maintain and keep a record of:
(a)	all disclosures made in accordance with Rules 18.5.1 and 18.5.2;
(b)	all documentation between PFP Client(s), any Body Corporate established by the PFP Operator to facilitate a transaction, and the PFP Prospect; and
(c)	the due diligence undertaken in accordance with Rule 18.4.1.",A PFP Operator must ensure that the information published in accordance with Rule 18.5.1 is updated to reflect material changes and notice of such material change is provided to PFP Clients within a reasonable timeframe following such change.,DPEL,,professional,ADGM,mixed_difficulty,94d5a3fb-7438-42dd-8c48-70588f3d0dd7,40149b11-dcb8-48a6-ab09-8d8c37923183,,,18.7.1,18.5.2,,,,,HV0008,536f2d2c37481d91,ObliQA-XRef_Out_Datasets/final_large_merged/ObliQA-XRef-ADGM-ALL/final.jsonl,yes,mostly_natural_rephrased,both_needed,
85c7a88a32028ce9,"How should an Authorised Person determine whether it falls within Category 2 or Category 3A when its Financial Services Permission includes Dealing in Investments as Principal and/or Dealing in Investments as Agent, including the case where principal dealing is only as a Matched Principal and the case where agent dealing is wholly incidental to Managing an Investment Fund or Managing Assets?","To classify the Authorised Person, first distinguish whether any permission to deal as principal is unrestricted or limited to matched-principal dealing, and then confirm whether any exclusion from other categories applies. If the Financial Services Permission authorises Providing Credit or Dealing in Investments as Principal other than as Matched Principal, and the dealing activities are not limited in scope as described, the Authorised Person is treated as Category 2 provided it also does not meet the criteria of Categories 1 or 5. [#SRC:6737c8c3-06cb-4da7-bbcd-9e8650ecf66f] In contrast, Category 3A applies where the permission covers Dealing in Investments as Principal only as a Matched Principal and/or Dealing in Investments as Agent, and the Authorised Person does not meet the criteria of Categories 1, 2 or 5. [#TGT:458af530-cdd6-42ca-a3ca-ef81822f63df] As an explicit linkage, even if the Authorised Person has permission for Dealing in Investments as Agent (a Category 3A-type activity), where it carries out that agent dealing wholly incidentally to Managing an Investment Fund or Managing Assets, it is regarded as falling within Category 3C rather than being treated solely by reference to the Category 3A permission description. [#SRC:6737c8c3-06cb-4da7-bbcd-9e8650ecf66f] Accordingly, matched-principal-only dealing supports Category 3A unless Category 3C treatment applies due to wholly incidental agent dealing, while non-matched-principal dealing supports Category 2 if the other stated conditions are met. [#SRC:6737c8c3-06cb-4da7-bbcd-9e8650ecf66f] [#TGT:458af530-cdd6-42ca-a3ca-ef81822f63df]","An Authorised Person is in Category 2 if:
(a)	its Financial Services Permission authorises it to carry on one or both of the Regulated Activities of Providing Credit or Dealing in Investments as Principal (not as Matched Principal);
(b)	its dealing activities are not limited in scope as provided in Rule 1.3.3(1)(a)(i); and
(c)	it does not meet the criteria of Categories 1 or 5.
Category 3A
Guidance
A Category 3A Authorised Person may be authorised to conduct other Regulated Activities, but it is the authorisation for Dealing in Investments as Agent and the absence of authorisation for the activities specified in Rules 1.3.1 and 1.3.2 that are determinative of its belonging to Category 3A. Provided that an Authorised Person carries out the Regulated Activity of Dealing in Investments as Agent in a manner that is wholly incidental to the activity of Managing an Investment Fund or Managing Assets, the Authorised Person shall be regarded as falling within Category 3C.","An Authorised Person is in Category 3A if:
(a)	its Financial Services Permission authorises it to carry on one or more of the Regulated Activities of:
(i)	Dealing in Investments as Principal (where it does so only as a Matched Principal); or
(ii)	Dealing in Investments as Agent; and
(b)	it does not meet the criteria of Categories 1, 2 or 5.",DPEL,,professional,ADGM,mixed_difficulty,6737c8c3-06cb-4da7-bbcd-9e8650ecf66f,458af530-cdd6-42ca-a3ca-ef81822f63df,,,1.3.2,1.3.3.(1),,,,,HV0009,85c7a88a32028ce9,ObliQA-XRef_Out_Datasets/final_large_merged/ObliQA-XRef-ADGM-ALL/final.jsonl,yes,mostly_natural_rephrased,both_needed,
40f73736e9dd62ec,"When a Recognised Investment Exchange uses a Price Reporting Agency for establishing prices of a Financial Instrument, what ongoing review arrangements must the Recognised Investment Exchange maintain, and what specific operational and governance features must the Price Reporting Agency continue to satisfy for that review to be meaningful?","A Recognised Investment Exchange must maintain arrangements that periodically reassess whether the Price Reporting Agency still satisfies the applicable requirements, rather than treating the agency’s status as a one-time determination. [#SRC:7728ff1d-b279-4806-b3fd-13f3e8a34e79] To make that ongoing review meaningful, the Recognised Investment Exchange’s review should be capable of checking that the Price Reporting Agency continues to meet the required features, including: having public, fair, and non-discriminatory procedures for establishing prices of a Financial Instrument; providing sufficient transparency about methodology, calculations, and inputs so users can understand how a benchmark or index is derived and its limitations; and, where appropriate, prioritising concluded transactions while taking measures to reduce selective reporting. [#TGT:8a81e6cb-f1f1-4988-af97-f966f288017a] The review should also cover whether the agency remains independent and reputable, maintains a sound corporate governance framework, has arrangements to prevent staff conflicts of interest that could materially harm the price establishment process, and operates adequate mechanisms to resolve complaints about its assessment process and methodology. [#TGT:8a81e6cb-f1f1-4988-af97-f966f288017a] In practice, the Recognised Investment Exchange’s arrangements must be set up to revisit these criteria regularly to confirm continued compliance over time. [#SRC:7728ff1d-b279-4806-b3fd-13f3e8a34e79]",A Recognised Investment Exchange must have arrangements in place to regularly review whether a Price Reporting Agency continues to meet the requirements of Rule 3.11.2.,"For the purposes of Rules 3.11.1 and 3.11.3, a Price Reporting Agency must:
(a)	have fair and non-discriminatory procedures for establishing prices of a Financial Instrument, which are made public;
(b)	demonstrate adequate and appropriate transparency over the methodology, calculation and inputs to allow users to understand how the benchmark or index is derived and its potential limitations;
(c)	where appropriate, give priority to concluded transactions in making assessments and adopt measures to minimise selective reporting;
(d)	be of good standing and repute as an independent and objective price reporting agency or index provider;
(e)	have a sound corporate governance framework;
(f)	have adequate arrangements to avoid its staff having any conflicts of interest where such conflicts are, or are likely to have, a material adverse impact on a price establishment process; and
(g)	adequate complaint resolution mechanisms to resolve any complaints about its assessment process and methodology.",DPEL,,professional,ADGM,mixed_difficulty,7728ff1d-b279-4806-b3fd-13f3e8a34e79,8a81e6cb-f1f1-4988-af97-f966f288017a,,,3.11.3,3.11.2,,,,,HV0010,40f73736e9dd62ec,ObliQA-XRef_Out_Datasets/final_large_merged/ObliQA-XRef-ADGM-ALL/final.jsonl,yes,mostly_natural_rephrased,both_needed,
6697fc0bf46b866e,How should an Authorised Person calculate the annual supervision fees payable to the Regulator when it both (i) operates as a Cell Company with multiple Cells and (ii) holds a Financial Services Permission to carry on Effecting Contracts of Insurance and/or Carrying Out Contracts of Insurance as a Captive Insurer or an Insurance Special Purpose Vehicle?,"An Authorised Person in this combined situation must treat the annual supervision fee as the sum of two distinct fee components that apply on different bases: one tied to operating as a Cell Company (including a per-Cell amount) and another tied to carrying on specified insurance activities as a Captive Insurer or an Insurance Special Purpose Vehicle. [#SRC:3256d044-7e1a-46ff-82d5-db50175eae7b] [#TGT:9240b52a-9167-41c8-a2aa-aba636e47579] First, if the Authorised Person operates as a Cell Company, it must pay an additional annual supervision fee of $8,000 for the Cell Company itself, plus $1,000 for each Cell it has. [#SRC:3256d044-7e1a-46ff-82d5-db50175eae7b] Second, if the Authorised Person has a Financial Services Permission to carry on either one or both of the Regulated Activities of Effecting Contracts of Insurance or Carrying Out Contracts of Insurance as a Captive Insurer or an Insurance Special Purpose Vehicle, it must pay an annual supervision fee of $5,000 covering either or both of those Regulated Activities. [#TGT:9240b52a-9167-41c8-a2aa-aba636e47579] Accordingly, the total annual supervision fees payable to the Regulator are calculated by adding the Cell Company amount ($8,000 + $1,000 per Cell) to the $5,000 amount applicable to the permitted captive/insurance special purpose vehicle activities. [#SRC:3256d044-7e1a-46ff-82d5-db50175eae7b] [#TGT:9240b52a-9167-41c8-a2aa-aba636e47579]","Cell Companies. An Authorised Person under Rule 3.11.2 or Rule 3.11.4 that operates as a Cell Company must pay to the Regulator an additional annual supervision fee of $8,000 for the Cell Company plus $1,000 for each Cell.","Captive Insurers and Insurance Special Purpose Vehicles. An Authorised Person with a Financial Services Permission to carry on either one or both of the Regulated Activities of Effecting Contracts of Insurance or Carrying Out Contracts of Insurance as a Captive Insurer or an Insurance Special Purpose Vehicle must pay to the Regulator an annual supervision fee of $5,000 for either or both Regulated Activities.",DPEL,,professional,ADGM,mixed_difficulty,3256d044-7e1a-46ff-82d5-db50175eae7b,9240b52a-9167-41c8-a2aa-aba636e47579,,,3.11.6,3.11.4,,,,,HV0011,6697fc0bf46b866e,ObliQA-XRef_Out_Datasets/final_large_merged/ObliQA-XRef-ADGM-ALL/final.jsonl,yes,mostly_natural_rephrased,both_needed,
88b9c6fa0ca55fb3,"If an Originator provides non-contractual support to a securitisation transaction in order to reduce investors’ potential or actual losses beyond what the transaction documents require, what compliance consequences and investor-facing disclosures apply, including how the Originator must treat the underlying Exposures and any gain on sale?","Providing non-contractual support to a securitisation transaction to reduce investors’ potential or actual losses beyond contractual obligations is prohibited conduct for an Originator (and also for a Sponsor). [#TGT:a7d00358-0608-4ba6-b012-36de1be9cc2f] Where the Originator nonetheless fails to comply with the relevant requirement in respect of the securitisation, the Originator must apply specific prudential and disclosure consequences tied to that implicit support. [#SRC:5443b1af-d668-49ad-8014-990d90fcba1c] In particular, the Originator must (i) include all underlying Exposures of the securitisation in its Credit RWA calculation as though the Exposures had not been securitised and remained on the balance sheet of the Authorised Person, (ii) refrain from recognising any gain on sale of assets to the securitisation, and (iii) disclose to investors both that the Authorised Person has provided non-contractual support and the regulatory capital impact of doing so. [#SRC:5443b1af-d668-49ad-8014-990d90fcba1c] These consequences operationalise the prohibition by removing capital and accounting benefits and ensuring investors are informed when implicit (non-contractual) support has been provided. [#TGT:a7d00358-0608-4ba6-b012-36de1be9cc2f]","Implicit Support. If an Originator fails to comply with Rule 4.14.15 in respect of a securitisation, it:
(a)	must include all the underlying Exposures of the securitisation in its calculation of Credit RWAs as if those Exposures had not been securitised and were on the balance sheet of the Authorised Person;
(b)	must not recognise any gain on sale of assets to the securitisation; and
(c)	must disclose to investors that the Authorised Person has provided non-contractual support and the regulatory capital impact of doing so.",Implicit Support. An Originator or a Sponsor of a securitisation must not provide Implicit Support to a securitisation transaction with a view to reducing potential or actual losses to investors outside of its contractual obligations;,DPEL,,professional,ADGM,mixed_difficulty,5443b1af-d668-49ad-8014-990d90fcba1c,a7d00358-0608-4ba6-b012-36de1be9cc2f,,,4.14.16,4.14.15,,,,,HV0012,88b9c6fa0ca55fb3,ObliQA-XRef_Out_Datasets/final_large_merged/ObliQA-XRef-ADGM-ALL/final.jsonl,yes,mostly_natural_rephrased,both_needed,
daa28727b917ba23,"If the Fund Manager identifies a material change, error, or omission after making the cross-border notification but before Promotion starts in a Host Jurisdiction, what notifications must be made and what regulatory measures may follow if that issue means the Fund Manager would no longer comply with applicable legislation (including these Rules) or the Regulator considers action necessary?","Between the cross-border notification and the start of Promotion in a Host Jurisdiction, once the Fund Manager becomes aware of a material change, error, or omission that is reasonably likely to matter to that notification, the Fund Manager must notify the Regulator in writing without delay. [#TGT:b27b7465-dcf2-43cf-a342-6f999ce5dadc] After receiving that notice, the Regulator is expected to promptly pass all relevant details of the material change, error, or omission to the relevant Host Regulator. [#TGT:b27b7465-dcf2-43cf-a342-6f999ce5dadc] In addition to this notification-and-forwarding process, if the material change, error, or omission results in the Fund Manager no longer complying with applicable legislation (including these Rules), or if the Regulator otherwise considers it necessary in the circumstances, the Regulator must take all due measures. [#SRC:9845037b-efae-4710-b7ca-81473eac1aee] Those measures can include, where necessary, de-registering the Public Fund from the Register of Passported Funds in accordance with these Rules. [#SRC:9845037b-efae-4710-b7ca-81473eac1aee] Accordingly, the Fund Manager’s immediate written notice during the pre-Promotion window can trigger both onward communication to the Host Regulator and potential escalated action up to de-registration if compliance is jeopardized or the Regulator deems it necessary. [#SRC:9845037b-efae-4710-b7ca-81473eac1aee] [#TGT:b27b7465-dcf2-43cf-a342-6f999ce5dadc]","If, as a result of any material change, error, or omission referred to in Rule 3.2.9, the Fund Manager will no longer comply with applicable legislation, including these Rules, or if the Regulator otherwise considers it necessary in the circumstances, the Regulator shall take all due measures, including, if necessary, the de-registration of the Public Fund from the Register of Passported Funds in accordance with these Rules.","If, at any time between the notification pursuant to Rule 3.2.2 and the commencement of Promotion in a Host Jurisdiction, the Fund Manager becomes aware of any material change, error, or omission reasonably likely to be relevant to such notification, the Fund Manager shall give written notice to the Regulator without delay.  The Regulator will promptly provide the relevant Host Regulator with all relevant details of the material change, error or omission.",DPEL,,professional,ADGM,mixed_difficulty,9845037b-efae-4710-b7ca-81473eac1aee,b27b7465-dcf2-43cf-a342-6f999ce5dadc,,,3.2.10,3.2.9,,,,,HV0013,daa28727b917ba23,ObliQA-XRef_Out_Datasets/final_large_merged/ObliQA-XRef-ADGM-ALL/final.jsonl,yes,mostly_natural_rephrased,both_needed,
254547bc372b5cb1,"When designing the strategy’s system for controlling Liquidity Risk, what capabilities and governance features must it include so that the Authorised Person can both implement the Liquidity Risk requirements and allow the Governing Body and senior management to oversee compliance with limits and operating procedures?","The strategy’s system for controlling Liquidity Risk must be constructed so it both supports implementation of the Liquidity Risk requirements and embeds governance oversight and control features within the Authorised Person’s Liquidity Risk framework. [#TGT:5c690bca-7ecd-4950-8e21-6c4cb9357647] In particular, the Authorised Person must ensure the system enables the Authorised Person’s Governing Body and senior management to review whether the Authorised Person is complying with the relevant limits and operating procedures, including limits set in accordance with the specified limits-setting requirement. [#SRC:844184dc-c876-465f-8cc6-61d7c4911988] The system must also include appropriate approval processes, limits, and other mechanisms that are designed to provide reasonable assurance that the Authorised Person’s Liquidity Risk management processes are followed in practice. [#SRC:844184dc-c876-465f-8cc6-61d7c4911988] Read together, this means the “system for controlling Liquidity Risk” that the strategy must include is not merely descriptive; it must be operationally capable of implementing the Liquidity Risk requirements while also providing structured oversight by the Governing Body and senior management and embedding approvals and control mechanisms to drive adherence to the Liquidity Risk management processes. [#TGT:5c690bca-7ecd-4950-8e21-6c4cb9357647] [#SRC:844184dc-c876-465f-8cc6-61d7c4911988]","Controlling Liquidity Risk. An Authorised Person must ensure that the system referred to in Rule 9.2.1(5):
(a)	enables the Authorised Person's Governing Body and senior management to review compliance with limits set in accordance with Rule 9.2.7 and operating procedures; and
(b)	has appropriate approval processes, limits and other mechanisms designed to provide reasonable assurance that the Authorised Person's Liquidity Risk management processes are adhered to.",The strategy must include a system for controlling Liquidity Risk which enables the Authorised Person to implement the requirements set out in Rule 9.2.6.,DPEL,,professional,ADGM,mixed_difficulty,844184dc-c876-465f-8cc6-61d7c4911988,5c690bca-7ecd-4950-8e21-6c4cb9357647,,,9.2.6,9.2.1.(5),,,,,HV0014,254547bc372b5cb1,ObliQA-XRef_Out_Datasets/final_large_merged/ObliQA-XRef-ADGM-ALL/final.jsonl,yes,mostly_natural_rephrased,source_only_sufficient,
355cf8097915d2c8,"Before an Authorised Person offers OTC Leveraged Products to a Retail Client (or advises or makes arrangements for them), what assessment must be completed and what risk-understanding conclusion must be reached, given the expectation that the Authorised Person considers the Retail Client’s understanding of risks and the potential magnitude of losses before establishing a business relationship?","Before offering OTC Leveraged Products to a Retail Client—or providing advice or making arrangements on the Retail Client’s behalf relating to those products—the Authorised Person must first complete an assessment that covers the Retail Client’s skill, experience, knowledge, financial resources, and risk tolerance. [#TGT:be7639eb-37d0-4a64-80e4-a7694dd68cc0] This product-related assessment must be completed in a way that allows the Authorised Person to reasonably conclude two outcomes: first, that the Retail Client has adequate experience and skill to understand the potential risk of loss involved in investing in OTC Leveraged Products; and second, that the Retail Client has liquid financial resources sufficient to absorb potential losses from trading in OTC Leveraged Products. [#TGT:be7639eb-37d0-4a64-80e4-a7694dd68cc0] In addition, before establishing a business relationship with a Retail Client, the Authorised Person is expected to consider whether the Retail Client demonstrates an understanding of the risks and the potential magnitude of losses to which they may be exposed. [#SRC:e79e3adf-b4c6-4c32-81c3-6440c56574a6] Practically, this means the pre-relationship consideration of risk and loss magnitude should align with, and be evidenced through, the OTC Leveraged Products assessment and its required reasonable conclusions on loss-risk understanding and loss-absorption capacity. [#SRC:e79e3adf-b4c6-4c32-81c3-6440c56574a6] [#TGT:be7639eb-37d0-4a64-80e4-a7694dd68cc0]","In order to satisfy the requirements imposed by Rule 23.5.1, the Authorised Person should, prior to establishing a business relationship with a Retail Client, consider whether such Retail Client demonstrates an understanding of the risks and potential magnitude of losses which they may be exposed to.","An Authorised Person must not offer OTC Leveraged Products to a Retail Client, or provide any advice or make arrangements on behalf of a Retail Client relating to OTC Leveraged Products unless it has first completed an assessment of the skill, experience, knowledge, financial resources and risk tolerance of the Retail Client, such that the Authorised Person may reasonably conclude that the Retail Client has:
(a)	adequate experience and skill enabling them to understand the potential risk of loss involved in investing in OTC Leveraged Products; and
(b)	liquid financial resources sufficient to absorb potential losses resulting from trading in OTC Leveraged Products.",DPEL,,professional,ADGM,mixed_difficulty,e79e3adf-b4c6-4c32-81c3-6440c56574a6,be7639eb-37d0-4a64-80e4-a7694dd68cc0,,,23.5.1.Guidance.1.,23.5.1,,,,,HV0015,355cf8097915d2c8,ObliQA-XRef_Out_Datasets/final_large_merged/ObliQA-XRef-ADGM-ALL/final.jsonl,yes,mostly_natural_rephrased,both_needed,
3e4ce8a5e87a8dc8,"For an Authorised Person that is a Domestic Firm and has been given an Individual Capital Requirement (ICR) arising from Pillar 2 adjustments, what capital resources must it maintain at all times, and how does that ICR-related obligation interact with the broader expectation to hold capital and liquid assets adequate to its business profile so liabilities can be met when due?","An Authorised Person that is a Domestic Firm and has an ICR must continuously meet two layers of capital-related expectations: (i) the baseline requirement to maintain Capital Resources calculated under the Rules, and (ii) an additional, ICR-specific requirement to hold extra Capital Resources of the specified type and amount. [#TGT:afbb9f59-2c26-47f6-ac38-4c36ecd40d56] [#SRC:776c1fbb-de2a-4be6-b5fe-7b1666b6abff] In practice, this means the firm must, at all times, have and maintain Capital Resources of the types and amounts required by the Rules and calculated in accordance with them. [#TGT:afbb9f59-2c26-47f6-ac38-4c36ecd40d56] If the Regulator has imposed an ICR due to Pillar 2 adjustments, the firm must also maintain, at all times, adequate Capital Resources of the type and amount specified for that ICR, on top of the Capital Resources it keeps to meet its capital adequacy requirements. [#SRC:776c1fbb-de2a-4be6-b5fe-7b1666b6abff] Alongside these capital-resource calculations and any ICR add-on, the Domestic Firm must also ensure it holds capital and liquid assets that are adequate for the nature, size, and complexity of its business so there is no significant risk it cannot meet liabilities as they fall due. [#TGT:afbb9f59-2c26-47f6-ac38-4c36ecd40d56]","Capital ratios. The Regulator may impose a further requirement, termed an Individual Capital Requirement (ICR), on an Authorised Person to hold additional Capital Resources arising from Pillar 2 adjustments (see Chapter 10).  Where the Authorised Person has an ICR imposed on it, then the Authorised Person must, at all times, maintain adequate Capital Resources of the type and amount as specified in Rule 10.6.1 in addition to those kept to meet the capital adequacy requirements outlined in Rule 3.2.4.","Domestic Firms – maintaining capital resources. An Authorised Person that is a Domestic Firm must:
(a)	have and maintain, at all times, Capital Resources of the types and amounts specified in, and calculated in accordance with, these Rules;
(b)	ensure that it maintains capital and liquid assets in addition to the requirement in (a) which are adequate in relation to the nature, size and complexity of its business to ensure that there is no significant risk that liabilities cannot be met as they fall due.",DPEL,,professional,ADGM,mixed_difficulty,776c1fbb-de2a-4be6-b5fe-7b1666b6abff,afbb9f59-2c26-47f6-ac38-4c36ecd40d56,,,3.16.3,3.2.4,,,,,HV0016,3e4ce8a5e87a8dc8,ObliQA-XRef_Out_Datasets/final_large_merged/ObliQA-XRef-ADGM-ALL/final.jsonl,yes,mostly_natural_rephrased,both_needed,
e734025e4ea2af5a,"When an Investigator needs help to advance an investigation—such as locating particular documents—what forms of assistance can the Investigator compel, and what procedural mechanism and scope of persons can be used to impose that requirement?","An Investigator can compel assistance that advances an investigation, including requiring a person to carry out a physical act or to provide information, and this can extend to help with locating specific documents. [#SRC:c595f91e-fb49-45e1-9dd6-7a847f54df95] To impose these requirements, the Investigator may use a written notice directed either to the Person Under Investigation or to any other person, even if that other person is not connected to the Person Under Investigation. [#TGT:ba9deea1-694d-4225-bf79-201773a12046] The written notice can require the recipient to provide assistance as the Investigator requires, which operationalizes the broader concept of compelled assistance (including physical acts and information provision) described for advancing the investigation. [#TGT:ba9deea1-694d-4225-bf79-201773a12046] [#SRC:c595f91e-fb49-45e1-9dd6-7a847f54df95] In the same notice, the Investigator may also require related cooperation steps that can support document-location efforts, such as attending an interview at a specified time and place to answer questions, producing specified documents (or documents of a specified description) at a specified time and place, providing information the Investigator requires, or permitting entry to business premises during normal business hours to inspect and copy documents. [#TGT:ba9deea1-694d-4225-bf79-201773a12046]","Power to require assistance. Section 206(1)(d) of FSMR empowers the Investigator to require a person to provide assistance in relation to an investigation, which may include requiring a person to do a physical act or provide information to advance an investigation. For example, an Investigator may require a person to assist in the location of specific documents.","The Investigator may, by written notice, require the person who is the Person Under Investigation or any other person (whether or not connected to the Person Under Investigation) to—
(a)	attend an interview at a Specified time and place and answer questions;
(b)	produce at a Specified time and place any Specified Documents or Documents of a Specified description;
(c)	provide such information as the Investigator may require;
(d)	provide such assistance as the Investigator may require; or
(e)	permit the Investigator to enter the business premises of such person during normal business hours for the purpose of inspecting and copying Documents on such premises.",DPEL,,professional,ADGM,mixed_difficulty,c595f91e-fb49-45e1-9dd6-7a847f54df95,ba9deea1-694d-4225-bf79-201773a12046,,,6.6.14,Part 17.206.(1),,,,,HV0017,e734025e4ea2af5a,ObliQA-XRef_Out_Datasets/final_large_merged/ObliQA-XRef-ADGM-ALL/final.jsonl,yes,mostly_natural_rephrased,both_needed,
15e360fdadbfb19a,"When a Petroleum Reporting Entity prepares a disclosure under the Petroleum Reporting Standard, what is expected for non-mandatory requirements, and what must the entity include in the disclosure if it does not follow a non-mandatory requirement?","A Petroleum Reporting Entity is expected to follow the Petroleum Reporting Standard not only for binding requirements but also, as a matter of regulatory expectation, for non-mandatory requirements; if it does not follow a non-mandatory requirement, it must transparently explain that departure within the disclosure itself. [#SRC:6604c89d-d79d-4a33-a77b-016d323c54fe] Specifically, the entity must fully comply with all binding requirements in the Petroleum Reporting Standard (including any tables, appendices, or schedules), and the Regulator expects full compliance with non-mandatory requirements unless the entity explains why it has not complied. [#SRC:6604c89d-d79d-4a33-a77b-016d323c54fe] Where the disclosure does not meet a non-mandatory requirement, the disclosure must include a statement describing both (i) how the disclosure differs from the relevant non-mandatory requirement and (ii) why it differs. [#TGT:47846bb1-a202-44c7-a042-465e8cf38dc6] This means the explanation is not optional or external: it must be included in the disclosure and must address the nature of the deviation and the rationale for it, tying the explanation to the relevant Petroleum Reporting Standard requirement that was not met. [#TGT:47846bb1-a202-44c7-a042-465e8cf38dc6]","Rule 12.2.1(1) requires a Petroleum Reporting Entity to fully comply with all binding requirements set out in the Petroleum Reporting Standard (including any tables, appendices or schedules).  The Regulator also expects a Petroleum Reporting Entity to fully comply with all non-mandatory requirements set out in the Petroleum Reporting Standard, or explain their non-compliance in accordance with Rule 12.2.2.","Requirements for all disclosures. Where a disclosure by a Petroleum Reporting Entity does not meet a non-mandatory requirement contained in the Petroleum Reporting Standard, the Petroleum Reporting Entity must provide in its disclosure a statement as to how and why its disclosure differs from the non-mandatory requirement contained in the relevant Petroleum Reporting Standard.",DPEL,,professional,ADGM,mixed_difficulty,6604c89d-d79d-4a33-a77b-016d323c54fe,47846bb1-a202-44c7-a042-465e8cf38dc6,,,12.2.2.Guidance,12.2.2,,,,,HV0018,15e360fdadbfb19a,ObliQA-XRef_Out_Datasets/final_large_merged/ObliQA-XRef-ADGM-ALL/final.jsonl,yes,mostly_natural_rephrased,both_needed,
13ac487b960f948c,"When an Authorised Person has a CR Exposure to a sovereign PSE in the UAE or another GCC jurisdiction, how should the firm determine whether it can treat that exposure like a central government/central bank exposure eligible for a 0% risk weight, including how the domestic-currency denomination and funding condition applies for individual Emirates of the UAE?","An Authorised Person should first determine whether the counterparty is a sovereign PSE in the UAE or GCC whose credit risk is comparable to its central government, because only those sovereign PSEs are eligible to be treated under the central-government-aligned approach described for such entities. [#SRC:81df5980-d082-4e25-8462-5f45542ef806] If that comparability condition is met, the next step is to assess whether the CR Exposure meets the denomination and funding requirements that govern when the central-government-aligned treatment applies; if it does, the sovereign PSE must be treated under the requirements applicable to that aligned treatment, and if it does not, it must instead be treated under the alternative treatment specified for cases where the denomination/funding condition is not satisfied. [#SRC:81df5980-d082-4e25-8462-5f45542ef806] In applying the denomination and funding condition, the firm may apply a 0% risk weight only where the CR Exposure is to a central government or central bank of a GCC member country and is both denominated and funded in that GCC member country’s domestic currency. [#TGT:0b38a29a-6f32-46d4-b772-9682878dc7c1] For exposures linked to the UAE, each individual Emirate must be treated as if it were its own GCC member country for purposes of assessing the domestic-currency denomination and funding requirement. [#TGT:0b38a29a-6f32-46d4-b772-9682878dc7c1]","In (1), sovereign PSEs in the UAE and GCC that exhibit Credit Risks comparable to their central government must be treated in accordance with the requirements set out in Rule 4.12.5, where they meet the requirements in relation to the denomination and funding of the CR Exposure, otherwise they must be treated in accordance with Rule 4.12.6(1).","Central government and central bank asset class. An Authorised Person may apply a 0% risk weight to any CR Exposure to central governments or central banks of a GCC member country which are denominated and funded in the domestic currency of the GCC member country. For the purposes of this Rule, individual Emirates of the UAE will be considered as though they were GCC member countries.",DPEL,,professional,ADGM,mixed_difficulty,81df5980-d082-4e25-8462-5f45542ef806,0b38a29a-6f32-46d4-b772-9682878dc7c1,,,4.12.6.(2),4.12.5,,,,,HV0019,13ac487b960f948c,ObliQA-XRef_Out_Datasets/final_large_merged/ObliQA-XRef-ADGM-ALL/final.jsonl,yes,mostly_natural_rephrased,both_needed,
3849236659a8948c,"How should a Listed Entity treat Securities for the purpose of counting against the relevant issuance limit when an earlier approval has lapsed, and what conditions would allow an unapproved issue (or agreement to issue) to be treated as approved—including any timing requirement for issuing the Securities after holders approve?","For counting against the relevant issuance limit, if an approval lapses, the Securities stop being treated as issued with that approval and must instead be counted within the pool of Relevant Issues for the limit calculation. [#SRC:76970fb8-577b-4a21-8996-4c8bde4ef2d2] Separately, an issue of, or agreement to issue, Securities that was made without approval can still be treated as having been made with approval for the same limit-calculation purpose, but only if all specified conditions are met. [#TGT:3f609871-988e-4e0c-921f-6e1066c630f6] Those conditions are: (i) the issue or agreement did not exceed the applicable limit; (ii) the holders of the Listed Entity’s Ordinary Securities subsequently approve the issue or agreement; and (iii) the Securities are issued within three months after the date of that subsequent approval. [#TGT:3f609871-988e-4e0c-921f-6e1066c630f6] In practical terms, a lapsed approval removes the ability to count the Securities as approved under that earlier approval, but a separate pathway exists to re-characterise an otherwise unapproved issue as approved—provided the limit was not exceeded and the post-approval issuance occurs within the three-month window. [#SRC:76970fb8-577b-4a21-8996-4c8bde4ef2d2] [#TGT:3f609871-988e-4e0c-921f-6e1066c630f6]","If the approval under Rule 9.7.5 lapses, the Securities can no longer be counted as Securities issued with approval under Rule 9.7.5 for the purposes of Rule 9.7.1 above, and instead are to be counted within Relevant Issues under Rule 9.7.1.","Subsequent approval of an issue of Securities. An issue of, or agreement to issue, Securities made without approval under Rule 9.7.1 is treated as having been made with approval for the purposes of Rule 9.7.1 if:
(1)	the issue or agreement did not exceed the limit in Rule 9.7.1;
(2)	the holders of the Listed Entity’s Ordinary Securities subsequently approve it; and
(3)	the Securities are issued within three months of the date of the approval.",DPEL,,professional,ADGM,mixed_difficulty,76970fb8-577b-4a21-8996-4c8bde4ef2d2,3f609871-988e-4e0c-921f-6e1066c630f6,,,9.7.6.Guidance,9.7.5,,,,,HV0020,3849236659a8948c,ObliQA-XRef_Out_Datasets/final_large_merged/ObliQA-XRef-ADGM-ALL/final.jsonl,yes,mostly_natural_rephrased,both_needed,
7f383e197ff6f4e8,"When the Regulator holds Confidential Information that qualifies as CRD Information because it was received from an EEA Competent Authority, under what circumstances may the Regulator disclose it to facilitate the carrying out of a Public Function, and to which types of recipients can such a disclosure be made?","Where the Confidential Information is CRD Information—i.e., Confidential Information the Regulator received or obtained from an EEA Competent Authority by virtue of the Capital Requirements Directive—the Regulator’s ability to disclose it must be assessed in that specific context. [#SRC:dc3f77a8-19bb-49c7-a2f8-f257642a9321] An EEA Competent Authority is a public authority or body officially recognised under national law in an EEA jurisdiction and empowered to supervise institutions within the supervisory system. [#SRC:dc3f77a8-19bb-49c7-a2f8-f257642a9321] For disclosure to facilitate the carrying out of a Public Function, the Regulator may disclose Confidential Information where the disclosure is permitted or required under an enactment applicable to the Regulator (including applicable international obligations), or where it is made in good faith for the Regulator’s functions/powers or to further its objectives. [#TGT:c143e65b-358c-4ac8-855c-546a1c91e4d1] In addition, such disclosure may be made to specified categories of recipients to assist them in performing their functions and powers, including the ADGM Registrar of Companies, a Non-Abu Dhabi Global Market Regulator, relevant governmental/regulatory authorities (including for AML/CTF/sanctions), self-regulatory bodies for financial services, and criminal or civil law enforcement agencies (inside or outside the U.A.E.). [#TGT:c143e65b-358c-4ac8-855c-546a1c91e4d1]","The exceptions under section 199(1) of FSMR. The provisions in section 199(2) relate specifically to Confidential Information originating in another governmental or regulatory authority, or Confidential Information that is CRD Information, and provide for and are consistent with the exchange of information and professional secrecy requirements in the European Union’s Capital Requirements Directive.  For the purposes of section 199(2):
(a)	‘CRD Information’ is defined as Confidential Information received or obtained by the Regulator from the EEA Competent Authority by virtue of the Capital Requirements Directive; and
(b)	‘EEA Competent Authority’ means a public authority or body officially recognised by national law of a jurisdiction within the EEA and empowered by that national law to supervise institutions as part of the supervisory system.","Subject to subsection (2), the Regulator may disclose Confidential Information for the purpose of facilitating the carrying out of a Public Function where such disclosure is—
(a)	permitted or required under any enactment applicable to the Regulator, including, for the avoidance of doubt, any applicable international obligations;
(b)	made to—
(i)	the ADGM Registrar of Companies;
(ii)	a Non-Abu Dhabi Global Market Regulator;
(iii)	a governmental or regulatory authority exercising powers and performing functions relating to anti-money laundering, counter terrorist financing or sanctions compliance, whether in the Abu Dhabi Global Market or otherwise;
(iv)	a self regulatory body or organisation exercising and performing powers and functions in relation to financial services, whether in the Abu Dhabi Global Market or otherwise;
(v)	a criminal law enforcement agency, whether in the U.A.E or otherwise, for the purpose of any criminal investigation or criminal proceedings; or
(vi)	a civil law enforcement agency or body, whether in the Abu Dhabi Global Market, U.A.E or otherwise;
for the purpose of assisting the performance by any such person of its functions and powers; or
(c)	made in good faith for the purposes of the exercise of the functions and powers of the Regulator or in order to further the Regulator's objectives.",DPEL,,professional,ADGM,mixed_difficulty,dc3f77a8-19bb-49c7-a2f8-f257642a9321,c143e65b-358c-4ac8-855c-546a1c91e4d1,,,3.3.3,Part 16.199.(1),,,,,HV0021,7f383e197ff6f4e8,ObliQA-XRef_Out_Datasets/final_large_merged/ObliQA-XRef-ADGM-ALL/final.jsonl,yes,mostly_natural_rephrased,both_needed,
8619993885d71df5,"For an Authorised Person conducting Investment Business, which reconciliation and verification outputs must be captured for inclusion in the Resolution Pack, and what minimum frequencies apply to those underlying reconciliations and counts when Client Accounts are held with Third Party Agents and when Safe Custody Assets are involved?","An Authorised Person conducting Investment Business must ensure its Resolution Pack includes the most recent reconciliations relating to both Client Money and Client Investments, and those “most recent” items should be supported by the periodic reconciliation and counting processes required for Third Party Agent-held Client Accounts and Safe Custody Assets. [#SRC:803ff2b9-9528-459a-b9d2-45066785e9f5] In practice, this means the Resolution Pack should contain the latest completed reconciliation outputs for Client Money and Client Investments, reflecting the firm’s current position at the time the pack is assembled. [#SRC:803ff2b9-9528-459a-b9d2-45066785e9f5] To keep those reconciliation records current, the Authorised Person must operate (and therefore be able to evidence) at least the following minimum cycles: [#TGT:99a621ce-b3ab-4dbc-a9c7-eac1065776e6] - At least monthly, reconcile its records of Client Accounts held with Third Party Agents against the monthly statements received from those Third Party Agents. [#TGT:99a621ce-b3ab-4dbc-a9c7-eac1065776e6] - At least every six months, physically count all Safe Custody Assets held by the Authorised Person or its Nominee Company and reconcile that count to the Authorised Person’s records. [#TGT:99a621ce-b3ab-4dbc-a9c7-eac1065776e6] - At least every six months, reconcile individual Client ledger balances to the Authorised Person’s records of Safe Custody Assets balances held in Client Accounts. [#TGT:99a621ce-b3ab-4dbc-a9c7-eac1065776e6] Accordingly, the Resolution Pack’s reconciliation records should be the latest results produced by these required reconciliation/count routines. [#SRC:803ff2b9-9528-459a-b9d2-45066785e9f5]","The following records must be included in the Resolution Pack of an Authorised Person conducting Investment Business:
(a)	Rules ‎2.7.1 and ‎3.7.1(d) (records of Client classification and Client agreements);
(b)	Rules 14.6.2 and ‎15.4.3 (master lists of all Client Accounts in relation to Client Money and Client investments);
(c)	Rule ‎15.4.4 and Rule ‎15.4.5 (adequate records and Client's written permission re use of Client Investments);
(d)	Rules 14.7.1 and 14.7.4 (assessment of appropriateness of Third-Party Agent and acknowledgement by Third-Party agent in respect of Client Money); and
(e)	Rule ‎15.5.1 and 15.6.1 (assessment of appropriateness of Third Party Agent and acknowledgement by Third-Party Agent in respect of Client Investments); and
(f)	Rule 14.11.1 and ‎15.9.1 (most recent reconciliations of Client Money and Client Investments).","An Authorised Person must:
(a)	at least every calendar month, reconcile its records of Client Accounts held with Third Party Agents with monthly statements received from those Third Party Agents;
(b)	at least every six months, count all Safe Custody Assets physically held by the Authorised Person, or its Nominee Company, and reconcile the result of that count to the records of the Authorised Person; and
(c)	at least every six months, reconcile individual Client ledger balances with the Authorised Person's records of Safe Custody Assets balances held in Client Accounts.",DPEL,,professional,ADGM,mixed_difficulty,803ff2b9-9528-459a-b9d2-45066785e9f5,99a621ce-b3ab-4dbc-a9c7-eac1065776e6,,,16.4.1,15.9.1,,,,,HV0022,8619993885d71df5,ObliQA-XRef_Out_Datasets/final_large_merged/ObliQA-XRef-ADGM-ALL/final.jsonl,yes,mostly_natural_rephrased,both_needed,
0f560fde86dc4a4e,"When an Investigator needs access to a person’s business premises to inspect and copy documents, how can the Investigator compel entry through written notice, and what are the notice expectations regarding whether advance warning must be given (including when it may be appropriate not to give prior notice)?","An Investigator can compel access to business premises for inspection and copying of documents by issuing a written notice requiring the relevant person to permit entry to that person’s business premises during normal business hours for that purpose. [#TGT:ba9deea1-694d-4225-bf79-201773a12046] The written notice power is not limited to the Person Under Investigation; it can be directed to the Person Under Investigation or to any other person, whether or not connected to the Person Under Investigation, so long as the notice requires permission for entry to that person’s business premises. [#TGT:ba9deea1-694d-4225-bf79-201773a12046] Separately, where the Investigator exercises the power to enter business premises, the Investigator will give written notice of exercising that power, but the Investigator is not required to provide that notice in advance of the entry. [#SRC:36b4de81-9f09-4450-8fef-1fa5c5094980] In deciding whether to give prior notice of an inspection, the Investigator may consider circumstances where advance warning could prejudice the investigation; in such cases, the Investigator may consider it appropriate not to provide prior notice even though written notice of the exercise of the power is given. [#SRC:36b4de81-9f09-4450-8fef-1fa5c5094980]","Power to enter premises and inspect and copy documents . The Investigator will give written notice of the exercise of the power to enter business premises under section 206(1)(e) of FSMR. However, there is no requirement for an Investigator to give notice of the exercise of this power in advance. There may be circumstances when the Investigator considers it appropriate not to provide prior notice of an inspection, for example where the provision of prior notice may prejudice the investigation.","The Investigator may, by written notice, require the person who is the Person Under Investigation or any other person (whether or not connected to the Person Under Investigation) to—
(a)	attend an interview at a Specified time and place and answer questions;
(b)	produce at a Specified time and place any Specified Documents or Documents of a Specified description;
(c)	provide such information as the Investigator may require;
(d)	provide such assistance as the Investigator may require; or
(e)	permit the Investigator to enter the business premises of such person during normal business hours for the purpose of inspecting and copying Documents on such premises.",DPEL,,professional,ADGM,mixed_difficulty,36b4de81-9f09-4450-8fef-1fa5c5094980,ba9deea1-694d-4225-bf79-201773a12046,,,6.6.17,Part 17.206.(1),,,,,HV0023,0f560fde86dc4a4e,ObliQA-XRef_Out_Datasets/final_large_merged/ObliQA-XRef-ADGM-ALL/final.jsonl,yes,mostly_natural_rephrased,both_needed,
40961a2f7908a524,"When an Issuer wants a proposed Digital Security to be treated as a Security through the Regulator’s ability to deem an investment that is not a Security to be a Security, what information and documentation must the Issuer provide, and how does the Regulator’s review differ between a situation requiring an Approved Prospectus and an Exempt Offer (including what the review is not intended to do)?","If an Issuer seeks to have a proposed Digital Security treated as a Security through the Regulator’s discretion to deem an investment that is not a Security to be a Security (potentially on terms and conditions set by the Regulator), the Issuer should be prepared to provide information demonstrating that the proposed Digital Security meets the requirements of a Security. [#TGT:95497208-1e94-4b51-8ff3-d9e77f64177c] [#SRC:a8ffa89d-5c3e-41da-8f68-4b1795a0d986] In practice, the FSRA expects the Issuer to submit whatever information the FSRA requires to support that determination, focused on showing the Digital Security satisfies the applicable characteristics of a Security. [#SRC:a8ffa89d-5c3e-41da-8f68-4b1795a0d986] Where the circumstances require submission of an Approved Prospectus, the FSRA will rely on the documentation provided in that approval process as the basis for deciding whether to deem the Digital Security to be a Security. [#SRC:a8ffa89d-5c3e-41da-8f68-4b1795a0d986] Where the circumstances relate to an Exempt Offer, the FSRA will instead review the Exempt Offer documentation to enable it to make the deeming determination. [#SRC:a8ffa89d-5c3e-41da-8f68-4b1795a0d986] However, in the Exempt Offer context, the FSRA’s review is expressly not conducted to approve the Exempt Offer itself, even though the Regulator may attach terms and conditions to its deeming decision. [#SRC:a8ffa89d-5c3e-41da-8f68-4b1795a0d986] [#TGT:95497208-1e94-4b51-8ff3-d9e77f64177c]","REGULATORY TREATMENT OF DIGITAL SECURITIES
To use its powers under Section 58(2)(b), the FSRA expects that an Issuer will provide to it such information as is required to demonstrate that the proposed Digital Security meets the requirements of a “Security” (as defined in FSMR). In circumstances:

a)	requiring the submission of an Approved Prospectus to the FSRA, the FSRA will use the documentation submitted as part of this approval process to determine whether it will deem a Digital Security a Security under Section 58(2)(b) of FSMR; or

b)	relating to an Exempt Offer, the FSRA will review the Exempt Offer documentation for the purposes of being able to make a determination under Section 58(2)(b).  The FSRA’s review will not be for the purposes of approving the Exempt Offer itself.","Without limiting the generality of its powers, the Regulator may, by written notice—
(a)	exclude the application of any requirements; or
(b)	deem any investment which is not a Security to be a Security for the purposes of these Regulations and the Rules made under these Regulations;
subject to such terms and conditions as it may consider appropriate.",DPEL,,professional,ADGM,mixed_difficulty,a8ffa89d-5c3e-41da-8f68-4b1795a0d986,95497208-1e94-4b51-8ff3-d9e77f64177c,,,16),Part 6.Chapter 1.58.(2),,,,,HV0024,40961a2f7908a524,ObliQA-XRef_Out_Datasets/final_large_merged/ObliQA-XRef-ADGM-ALL/final.jsonl,yes,some_copied_acceptable,source_only_sufficient,
12a98ee480c6eb4d,"For a Listed Entity that qualifies for admission to the Official List and has an acceptable profitability or revenue track record (or substantial tangible assets with readily ascertainable value), how does the Regulator’s decision affect whether the APP 7 restriction categories apply, and which parties are within scope of the application provision when Securities are (or will be) treated as Restricted Securities?","Where a Listed Entity meets one of the stated admission-quality conditions (qualification for admission, an acceptable profitability or revenue track record, or substantial tangible assets with readily ascertainable value), the default position is that the specified APP 7 restriction categories are disapplied for that Listed Entity unless the Regulator decides otherwise. [#TGT:044c2eb2-828b-42a2-8b05-68613aed8eac] This means the Regulator retains discretion to re-impose those restriction categories even when the Listed Entity satisfies one of the conditions. [#TGT:044c2eb2-828b-42a2-8b05-68613aed8eac] In parallel, the application provision identifies who is covered when dealing with Securities that are, or will be, Restricted Securities: it applies to an Applicant for admission of Securities to the Official List, a relevant Listed Entity, and any Person who holds or will hold Securities that are Restricted Securities under APP 7 or that the Regulator has deemed to be Restricted Securities by notice to the relevant Applicant or Listed Entity. [#SRC:13cf0ba8-adc8-450e-bee1-619794cc9131] Accordingly, even if the Listed Entity benefits from the default disapplication of certain restriction categories, the scope of who is captured by the application provision still turns on whether the Securities are treated as Restricted Securities under APP 7 or by the Regulator’s notice. [#SRC:13cf0ba8-adc8-450e-bee1-619794cc9131]","Application. This section applies, subject to Rule 9.6.2, to:
(1)	an Applicant for admission of Securities to the Official List;
(2)	a relevant Listed Entity; and
(3)	any Person that holds, or will hold, Securities that are Restricted Securities in accordance with APP 7 or which the Regulator has deemed to be Restricted Securities by giving notice to the relevant Applicant or Listed Entity.","Entry into Restriction Agreements and Application of Restriction. Unless the Regulator decides otherwise, the restrictions in categories 1, 2, 3, 4, 7, 8 and 9 of APP 7 do not apply in relation to a Listed Entity that:
(1)	qualifies for admission to the Official List pursuant to Rule 2.3.15;
(2)	has a track record of profitability or revenue acceptable to the Regulator; or
(3)	in the opinion of the Regulator, has tangible assets with a readily ascertainable value which constitute a substantial proportion of the total value of its assets.",DPEL,,professional,ADGM,mixed_difficulty,13cf0ba8-adc8-450e-bee1-619794cc9131,044c2eb2-828b-42a2-8b05-68613aed8eac,,,9.6.1,9.6.2,,,,,HV0025,12a98ee480c6eb4d,ObliQA-XRef_Out_Datasets/final_large_merged/ObliQA-XRef-ADGM-ALL/final.jsonl,yes,mostly_natural_rephrased,both_needed,
b071d6d7145fe585,"When an Authorised Person wants to start offering Clients a Virtual Asset that was not originally approved in its application, what must it submit to the FSRA for approval, and how will the FSRA assess whether that Virtual Asset can be treated as an Accepted Virtual Asset for that Authorised Person?","An Authorised Person that intends to use a Virtual Asset in addition to the Accepted Virtual Asset(s) originally approved for it must obtain the FSRA’s approval before it offers that Virtual Asset to Clients. [#SRC:ee620070-0c48-454c-9530-0b3abf34c142] The approval request must be made in writing and include relevant information about the proposed use of the Virtual Asset, including the controls the Authorised Person has in place (or proposes to implement) to manage risks specific to that Virtual Asset. [#SRC:ee620070-0c48-454c-9530-0b3abf34c142] In assessing suitability, the FSRA will consider whether the proposed Virtual Asset meets the requirements to be an Accepted Virtual Asset, and an Accepted Virtual Asset status is demonstrated by, and applies to, that individual Authorised Person only (i.e., it is not automatically transferable across Authorised Persons). [#TGT:480fd476-0932-4064-b15a-5e2299439911] The FSRA’s assessment may take into account factors it considers relevant, including (at the date of the Guidance) maturity, security, traceability/monitoring, exchange connectivity, the type of distributed ledger used, innovation/efficiency, and practical application/functionality. [#TGT:480fd476-0932-4064-b15a-5e2299439911] The FSRA will then notify the Authorised Person of its determination. [#SRC:ee620070-0c48-454c-9530-0b3abf34c142]","REGULATORY REQUIREMENTS FOR AUTHORISED PERSONS ENGAGED IN REGULATED ACTIVITIES IN RELATION TO VIRTUAL ASSETS
Accepted Virtual Assets
An Authorised Person wishing to use a Virtual Asset(s) additional to the Accepted Virtual Asset(s) originally approved as part of its application process, must first seek the FSRA’s approval before offering it to Clients.  This application should be made in writing and include all relevant information relating to the use of the Virtual Asset, including the relevant controls the Authorised Person has in place (or if not already in place, that it proposes to implement), in order to manage any risks specific to the Virtual Asset.  In forming a view on the suitability of the proposed Virtual Asset(s), the FSRA will take into account whether the proposed Virtual Asset meets the requirements to be an Accepted Virtual Asset, as set out in COBS Rule 17.2.2 and paragraph 25 of this Guidance.  The FSRA will notify the Authorised Person of its determination.","REGULATORY REQUIREMENTS FOR AUTHORISED PERSONS ENGAGED IN REGULATED ACTIVITIES IN RELATION TO VIRTUAL ASSETS
Accepted Virtual Assets
A Virtual Asset that meets the FSRA’s requirements, as demonstrated by an individual Authorised Person, will constitute an Accepted Virtual Asset for that individual Authorised Person only. COBS Rule 17.2.2 states that for the purpose of determining whether, in its opinion, a Virtual Asset meets the requirements of being an Accepted Virtual Asset, the FSRA will consider those factors it considers relevant, which at the date of this Guidance include seven key factors as set out below:

a)	Maturity: the sufficiency, depth and breadth of Client demand, the proportion of the Virtual Asset that is in free float, and the controls/processes to manage volatility of a particular Virtual Asset;

b)	Security: consideration of whether a specific Virtual Asset is able to withstand, adapt, respond to, and improve on its specific risks and vulnerabilities, including relevant factors/risks relating to the on-boarding or use of new Virtual Assets (including size, testing, maturity, and ability to allow the appropriate safeguarding of secure private keys);

c)	Traceability / monitoring: whether Authorised Persons are able to demonstrate the origin and destination of the specific Virtual Asset, if the Virtual Asset enables the identification of counterparties to each transaction, and if on-chain transactions in the Virtual Asset can be adequately monitored;

d)	Exchange connectivity: whether there are (other) exchanges that support the Virtual Asset; the jurisdictions of these exchanges and whether these exchanges are suitably regulated;

e)	Type of Distributed Ledger (DLT): whether there are issues relating to the security and/or usability of a DLT used for the purposes of a Virtual Asset; whether the Virtual Asset leverages an existing DLT for network and other synergies; whether a new DLT has been demonstrably stress tested;

f)	Innovation / efficiency: whether, for example, the Virtual Asset helps to solve a fundamental problem, addresses an unmet market need or creates value for network participants; and

g)	Practical application/functionality: whether the Virtual Asset possesses real world, quantifiable, functionality.",DPEL,,professional,ADGM,hard_enriched,ee620070-0c48-454c-9530-0b3abf34c142,480fd476-0932-4064-b15a-5e2299439911,,,29),25),,,,,HV0026,b071d6d7145fe585,ObliQA-XRef_Out_Datasets/final_large_merged/ObliQA-XRef-ADGM-ALL/final.jsonl,yes,mostly_natural_rephrased,both_needed,
ca7b40ed628e7309,"If a Reporting Entity has missed a required disclosure or the Regulator thinks there is (or could be) a false market in a Listed Entity’s Securities, what can the Regulator tell the Reporting Entity to do, and what extra ongoing duties can it add when it believes this is in the interests of the Abu Dhabi Global Market?","In these situations, the Regulator can use its direction power to require both immediate disclosure-related action and, in the right circumstances, additional ongoing duties. If a Reporting Entity fails to meet an obligation to disclose information under the applicable framework, the Regulator may issue a written notice directing the Reporting Entity to disclose specified information and to take any other steps the Regulator considers appropriate. [#SRC:f416d7fa-af65-48d6-a16f-ed11a6daadac] The Regulator may also do this to correct or prevent a false market where it considers there is or is likely to be a false market in a Listed Entity’s Securities. [#SRC:f416d7fa-af65-48d6-a16f-ed11a6daadac] In addition, when the Regulator is satisfied that acting is in the interests of the Abu Dhabi Global Market, it may direct the Reporting Entity to disclose specified information to the market or take other steps, on terms and conditions the Regulator sets. [#TGT:5ed7d470-9d48-4676-936b-d27b5c945a94] Under that same “interests of the Abu Dhabi Global Market” basis, the Regulator may also impose extra continuing obligations on the Reporting Entity, again on terms and conditions it determines. [#TGT:5ed7d470-9d48-4676-936b-d27b5c945a94]","The Regulator may, pursuant to its power under section 84 of the FSMR, issue a written notice directing a Reporting Entity (a ""Direction Notice"") to disclose specified information and to take any other steps as the Regulator considers appropriate in the following circumstances:
(a)	where a Reporting Entity fails to comply with an obligation to Disclose any information under the FSMR and these Rules;
(b)	to correct or prevent a false market if the Regulator considers that there is or is likely to be a false market in a Listed Entity's Securities;","Miscellaneous . Regulator's powers of Direction
The Regulator may, if it is satisfied that it is in the interests of the Abu Dhabi Global Market to do so—
(a)	direct a Reporting Entity to disclose specified information to the market or take such other steps as the Regulator considers appropriate; or
(b)	impose on a Reporting Entity any additional continuing obligations;
on such terms and conditions as determined by the Regulator.",DPEL,,basic,ADGM,hard_enriched,f416d7fa-af65-48d6-a16f-ed11a6daadac,5ed7d470-9d48-4676-936b-d27b5c945a94,,,7.5.1.(1),Part 6.Chapter 2.84.,,,,,HV0027,ca7b40ed628e7309,ObliQA-XRef_Out_Datasets/final_large_merged/ObliQA-XRef-ADGM-ALL/final.jsonl,yes,mostly_natural_rephrased,both_needed,
ffac0015010636bf,"If a Reporting Entity plans to publish a financial report on a set date, can it always wait until that date to share information, or does it sometimes need to disclose sooner because continuous disclosure works together with financial reporting and other disclosure documents like prospectus offers and bidders/targets statements?","It cannot assume it can always wait. Continuous disclosure is designed to work closely with periodic/financial reporting and also alongside wider general disclosure obligations (including prospectus offer documents and bidders’ and targets’ statements), so it may require earlier disclosure than the planned release date of a financial report. [#TGT:05f69230-1c8e-4359-98fe-2f92e40b5e8f] As a general position, the Listing Authority does not usually expect a Reporting Entity to disclose information before the scheduled publication date for the relevant type of document, but only if the required conditions are satisfied (all limbs are met) or if the Listing Authority does not consider early disclosure necessary to prevent a false market. [#SRC:e8a0c0b9-00fb-491e-988e-ef77853ed914] Even when a scheduled financial disclosure is being prepared, there are situations where Inside Information is discovered during that preparation; in those cases, the Inside Information should be disclosed immediately rather than being held back until the report is released. [#SRC:e8a0c0b9-00fb-491e-988e-ef77853ed914] So the practical test is whether the conditions for waiting are met and whether any Inside Information arises that triggers immediate disclosure, despite the existence of a planned reporting timetable within the broader disclosure framework. [#TGT:05f69230-1c8e-4359-98fe-2f92e40b5e8f]","HOW DOES RULE 7.2.1 INTERACT WITH OTHER DISCLOSURE OBLIGATIONS?
The Listing Authority does not generally expect a Reporting Entity to Disclose information in a document included in paragraph 117 above ahead of the scheduled release date for that document,  provided that all of the limbs in Rule 7.2.2 are met or that the Listing Authority does not consider that a Disclosure is required under Rule 7.5.1(b) to prevent a false market.  There will be cases, however, where in the course of preparing, for example, a financial disclosure required under chapter 10 of the Rules, Inside Information may come to light that ought to immediately Disclosed under Rule 7.2.1.","HOW DOES RULE 7.2.1 INTERACT WITH OTHER DISCLOSURE OBLIGATIONS?
The continuous disclosure obligations in Rule 7.2.1 also, importantly, operate closely with the:

a)	periodic/financial disclosure obligations set out in chapter 10 of the Rules; and

b)	the general disclosure obligations under FSMR, ADGM Commercial Laws (for Listed Entities incorporated in ADGM) and international commercial and corporate laws (for Listed Entities that are not incorporated in ADGM), including Prospectus Offer documents, bidders and targets statements, etc.",DPEL,,basic,ADGM,hard_enriched,e8a0c0b9-00fb-491e-988e-ef77853ed914,05f69230-1c8e-4359-98fe-2f92e40b5e8f,,,119),117),,,,,HV0028,ffac0015010636bf,ObliQA-XRef_Out_Datasets/final_large_merged/ObliQA-XRef-ADGM-ALL/final.jsonl,yes,mostly_natural_rephrased,both_needed,
d873949d0426272b,"When a Mining Reporting Entity is preparing forecast financial information and that forecast is derived from a Production Target, how should it determine whether it must also provide disclosures about Ore Reserves—particularly where Ore Reserve estimates are being disclosed for the first time or have materially changed since the last disclosure—and what specific forecast-related items must be included in the disclosure package?","A Mining Reporting Entity preparing forecast financial information derived from a Production Target must include a defined set of forecast-related disclosures, and it should also assess whether its disclosure package triggers additional Ore Reserve disclosure obligations where Ore Reserve estimates are being disclosed for the first time or have materially changed since last disclosure. [#SRC:2c78a258-d9f2-4150-9d2c-ba681d8f9489] [#TGT:d23b7b81-8547-4159-a807-ea5be75b41b2] For the forecast financial information disclosure itself, the Mining Reporting Entity must cover the assumptions used to determine that forecast by: (i) stating all material economic assumptions employed; (ii) if it considers those material economic assumptions commercially sensitive, stating that they are commercially sensitive and explaining the methodology used to determine them; and (iii) stating all other material assumptions utilised. [#SRC:2c78a258-d9f2-4150-9d2c-ba681d8f9489] It must also disclose the Production Target from which the forecast financial information is derived, and include all information that is required to be included with that Production Target. [#SRC:2c78a258-d9f2-4150-9d2c-ba681d8f9489] Separately, if in the same disclosure context the Mining Reporting Entity is disclosing estimates of Ore Reserves (Probable Ore Reserves or Proved Ore Reserves) for the first time, or those estimates have materially changed since they were last disclosed, it must disclose the information required for such Ore Reserve disclosures. [#TGT:d23b7b81-8547-4159-a807-ea5be75b41b2]","A Mining Reporting Entity’s disclosure pursuant to Rule 11.9.1 must include:
(1)	in relation to the assumptions used to determine the forecast financial information:
(a)	all material economic assumptions employed;
(b)	if the Mining Reporting Entity considers the material economic assumptions to be commercially sensitive, a statement to that effect and an explanation of the methodology used to determine the material economic assumptions; and
Guidance
A Mining Reporting Entity that considers certain information relating to the material economic assumptions to be commercially sensitive should refer to paragraphs 47-54 of the Guidance on Mining and paragraphs 127 and 128 of the Guidance on Continuous Disclosure.
(c)	all other material assumptions utilised.
(2)	the Production Target from which the forecast financial information is derived (including all the information contained in Rule 11.8.3).","ORE RESERVES . Rule 11.6 requires a Mining Reporting Entity that is disclosing estimates of Ore Reserves (being Probable Ore Reserves or Proved Ore Reserves) for the first time, or that have materially changed from when they were last disclosed, to disclose certain information.",DPEL,,professional,ADGM,hard_enriched,2c78a258-d9f2-4150-9d2c-ba681d8f9489,d23b7b81-8547-4159-a807-ea5be75b41b2,,,11.9.2,47),,,,,HV0029,d873949d0426272b,ObliQA-XRef_Out_Datasets/final_large_merged/ObliQA-XRef-ADGM-ALL/final.jsonl,yes,mostly_natural_rephrased,both_needed,
f88ceff7304b0880,"When a Third Party Provider intends to change information that the Governing Contract is required to include (such as the maximum time taken for the Third Party Services to be provided or the agreed means of communication for notifications), what advance notice must be given to the Customer, and how does any written agreement between the parties affect what information is treated as contractually required in the first place?","If a Third Party Provider proposes to change either the existing terms of the Governing Contract or any of the contract information that is required to be included, the Third Party Provider must give the Customer the proposed changes no later than two months before the date the changes are intended to take effect. [#SRC:29dd8b53-d149-4830-a218-06218e05b53f] The scope of “required” contract information is determined by what the Governing Contract must contain unless the Third Party Provider and the Customer have otherwise agreed in writing; absent such a written agreement, the contract must include specified items such as the maximum time taken for the Third Party Services to be provided and the agreed means of communication for transmitting information or notifications (including any technical requirements). [#TGT:c00769cc-c353-4c08-86ed-2b5baae1cc49] Accordingly, where the parties have not agreed otherwise in writing, changes to those mandated items (e.g., maximum service time or communication means) fall within the category of changes that must be provided to the Customer at least two months in advance of entry into force. [#SRC:29dd8b53-d149-4830-a218-06218e05b53f] Where the parties have agreed otherwise in writing, that agreement affects which items are treated as contractually required content, but any proposed changes to the existing contract terms still trigger the same two-month advance provision requirement. [#SRC:29dd8b53-d149-4830-a218-06218e05b53f] [#TGT:c00769cc-c353-4c08-86ed-2b5baae1cc49]","Changes in contractual information. Subject to Rule 20.2.7, any proposed changes to:
(a)	the existing terms of the Governing Contract; or
(b)	the information specified in Rule 20.2.2,
must be provided by the Third Party Provider to the Customer no later than two months before the date on which they are to take effect.","Unless otherwise agreed in writing between a Third Party Provider and their Customer, the Governing Contract between the Third Party Provider and their Customers must contain the following information –
(a)	about the Third Party Provider:
(i)	the name of the Third Party Provider;
(ii)	the address and contact details of the Third Party Provider’s office in ADGM;
(iii)	the name of the Regulator of the Third Party Provider, and details of the Third Party Provider’s Financial Service Permission;
(b)	about the Third Party Services:
(i)	a description of the main characteristics of the Third Party Services to be provided;
(ii)	the information or unique identifier that must be provided by the Customer in order for a Third Party Transaction to occur;
(iii)	the form and procedure for giving consent to a Third Party Transaction;
(iv)	the time of receipt of a Third Party Transaction;
(v)	the maximum time taken for the Third Party Services to be provided; and
(vi)	any limits for the use of the Third Party Services;
(c)	about charges and exchange rates:
(i)	details of all charges payable by the Customer to the Third Party Provider, including those connected to  information which is provided or made available and, where applicable, a breakdown of the amounts of all charges;
(ii)	where relevant, details of the exchange rates to be applied or, if Reference Exchange Rates are to be used, the method of calculating the relevant date for determining such Reference Exchange Rates;
(iii)	where relevant and if agreed, the application of changes in Reference Exchange Rates and information requirements relating to any such changes;
(d)	about communication:
(i)	the means of communication agreed between the parties for the transmission of information or notifications including, where relevant, any technical requirements for the Customer’s equipment and software for receipt of the information or notifications;
(ii)	the manner in which and frequency with which information under this Chapter is to be provided or made available;
(iii)	what information relating to the Customer will be transferred to the Customer’s Financial Institution as part of a Third Party Transaction;
(iv)	the Customer’s right to receive the revised terms of the Governing Contract and any other information in accordance with Rule 20.2.5;
(e)	about safeguards and corrective measures:
(i)	how and within what period of time the Customer must notify the Third Party Provider of any unauthorised or incorrectly executed Third Party Transaction;
(ii)	the secure procedure by which the Third Party Provider will contact the Customer in the event of suspected or actual fraud or security threats;
(iii)	where relevant, the conditions under which the Third Party Provider proposes to reserve the right to stop or prevent a Third Party Transaction from being executed;
(iv)	the Customer’s liability under Rule 20.12.6 including details of any limits on such liability;
(v)	the Third Party Provider’s liability for unauthorised Third Party Transactions under Rule 20.12.5;
(vi)	the conditions for the payment of any refund to the Customer under this Chapter
(f)	about changes to and termination of the contractual arrangement:
(i)	where relevant, the proposed terms under which the Customer will be deemed to have accepted changes to the Governing Contract in accordance with Rule 20.2.6, unless they notify the Third Party Provider that they do not accept such changes before the proposed date of their entry into force;
(ii)	the duration of the Governing Contract;
(iii)	where relevant, the right of the Customer to terminate the Governing Contract and any agreements relating to termination in accordance with Rule 20.2.6.
(g)	about redress:
(i)	any contractual clauses on the law applicable to the Governing Contract and the competent courts; and
(ii)	the availability of any alternative dispute resolution procedures, if applicable, for the Customer and the methods for having access to them.",DPEL,,professional,ADGM,hard_enriched,29dd8b53-d149-4830-a218-06218e05b53f,c00769cc-c353-4c08-86ed-2b5baae1cc49,,,20.2.5,20.2.2,,,,,HV0030,f88ceff7304b0880,ObliQA-XRef_Out_Datasets/final_large_merged/ObliQA-XRef-ADGM-ALL/final.jsonl,yes,mostly_natural_rephrased,both_needed,
a4585a8d826562fd,"When a Mining Reporting Entity makes a disclosure that includes Exploration Targets, Exploration Results, or estimates of Mineral Resources or Ore Reserves, what must it state about the named Competent Person(s), and what consent must be obtained before making the disclosure regarding how the information and supporting material are presented?","A Mining Reporting Entity’s disclosure that includes Exploration Targets, Exploration Results, or estimates of Mineral Resources or Ore Reserves must both (i) include specific statements about the Competent Person(s) and (ii) be supported by prior written consent from the Competent Person(s) regarding presentation. The disclosure must state that it is based on, and fairly represents, information and supporting documentation prepared by a named Competent Person(s). [#TGT:1133d38f-067b-4a0a-b325-b5c7b2512203] It must also state, for each Competent Person, whether the person is an employee of the Mining Reporting Entity or a Related Party; if the person is not, the disclosure must give the name of the Competent Person’s employer. [#TGT:1133d38f-067b-4a0a-b325-b5c7b2512203] In addition, it must state the name of the professional organisation of which each Competent Person is a member. [#TGT:1133d38f-067b-4a0a-b325-b5c7b2512203] Separately, the disclosure may only be made if the Competent Person(s) have provided prior written consent covering the form and context in which the relevant Exploration Results or estimates of Mineral Resources or Ore Reserves (as applicable), together with the supporting information, are presented in that disclosure. [#SRC:c30b96f6-edff-4774-b206-68a20fe00ba8]","Competent Persons . The disclosure made in Rule 11.12.1 must only be made with the prior written consent of the Competent Person(s) as to the form and context in which the Exploration Results or estimates of Mineral Resources or Ore Reserves, as the case may be, and the supporting information is presented in the disclosure.","Competent Persons . Subject to Rule 11.12.2, a disclosure by a Mining Reporting Entity containing Exploration Targets, Exploration Results, or estimates of Mineral Resources or Ore Reserves must state:
(1)	that it is based on, and fairly represents, information and supporting documentation prepared by a named Competent Person(s);
(2)	in each case, whether the Competent Person is an employee of the Mining Reporting Entity or a Related Party and, if not, the name of the Competent Person’s employer; and
(3)	in each case, the name of the professional organisation of which each Competent Person is a member.",DPEL,,professional,ADGM,hard_enriched,c30b96f6-edff-4774-b206-68a20fe00ba8,1133d38f-067b-4a0a-b325-b5c7b2512203,,,11.12.2,11.12.1,,,,,HV0031,a4585a8d826562fd,ObliQA-XRef_Out_Datasets/final_large_merged/ObliQA-XRef-ADGM-ALL/final.jsonl,yes,mostly_natural_rephrased,both_needed,
5e189c20eddb5245,"When an Authorised Person conducting Investment Business plans to use a Client’s Safe Custody Assets for its own purpose or for another Person, what specific permissions, controls, and record materials must it have in place, and what must be included in its Resolution Pack to evidence compliance?","An Authorised Person that intends to use a Client’s Safe Custody Assets for its own purpose or for another Person must operate controls that secure the Client’s position and must be able to evidence those controls through the records it keeps and includes in its Resolution Pack. [#TGT:82a79456-0923-48f0-8521-17b43774e939] In practice, this means it must (i) obtain the Client’s prior written permission before using the Safe Custody Assets, (ii) maintain adequate records to protect Safe Custody Assets when they are used as collateral or for stock lending, (iii) ensure equivalent assets are returned to the Client Account, and (iv) ensure the Client is not disadvantaged by the use. [#TGT:82a79456-0923-48f0-8521-17b43774e939] To support resolution readiness, the Resolution Pack must include records demonstrating that adequate records are kept and that the Client provided written permission for the use of Client Investments (which aligns with the need for prior written permission and recordkeeping when using Safe Custody Assets). [#SRC:803ff2b9-9528-459a-b9d2-45066785e9f5] The Resolution Pack must also include master lists of all Client Accounts in relation to Client investments, which supports demonstrating where equivalent assets should be returned (i.e., to the relevant Client Account). [#SRC:803ff2b9-9528-459a-b9d2-45066785e9f5]","The following records must be included in the Resolution Pack of an Authorised Person conducting Investment Business:
(a)	Rules ‎2.7.1 and ‎3.7.1(d) (records of Client classification and Client agreements);
(b)	Rules 14.6.2 and ‎15.4.3 (master lists of all Client Accounts in relation to Client Money and Client investments);
(c)	Rule ‎15.4.4 and Rule ‎15.4.5 (adequate records and Client's written permission re use of Client Investments);
(d)	Rules 14.7.1 and 14.7.4 (assessment of appropriateness of Third-Party Agent and acknowledgement by Third-Party agent in respect of Client Money); and
(e)	Rule ‎15.5.1 and 15.6.1 (assessment of appropriateness of Third Party Agent and acknowledgement by Third-Party Agent in respect of Client Investments); and
(f)	Rule 14.11.1 and ‎15.9.1 (most recent reconciliations of Client Money and Client Investments).","An Authorised Person which intends to use a Client's Safe Custody Assets for its own purpose or that of another Person, must have systems and controls in place to ensure that:
(a)	it obtains that Client's prior written permission;
(b)	adequate records are maintained to protect Safe Custody Assets which are applied as collateral or used for stock lending activities;
(c)	the equivalent assets are returned to the Client Account of the Client; and
(d)	the Client is not disadvantaged by the use of his Safe Custody Assets.",DPEL,,professional,ADGM,hard_enriched,803ff2b9-9528-459a-b9d2-45066785e9f5,82a79456-0923-48f0-8521-17b43774e939,,,16.4.1,15.4.5,,,,,HV0032,5e189c20eddb5245,ObliQA-XRef_Out_Datasets/final_large_merged/ObliQA-XRef-ADGM-ALL/final.jsonl,yes,mostly_natural_rephrased,both_needed,
e73ddfe65d568d47,"When an Authorised Person is calculating RWA for a credit risk exposure and has taken eligible financial Collateral for that exposure while using the FCSA, how must it reflect the collateral in the exposure amount and the applicable risk weights so that the resulting RWA amounts can be aggregated across all credit risk exposures?","In calculating RWA for a CR Exposure, an Authorised Person must determine an Exposure value (E) for each on- and off-balance sheet asset while recognising the effects of any applicable CRM, then apply the RWA formula and aggregate the resulting RWA amounts across all CR Exposures. [#TGT:5c99a9f9-b97d-4f45-834a-0562c13cf368] Where the CRM is eligible financial Collateral taken for a CR Exposure and the Authorised Person is using the FCSA, the collateral effect is recognised by splitting the CR Exposure into two components based on the latest fair value of the eligible financial Collateral. [#SRC:b8497e84-dc88-476d-8393-4486a082c9bb] Specifically, the collateralised portion must have E set equal to the latest fair value of the eligible financial Collateral, and the uncollateralised portion must have E set equal to the original E of the CR Exposure minus that latest fair value. [#SRC:b8497e84-dc88-476d-8393-4486a082c9bb] The applicable risk weight (CRW) used in the RWA calculation must then differ by portion: apply the CRW applicable to the eligible financial Collateral to the collateralised portion as if the Authorised Person had a direct exposure to the collateral, and apply the CRW applicable to the obligor to the uncollateralised portion. [#SRC:b8497e84-dc88-476d-8393-4486a082c9bb] Each portion’s RWA is calculated using RWA(CR) = E × CRW and then included in the sum of RWA amounts across all CR Exposures. [#TGT:5c99a9f9-b97d-4f45-834a-0562c13cf368]","Recognition of eligible financial Collateral under FCSA. Subject to A4.3.28, an Authorised Person which has taken eligible financial Collateral for a CR Exposure and is using the FCSA may recognise the effects of CRM of the eligible financial Collateral as follows:
(a) 	break down the Exposure into -
(i) 	a collateralised portion with E equal to the latest fair value of the eligible financial Collateral; and
(ii) 	an uncollateralised portion with E equal to the E of the CR Exposure less the latest fair value of the eligible financial Collateral;
and
(b) 	for the purposes of calculating the Credit RWA amount pursuant to Rule 4.8.3, use:
(i) 	for the collateralised portion, the CRW that is applicable to the eligible financial Collateral as though the Authorised Person had a direct Exposure to that Collateral; and
(ii) 	for the uncollateralised portion, the CRW that is applicable to the obligor.","Calculation of RWA for Credit Risk Exposures (CR Exposures). To calculate its RWA for CR Exposures, an Authorised Person must:
(a)	calculate the value of the Exposure (represented as ""E"") for every on-balance sheet and every off balance sheet asset in accordance with the Exposure measurement methodology specified in Section 4.9 and recognising the effects of any applicable CRM;
(b)	categorise that Exposure in accordance with the Rules in Section 4.10;
(c)	allocate an applicable Credit Quality Grade and risk weight for that Exposure in accordance with the Rules in Section 4.11 and 4.12;
(d)	calculate the RWA amount for that Exposure using the following formula: RWA(CR) = E x CRW
where:
(i)	""RWA(CR)"" refers to the risk weighted Exposure amount for that CR Exposure;
(ii)	""E"" refers to the Exposure value or amount, for that CR Exposure; and
(iii)	""CRW"" refers to the applicable risk weight for that CR Exposure determined in accordance with (b) and (c); and
(e)	add the RWA amounts calculated in accordance with (d) for all its CR Exposures.",DPEL,,professional,ADGM,hard_enriched,b8497e84-dc88-476d-8393-4486a082c9bb,5c99a9f9-b97d-4f45-834a-0562c13cf368,,,APP4.A4.3.27,4.8.3,,,,,HV0033,e73ddfe65d568d47,ObliQA-XRef_Out_Datasets/final_large_merged/ObliQA-XRef-ADGM-ALL/final.jsonl,yes,mostly_natural_rephrased,source_only_sufficient,
6dd44380bd02e3d2,"When an Authorised Person holds CET1 Capital instruments issued by a Relevant Entity, how should it determine whether the holding is treated as a “significant investment” for CET1 deduction purposes, and how does that determination affect which category of CET1 deduction applies to those holdings?","For CET1 deduction purposes, an Authorised Person must first classify its holdings of CET1 Capital instruments issued by a Relevant Entity by determining whether the holding is a “significant investment,” because the CET1 deduction category differs depending on that classification. [#TGT:07c1a4bc-0a9d-43a2-83b5-5e59dc8356dd] A holding must be treated as a significant investment if any of these conditions is met: (i) the Authorised Person owns more than 10% of the CET1 Capital instruments issued by the Relevant Entity; (ii) the Authorised Person has Close Links with the Relevant Entity and owns its CET1 Capital instruments; or (iii) the Authorised Person owns the Relevant Entity’s CET1 Capital instruments and the Relevant Entity is not included in consolidation under the specified consolidation framework but is included in the same accounting consolidation as the Authorised Person for IFRS financial reporting. [#SRC:c9f19d0b-d036-4cfe-88ba-7e2528a70c11] If the holding is not a significant investment, the Authorised Person must deduct the applicable amount for holdings in Relevant Entities where it does not have a significant investment. [#TGT:07c1a4bc-0a9d-43a2-83b5-5e59dc8356dd] If the holding is a significant investment, the Authorised Person must instead deduct the applicable amount for holdings in Relevant Entities where it has a significant investment. [#TGT:07c1a4bc-0a9d-43a2-83b5-5e59dc8356dd]","CET1 Deductions - significant investment in a Relevant Entity. For the purposes of Rules 3.10.7(g) and (h), an investment by an Authorised Person in a Relevant Entity must be considered as a significant investment if it meets any of the following conditions:
(a)	the Authorised Person owns more than 10% of the CET1 Capital instruments issued by that entity;
(b)	the Authorised Person has Close Links with that entity and owns CET1 Capital instruments issued by that entity; or
(c)	the Authorised Person owns CET1 Capital instruments issued by that entity and the entity is not included in consolidation pursuant to Chapter 8 of these Rules but is included in the same accounting consolidation as the Authorised Person for the purposes of financial reporting under the International Financial Reporting Standards.","CET1 Deductions. Subject to the following Rules in this Section, an Authorised Person must deduct the following from the calculation of its CET1 Capital:
(a)	losses for the current financial year;
(b)	goodwill and other intangible assets as defined in the International Financial Reporting Standards;
(c)	deferred tax assets that rely on future profitability;
(d)	defined benefit pension fund assets of the Authorised Person;
(e)	the applicable amount, by reference to Rule 3.10.12, of direct and indirect holdings by an Authorised Person of its own CET1 Capital instruments including instruments under which an Authorised Person is under an actual or contingent obligation to effect a purchase by virtue of an existing contractual obligation;
(f)	holdings of the CET1 Capital instruments of Relevant Entities where those entities have a reciprocal cross holding with the Authorised Person which have the effect of artificially inflating the Capital Resources of the Authorised Person;
(g)	the applicable amount, by reference to Rule 3.10.13, of direct and indirect holdings by the Authorised Person of CET1 Capital instruments of Relevant Entities where the Authorised Person does not have a significant investment in those entities;
(h)	the applicable amount, by reference to Rules 3.10.13 and 3.10.18, of direct and indirect holdings by the Authorised Person of the CET1 Capital instruments of Relevant Entities where the Authorised Person has a significant investment in those entities;
(i)	the amount of items required to be deducted from the calculation of AT1 Capital in accordance with the relevant Rules under Section 3.11, that exceeds the AT1 Capital of the Authorised Person;
(j)	the Exposure amount of the following items which qualify for a risk weight of 1000%, where the Authorised Person deducts that Exposure amount from CET1 Capital as an alternative to applying a risk weight of 1000%:
(i)	Qualifying Holdings;
(ii)	securitisation positions, in accordance with relevant Rules in Chapter 4; and
(iii)	free deliveries, in accordance with the Rules in Section A4.6; and
(k)	for an Authorised Person which is a Partnership, the amount by which the aggregate of the amounts withdrawn by its Partners or members exceeds the profits of that firm.",DPEL,,professional,ADGM,hard_enriched,c9f19d0b-d036-4cfe-88ba-7e2528a70c11,07c1a4bc-0a9d-43a2-83b5-5e59dc8356dd,,,3.10.13,3.10.7,,,,,HV0034,6dd44380bd02e3d2,ObliQA-XRef_Out_Datasets/final_large_merged/ObliQA-XRef-ADGM-ALL/final.jsonl,yes,mostly_natural_rephrased,both_needed,
bdea13e6e19e957a,"When an Authorised Person is determining whether an Exposure should receive the 150% risk weight for being associated with particularly high risks, which types of Investments must be treated as particularly high risk, including any categories that could cover Shares or Units in a Collective Investment Fund?","An Authorised Person must assign a 150% risk weight to any Exposure that is associated with particularly high risks, and this includes Exposures that take the form of Shares or Units in a Collective Investment Fund. [#TGT:6b31cf25-ad2a-492c-87c2-2a78a8158162] To determine what counts as an Exposure associated with particularly high risks, the relevant high-risk set must include Investments in venture capital funds and Investments in hedge funds or alternative investment funds (expressly including Private Equity Funds). [#SRC:634d7695-6188-4cdb-bdd8-bc789adba744] It must also include speculative immovable property financing. [#SRC:634d7695-6188-4cdb-bdd8-bc789adba744] In addition, any Investments that the Regulator declares to be high risk for this purpose must be treated as particularly high risk. [#SRC:634d7695-6188-4cdb-bdd8-bc789adba744] Accordingly, if an Exposure consists of Shares or Units in a Collective Investment Fund and that fund is, for example, a venture capital fund, a hedge fund, or another alternative investment fund such as a Private Equity Fund, the Exposure falls within the particularly high-risk category and must receive the 150% risk weight. [#TGT:6b31cf25-ad2a-492c-87c2-2a78a8158162] [#SRC:634d7695-6188-4cdb-bdd8-bc789adba744]","Exposures associated with particularly high risks. For the purposes of Rule 4.12.19, Exposures with particularly high risks must include the following Investments:
(a)	Investments in venture capital funds;
(b)	Investments in hedge funds or alternative investment funds, including but not limited to Private Equity Funds;
(c)	speculative immovable property financing; and
(d)	any Investments declared by the Regulator to constitute high risk for the purpose of this Rule.","Exposures associated with particularly high risks. An Authorised Person must apply a risk weight of 150% to Exposures, including Exposures in the form of Shares or Units in a Collective Investment Fund, that are associated with particularly high risks.",DPEL,,professional,ADGM,hard_enriched,634d7695-6188-4cdb-bdd8-bc789adba744,6b31cf25-ad2a-492c-87c2-2a78a8158162,,,4.12.20,4.12.19,,,,,HV0035,bdea13e6e19e957a,ObliQA-XRef_Out_Datasets/final_large_merged/ObliQA-XRef-ADGM-ALL/final.jsonl,yes,mostly_natural_rephrased,both_needed,
16c3ee4a53c1a9f6,"How should an Authorised Person determine whether it falls in Category 2 or Category 3C when its Financial Services Permission includes Providing Credit or Dealing in Investments as Principal (not as Matched Principal), and it also carries on Managing Assets with some Dealing in Investments as Agent that is wholly incidental to Managing Assets?","The categorisation turns on which Regulated Activities are authorised and, for dealing, whether the dealing is principal credit/dealing versus agent dealing that is only incidental to Managing Assets. [#SRC:9e40803b-0d63-4d4f-a8ff-0a644cc795d0] If the Financial Services Permission authorises Providing Credit or Dealing in Investments as Principal (not as Matched Principal), and the dealing activities are not limited in scope in the specified way, the Authorised Person is treated as Category 2 provided it also does not meet the criteria of Categories 1 or 5. [#TGT:6737c8c3-06cb-4da7-bbcd-9e8650ecf66f] Separately, an Authorised Person is in Category 3C where its permission authorises one or more activities such as Managing Assets (among other listed activities) and it does not meet the criteria of Categories 1, 2, 3A, 3B or 5. [#SRC:9e40803b-0d63-4d4f-a8ff-0a644cc795d0] The explicit linkage is that Dealing in Investments as Agent does not, by itself, move the firm out of Category 3C when it is carried out wholly incidentally to Managing Assets (or Managing an Investment Fund); in that case it is regarded as falling within Category 3C. [#TGT:6737c8c3-06cb-4da7-bbcd-9e8650ecf66f] Therefore, if the firm meets the Category 2 conditions, Category 3C is excluded; if it does not meet Category 2 and it is authorised for Managing Assets (with only incidental agent dealing), it can fall within Category 3C. [#SRC:9e40803b-0d63-4d4f-a8ff-0a644cc795d0] [#TGT:6737c8c3-06cb-4da7-bbcd-9e8650ecf66f]","Category 3C
An Authorised Person is in Category 3C if:
(a)	its Financial Services Permission authorises it to carry on one or more of the Regulated Activities of:
(i)	Managing Assets;
(ii)	Managing a Collective Investment Fund;
(iii)	Providing Custody (where it does so other than for a Fund);
(iv)	Managing a Profit Sharing Investment Account which is a PSIAr;
(v)	Providing Trust Services (where it is acting as trustee in respect of at least one express trust); or
(vi)	Providing Money Services; and
(b)	it does not meet the criteria of Categories 1, 2, 3A, 3B or 5.
Guidance
A Category 3C Authorised Person may be authorised to conduct other Regulated Activities, but it is the authorisation for Managing Assets, Managing a Collective Investment Fund, Providing Custody other than for a Fund or Managing a Profit Sharing Investment Account which is a PSIAr, Providing Trust Services (where it is acting as a trustee in respect of at least one express trust) or Providing Money Services, and the absence of authorisation for the activities specified in Rules 1.3.1, 1.3.2, 1.3.3 and 1.3.4 that are determinative of its belonging to Category 3C.","An Authorised Person is in Category 2 if:
(a)	its Financial Services Permission authorises it to carry on one or both of the Regulated Activities of Providing Credit or Dealing in Investments as Principal (not as Matched Principal);
(b)	its dealing activities are not limited in scope as provided in Rule 1.3.3(1)(a)(i); and
(c)	it does not meet the criteria of Categories 1 or 5.
Category 3A
Guidance
A Category 3A Authorised Person may be authorised to conduct other Regulated Activities, but it is the authorisation for Dealing in Investments as Agent and the absence of authorisation for the activities specified in Rules 1.3.1 and 1.3.2 that are determinative of its belonging to Category 3A. Provided that an Authorised Person carries out the Regulated Activity of Dealing in Investments as Agent in a manner that is wholly incidental to the activity of Managing an Investment Fund or Managing Assets, the Authorised Person shall be regarded as falling within Category 3C.",DPEL,,professional,ADGM,hard_enriched,9e40803b-0d63-4d4f-a8ff-0a644cc795d0,6737c8c3-06cb-4da7-bbcd-9e8650ecf66f,,,1.3.5,1.3.2,,,,,HV0036,16c3ee4a53c1a9f6,ObliQA-XRef_Out_Datasets/final_large_merged/ObliQA-XRef-ADGM-ALL/final.jsonl,yes,mostly_natural_rephrased,both_needed,
05dc10be3be6dd06,"If an MTF lists Securities from an Exempt Offer that was made on its own platform, what controls does it need to (1) keep trading limited to the right people and (2) help users get the key information, and how does that fit with the Recognised Investment Exchange’s general rules about fair trading and access to disclosed information?","The MTF needs controls that (a) enforce who can trade the Exempt Offer Securities and (b) make sure users can access the relevant information, and those controls should operate within Business Rules designed to support fair, orderly and efficient trading and information access. [#SRC:a957fb33-ff4c-44e4-a2e7-06196b2f6b66] Specifically, the MTF must have effective systems and controls to admit only Securities from Exempt Offers made on its own platform and to identify the Persons to whom the Exempt Offer was made, so it can correctly gate trading access. [#SRC:a957fb33-ff4c-44e4-a2e7-06196b2f6b66] It must also restrict trading in those Securities to no more than 200 Persons who are not Professional Clients, meaning the venue should be able to monitor and enforce that numerical limit in its trading permissions. [#SRC:a957fb33-ff4c-44e4-a2e7-06196b2f6b66] On the information side, it must allow users of its market to obtain Inside Information relevant to the Securities, including the applicable Offer documents. [#SRC:a957fb33-ff4c-44e4-a2e7-06196b2f6b66] These Exempt Offer controls should align with the Recognised Investment Exchange’s broader admission framework requiring clear and transparent Business Rules, trading that is fair, orderly and efficient, and arrangements to help users access information made public under disclosure obligations. [#TGT:a9b5571e-2d13-4cb0-b58f-9c251e6bd215]","An MTF that admits to trading Securities that are offered by way of an Exempt Offer under MKT Rule 4.3.1 (13) shall ensure that it has effective systems and controls in place to:
(a)	admit only Securities of such Exempt Offers that are made on its own platform;
(b)	identify those Persons to whom the Exempt Offer was made;
(c)	restrict trading of the Securities, to no more than 200 Persons who are not Professional Clients;
(d)	comply with MIR rule 3.9.1 (Admission to trading), as applicable in relation to the relevant Securities; and
(e)	allow users of its market to obtain Inside Information, including any Offer documents pursuant to MKT Rule 4.3.5 relevant to the Securities.","Admission to trading
In order to admit Financial Instruments to trading, a Recognised Investment Exchange must satisfy the following requirements, save and except for Recognised Investment Exchanges which only admit to trading Derivatives, in which case only (a), (b), (c) and (i) apply:
(a)	A Recognised Investment Exchange’s Business Rules must be clear and transparent in relation to the admission of Financial Instruments to trading on any market operated by it.
(b)	The Business Rules must ensure that all Financial Instruments admitted to trading on any market operated by the Recognised Investment Exchange are capable of being traded in a fair, orderly and efficient manner.
(c)	The Business Rules must ensure that:
(i)	all Financial Instruments other than Derivatives admitted to trading on a market operated by the Recognised Investment Exchange are freely negotiable; and
(ii)	all contracts for Derivatives admitted to trading on a regulated market operated by the Recognised Investment Exchange are designed so as to allow for their orderly pricing as well as for the existence of effective settlement conditions.
(d)	For the purposes of meeting the requirements in Rule 3.9.1(c)(ii), a Recognised Investment Exchange must include in its Business Rules, or its Business Rule procedures, contract design specifications relating to Derivative contracts traded on its market which, at a minimum, include:
(i)	minimum price fluctuations (price ticks);
(ii)	maximum price fluctuations (daily price limits), if any;
(iii)	last trading day;
(iv)	settlement or delivery procedures as applicable;
(v)	trading months;
(vi)	position limits, if any;
(vii)	reportable levels; and
(viii)	trading hours.
(e)	The Recognised Investment Exchange must maintain effective arrangements to verify that Issuers of Financial Instruments admitted to trading on a market operated by it comply with its disclosure obligations.
(f)	The Recognised Investment Exchange must maintain arrangements to assist users of a market operated by it to obtain access to information made public under its disclosure obligations.
(g)	The Recognised Investment Exchange must maintain arrangements regularly to review whether the Financial Instruments admitted to trading on a market operated by it comply with the admission requirements for those Financial Instruments.
(h)	The Business Rules must provide that where a Recognised Investment Exchange, without obtaining the consent of the Issuer, admits to trading on a market operated by it a Financial Instrument which has been admitted to trading on another market, the Recognised Investment Exchange:
(i)	must inform the Issuer of that Financial Instrument as soon as is reasonably practicable; and
(ii)	may not require the Issuer of that Financial Instrument to demonstrate compliance with its disclosure obligations.
(i)	The Business Rules must provide that where a Recognised Investment Exchange, without obtaining the consent of the Issuer, admits to trading on an MTF operated by it a Financial Instrument which has been admitted to trading on a market, it may not require the Issuer of that Financial Instrument to demonstrate compliance with its disclosure obligations.
(j)	A Recognised Investment Exchange must comply with the requirements of Rule 3.11 where it admits to trading on a market operated by it a Financial Instrument, the value of which is determined by reference to an underlying benchmark or index provided by a Price Reporting Agency.",DPEL,,basic,ADGM,hard_enriched,a957fb33-ff4c-44e4-a2e7-06196b2f6b66,a9b5571e-2d13-4cb0-b58f-9c251e6bd215,,,8.2.2,3.9.1,,,,,HV0037,05dc10be3be6dd06,ObliQA-XRef_Out_Datasets/final_large_merged/ObliQA-XRef-ADGM-ALL/final.jsonl,yes,mostly_natural_rephrased,both_needed,
a7c2fff31099d8c6,"If a Listed Entity entered into an issue (or agreement to issue) Securities without prior holder approval, under what conditions can that transaction later be treated as approved, and how does that later approval affect whether the Listed Entity needs holder approval to stay within the cap on new Equity Securities calculated using the 20% Base Amount minus Relevant Issues formula?","A Listed Entity can have an unapproved issue (or agreement to issue) treated as if it had approval, but only if three conditions are met: the issue/agreement stayed within the applicable limit, the holders of the Listed Entitys Ordinary Securities later approve it, and the Securities are actually issued within three months after that approval date. [#SRC:3f609871-988e-4e0c-921f-6e1066c630f6] This matters for the cap on new Equity Securities because issuing (or agreeing to issue) more than the maximum number produced by the formula requires approval of the holders of Ordinary Securities. [#TGT:a5d5f764-a746-4801-8e14-9584a84d3933] Once the later approval is effective for the earlier transaction, that transaction is treated as having been made with approval for the relevant approval purpose. [#SRC:3f609871-988e-4e0c-921f-6e1066c630f6] In applying the formula, Equity Securities issued or agreed to be issued in the prior 12 months are excluded from “Relevant Issues” if they were made with holder approval, and the “Base Amount” can include fully paid Ordinary Securities issued in the prior 12 months with such approval (including cases taken to have been approved). [#TGT:a5d5f764-a746-4801-8e14-9584a84d3933]","Subsequent approval of an issue of Securities. An issue of, or agreement to issue, Securities made without approval under Rule 9.7.1 is treated as having been made with approval for the purposes of Rule 9.7.1 if:
(1)	the issue or agreement did not exceed the limit in Rule 9.7.1;
(2)	the holders of the Listed Entity’s Ordinary Securities subsequently approve it; and
(3)	the Securities are issued within three months of the date of the approval.","Restrictions on new Issues of Equity Securities . A Listed Entity must not issue, or agree to issue, more Equity Securities than the number calculated according to the following formula, without the approval of the holders of Ordinary Securities:
Maximum number of Equity Securities = (20% * Base Amount) – Relevant Issues),
where:
Base Amount = the number of fully paid Ordinary Securities on issue as of the date 12 months before the date of issue or agreement (the “12 months Base Amount”), plus the number of:
(1)	fully paid Ordinary Securities issued in the 12 months before the date of issue or agreement under an exception in Rule 9.7.4 other than exceptions (8), (15) or (16);
(2)	fully paid Ordinary Securities issued in the 12 months before the date of issue or agreement under an exception in Rule 9.7.4 other than exception (15), where the agreement was:
(i)	entered into before the commencement of the 12 month period; or
(ii)	approved, or taken under the Rules to have been approved, under Rule 9.7.1 or Rule 9.7.5; and
(3)	any other fully paid Ordinary Securities issued in the 12 months before the date of issue or agreement with approval under Rule 9.7.1 or Rule 9.7.5;
Guidance
The Base Amount may include fully paid Ordinary Securities issued in the 12 months before the date of issue or agreement under an agreement to issue Securities within Rule 9.7.4 exception (14) where the issue is subsequently approved under Rule 9.7.1.
(4)	partly paid Ordinary Securities that became fully paid in the 12 months before the date of issue or agreement,
but subtracting the number of fully paid Ordinary Securities cancelled in the 12 months before the date of issue or agreement.
Relevant Issues = the number of Equity Securities issued, or agreed to be issued, in the 12 months before the date of issue or agreement to issue other than:
(a)	with the approval of the holders of its Ordinary Securities under Rule 9.7.1 or Rule 9.7.5; or
(b)	under an exception in Rule 9.7.4.",DPEL,,professional,ADGM,hard_enriched,3f609871-988e-4e0c-921f-6e1066c630f6,a5d5f764-a746-4801-8e14-9584a84d3933,,,9.7.5,9.7.1,,,,,HV0038,a7c2fff31099d8c6,ObliQA-XRef_Out_Datasets/final_large_merged/ObliQA-XRef-ADGM-ALL/final.jsonl,yes,mostly_natural_rephrased,both_needed,
f6f4407ec6bd7977,"When an Authorised Person evaluates its Exposure to interest rate risk arising from its Non Trading Book activities, what specific interest-rate shock scenario must be included, and how should the evaluation be handled if the Authorised Person has balance sheet positions in more than one currency?","An Authorised Person’s evaluation of its Exposure to the interest rate risk arising from its Non Trading Book activities must include a defined stress scenario and, where relevant, be performed on a currency-by-currency basis. [#TGT:9f5db2ba-19a5-4149-b8c0-f470ec9e54e3] Specifically, the evaluation must cover the impact of a sudden and unexpected parallel shift in interest rates of 200 basis points, assessed in both directions (i.e., an upward and a downward move). [#SRC:0dd318fb-6509-4aaf-96be-2ee00073b4c6] In addition, if the Authorised Person has balance sheet positions in different currencies, it must measure its risk Exposures separately in each material currency, rather than only producing a single aggregated measure across currencies. [#TGT:9f5db2ba-19a5-4149-b8c0-f470ec9e54e3] Taken together, this means the required 200-basis-point parallel-rate shock (up and down) must be applied within the evaluation framework used for Non Trading Book interest rate risk, and the resulting risk Exposures must be determined for each material currency where multi-currency balance sheet positions exist. [#SRC:0dd318fb-6509-4aaf-96be-2ee00073b4c6] [#TGT:9f5db2ba-19a5-4149-b8c0-f470ec9e54e3]",The evaluation under Rule 7.2.1 must cover the effect of a sudden and unexpected parallel change in interest rates of 200 basis points in both directions.,An Authorised Person must carry out an evaluation of its Exposure to the interest rate risk arising from its Non Trading Book activities. An Authorised Person with balance sheet positions in different currencies must measure its risk Exposures in each of the material currencies.,DPEL,,professional,ADGM,hard_enriched,0dd318fb-6509-4aaf-96be-2ee00073b4c6,9f5db2ba-19a5-4149-b8c0-f470ec9e54e3,,,7.2.2.(1),7.2.1,,,,,HV0039,f6f4407ec6bd7977,ObliQA-XRef_Out_Datasets/final_large_merged/ObliQA-XRef-ADGM-ALL/final.jsonl,yes,mostly_natural_rephrased,both_needed,
5f62d3cce6a13e8e,"For a Domestic Fund that is treated as an Exempt Fund because it is privately placed only, limited to Professional Clients, and has a minimum initial subscription of at least US$50,000 while not meeting the conditions to be a Qualified Investor Fund, what must the Fund Manager do if the fund later cannot continue to meet the conditions needed to remain an Exempt Fund, and what alternative reclassification options are available?","A Domestic Fund that qualifies as an Exempt Fund on the basis that its Units are offered only by private placement, all Unitholders meet the criteria to be classified as Professional Clients, and each person’s initial subscription is at least US$50,000 (and it is not a Qualified Investor Fund) is treated as an Exempt Fund for these purposes. [#TGT:739bcd07-b23a-4057-98eb-1f81fab280f8] If that Exempt Fund later can no longer meet the relevant conditions required for it to be classified as an Exempt Fund, the Fund Manager is required to apply for the winding up of that Fund. [#SRC:6e2b3cea-7166-4cff-a20a-f10f87ba8b03] As an alternative to winding up, the Fund Manager may instead have the Fund moved to the classification of a Public Fund, but doing so requires satisfying the requirements and formalities that apply specifically to a Public Fund. [#SRC:6e2b3cea-7166-4cff-a20a-f10f87ba8b03] Separately, an Exempt Fund may choose to convert to a Qualified Investor Fund, but only if it meets the conditions applicable to a Qualified Investor Fund (which is distinct from the Domestic Fund scenario described where it does not satisfy those conditions). [#SRC:6e2b3cea-7166-4cff-a20a-f10f87ba8b03] [#TGT:739bcd07-b23a-4057-98eb-1f81fab280f8]","If an Exempt Fund can no longer meet the relevant conditions set out in Rule ‎3.3.3 to be classified as an Exempt Fund, the Fund Manager of that Fund is required, under Section 112 of the FSMR, to apply for the winding up of that Fund. Alternatively, the Fund Manager may have that Fund moved to the classification of a Public Fund, which requires the satisfaction of the requirements and formalities specific to that type of Fund. An Exempt Fund may also, if it wishes to, convert to a Qualified Investor Fund provided it meets the conditions applicable to a Qualified Investor Fund in Rule ‎3.3.4.","A Domestic Fund is an Exempt Fund, if:
(a)	its Units are offered to persons only by way of a private placement;
(b)	all its Unitholders are persons who meet the criteria to be classified as Professional Clients; and
(c)	the initial subscription to be paid by a person to become a Unitholder is at least US$50,000,
and it does not satisfy the conditions in Rule ‎3.3.4 below to be a Qualified Investor Fund.",DPEL,,professional,ADGM,hard_enriched,6e2b3cea-7166-4cff-a20a-f10f87ba8b03,739bcd07-b23a-4057-98eb-1f81fab280f8,,,PART 5.14.1.Guidance.1,PART 2.3.3.3.(1),,,,,HV0040,5f62d3cce6a13e8e,ObliQA-XRef_Out_Datasets/final_large_merged/ObliQA-XRef-ADGM-ALL/final.jsonl,yes,mostly_natural_rephrased,both_needed,
3680a608c39c6edf,"When an Authorised Person (and its participants) intends to use a delivery and/or storage facility for Accepted Spot Commodities in a jurisdiction outside the ADGM, what conditions must that facility satisfy so it can be treated as an eligible “appropriate jurisdiction” facility, and what ongoing compliance features must be in place?","An Authorised Person, and its participants, may use delivery and/or storage facilities for Accepted Spot Commodities either within the ADGM or in another jurisdiction, but use outside the ADGM is only permissible where the facility meets the specified requirements for an “appropriate jurisdiction” facility. [#SRC:4230a066-37c4-4630-bb93-d9a0ed5bc81b] For a facility operating from outside ADGM to qualify, it must operate under rules and regulations equivalent to those applying in the Abu Dhabi Global Market. [#TGT:dda13926-2cce-4e09-a50f-508bd4257bd5] In addition, the facility must maintain ongoing compliance and controls, including: it must at all times comply with all applicable laws in the relevant jurisdiction or elsewhere (explicitly including port conditions, customs, anticorruption, and taxation requirements, plus any other applicable rules). [#TGT:dda13926-2cce-4e09-a50f-508bd4257bd5] It must adhere to appropriate international standards for storage and delivery mechanisms (including IOSCO Good and Sound Practices) and hold OHSAS 18001 Health & Safety Management or equivalent certification standards. [#TGT:dda13926-2cce-4e09-a50f-508bd4257bd5] It must also have appropriate audit and control arrangements for inventories, deliveries, and physical infrastructure, and appropriate insurance covering operational, security, fraud, natural disasters, and other applicable risks. [#TGT:dda13926-2cce-4e09-a50f-508bd4257bd5]","An Authorised Person, and its participants, must only use delivery and/or storage facilities for Accepted Spot Commodities from:
(a)	within the ADGM, or
(b)	other appropriate jurisdictions that can meet the requirements of Rule 22.4.2.","For the purposes of Rule 22.4.1, any delivery and/or storage facility used by an Authorised Person must be a facility in relation to which –
(a)	where the delivery and/or storage facility operates from outside ADGM, it operates under rules and regulations equivalent to those applying in the Abu Dhabi Global Market;
(b)	the delivery and/or storage facility will, at all times, comply with all applicable laws in the relevant jurisdiction or elsewhere, including in particular and without limitation:
(i) 	local port conditions;
(ii)	local, national and global customs requirements;
(iii)	local, national and global anticorruption laws;
(iv)	local, national and global taxation requirements; and
(v)	any other applicable rules and regulations;
(c)	the delivery and/or storage facility adheres to:
(i)	appropriate international standards for storage and delivery mechanisms, including with regard to IOSCO’s Good and Sound Practices; and
(ii)	OHSAS 18001 Health & Safety Management or equivalent certification standards;
(d)	it has appropriate audit and control arrangements in place, in relation to inventories, deliveries and physical infrastructure; and
(e)	it has appropriate insurance arrangements in place to cover operational, security, fraud, natural disasters and other applicable risks.",DPEL,,professional,ADGM,hard_enriched,4230a066-37c4-4630-bb93-d9a0ed5bc81b,dda13926-2cce-4e09-a50f-508bd4257bd5,,,22.4.1,22.4.2,,,,,HV0041,3680a608c39c6edf,ObliQA-XRef_Out_Datasets/final_large_merged/ObliQA-XRef-ADGM-ALL/final.jsonl,yes,mostly_natural_rephrased,both_needed,
a346741805e67f29,"When the Regulator receives the required notice that would ordinarily trigger it to inform Host Regulator(s) of its intent to use the passporting procedures for a Passported Fund, in what circumstances may the Regulator refrain from sending that notice, and if it does proceed, what are the timing and follow-on steps tied to Host Regulator confirmation and the Register of Passported Funds?","The Regulator’s ability to progress passporting notifications is conditional: even where it would ordinarily send a notice to Host Regulator(s) about its intent to use the passporting procedures, it must refrain from transmitting the relevant notice if it considers the Fund Manager or the Public Fund is not compliant, or may become non-compliant, with applicable legislation (including these Rules), or if refraining is necessary and appropriate to meet the Regulator’s objectives. [#SRC:02c6d009-e171-41d6-adac-aaaaf2b66e5a] If the Regulator does proceed (i.e., it does not apply the above grounds to refrain), it must, within five Business Days after receiving the triggering notice, provide notice of its intent to use the passporting procedures to the Host Regulator(s) in each relevant Host Jurisdiction where the Passported Fund is intended to be Promoted. [#TGT:3c548ffe-2bd8-478f-8ddc-d55a1eb83d6e] After the relevant Host Regulator confirms that its Register of Passported Funds has been updated to include the Passported Fund’s details, the Regulator must then promptly (i) publish the Passported Fund’s details on the Register of Passported Funds and (ii) notify the Fund Manager that registration on that Register is complete. [#TGT:3c548ffe-2bd8-478f-8ddc-d55a1eb83d6e]","The Regulator shall not transmit a notice under Rule 3.2.4‎(a):
(a)	if it considers that the Fund Manager or the Public Fund does not comply with, or it has reasonable grounds for determining that the Fund Manager or the Public Fund may in the future not comply with, applicable legislation, including these Rules; or
(b)	if it considers that it is necessary and appropriate to refrain from doing so in order to meet its objectives.","The Regulator shall:
(a)	Within five Business Days of receipt of the notice set out in Rule 3.2.2, and subject to Rule 3.2.5, provide notice of the intent to use the passporting procedures under these Rules to the Host Regulator(s) in the relevant Host Jurisdiction(s) where the Passported Fund is intended to be Promoted; and
(b)	promptly following confirmation from the relevant Host Regulator that its respective Register of Passported Funds has been updated to include the details of the Passported Fund:
(i)	publish the details of the Passported Fund on the Register of Passported Funds; and
(ii)	notify the Fund Manager that registration on the Register of Passported Funds is complete.",DPEL,,professional,ADGM,hard_enriched,02c6d009-e171-41d6-adac-aaaaf2b66e5a,3c548ffe-2bd8-478f-8ddc-d55a1eb83d6e,,,3.2.5,3.2.4,,,,,HV0042,a346741805e67f29,ObliQA-XRef_Out_Datasets/final_large_merged/ObliQA-XRef-ADGM-ALL/final.jsonl,yes,mostly_natural_rephrased,both_needed,
e2fc874bfacea533,"For an Authorised Person operating as a Branch, what ongoing prudential resource standards apply and what specific reporting and notification actions must it take toward the Regulator, given how the Rules are applied by operating model?","An Authorised Person operating as a Branch is within the scope of the Rules that apply specifically to Branches, rather than the set that applies to a Domestic Firm. [#SRC:125f72ef-4896-42ec-90ce-f01b83fa15b6] Within that Branch scope, it must maintain adequate liquidity and financial resources at all times, calibrated to the nature, size, and complexity of its business, so that there is no significant risk it cannot meet liabilities when due. [#TGT:9fbb61f7-59fe-4340-85f8-ab6b9e7fb03c] It must also comply continuously with its Home State Regulator’s prudential requirements. [#TGT:9fbb61f7-59fe-4340-85f8-ab6b9e7fb03c] In addition, it has two direct obligations to the Regulator that link its Home State prudential regime to local oversight: (1) it must provide the Regulator with a copy of every capital adequacy summary report and Leverage Ratio report that it submits to its Home State Regulator, and it must do so within ten business days after the due date for submission to the Home State Regulator; and (2) if it anticipates or experiences any breach of Home State prudential requirements, it must notify the Regulator immediately and include any relevant documents. [#TGT:9fbb61f7-59fe-4340-85f8-ab6b9e7fb03c]","In this Section the Rules apply to an Authorised Person in any Category as follows:
(a)	Rule 3.2.2 applies to an Authorised Person operating as a Branch; and
(b)	Rules 3.2.3 to 3.2.5 apply to an Authorised Person operating as a Domestic Firm.","Branches – general requirements. An Authorised Person that is a Branch must:
(a)	ensure that it has and maintains, at all times, liquid assets and access to financial resources which are adequate in relation to the nature, size and complexity of its business both as to amount and quality to ensure that there is no significant risk that liabilities cannot be met as they fall due;
(b)	ensure that it complies at all times with its Home State Regulator's prudential requirements;
(c)	submit to the Regulator a copy of every capital adequacy summary report and Leverage Ratio report submitted to its Home State Regulator within ten business days of the due date for submission to that regulator; and
(d)	in the event of any anticipated or actual breach of any prudential requirements set by its Home State Regulator, notify the Regulator immediately with any relevant documents.",DPEL,,professional,ADGM,hard_enriched,125f72ef-4896-42ec-90ce-f01b83fa15b6,9fbb61f7-59fe-4340-85f8-ab6b9e7fb03c,,,3.2.1,3.2.2,,,,,HV0043,e2fc874bfacea533,ObliQA-XRef_Out_Datasets/final_large_merged/ObliQA-XRef-ADGM-ALL/final.jsonl,yes,mostly_natural_rephrased,both_needed,
35357c6e2759b1b1,"If a Fund Manager of a Domestic Fund wants to do the Fund’s administration work itself, what must be kept separate, and what does the Fund Manager still have to do to make sure the Fund’s operating risks are properly dealt with (including considering Fund Administrators, Eligible Custodians, and any prime brokers)?","If a Fund Manager of a Domestic Fund performs fund administration for the Fund, it is only permitted where the risk management function and the portfolio function are adequately separated. [#SRC:5cba2a1e-1340-4401-a5c7-23c937abe4fc] Even in that situation, the Fund Manager must ensure that the risks inherent in running the Fund are adequately addressed. [#TGT:b6eb6967-279e-4da2-9b77-1f703f2597f7] In doing so, the Fund Manager must take into account the nature of its strategies and investment process, and also consider the role of Fund Administrators and Eligible Custodians and, if they are appointed, prime brokers. [#TGT:b6eb6967-279e-4da2-9b77-1f703f2597f7] This means the Fund Manager cannot treat “doing administration in-house” as a substitute for risk management; it must maintain the required separation between risk management and portfolio activities while evaluating how administration, custody, and any prime brokerage arrangements affect the Fund’s operational risks. [#SRC:5cba2a1e-1340-4401-a5c7-23c937abe4fc] [#TGT:b6eb6967-279e-4da2-9b77-1f703f2597f7]",A Fund Manager of a Domestic Fund may be able to perform fund administration for the Fund in circumstances where risk management and portfolio functions are adequately separated (Rule 12.3.10).,"Risk management. A Fund Manager of a Domestic Fund must ensure that the risks inherent in the operation of a Fund are adequately addressed, with due regard to the nature of the strategies and investment process employed by the Fund Manager and the role of Fund Administrators and Eligible Custodians and where appointed, prime brokers.",DPEL,,basic,ADGM,hard_enriched,5cba2a1e-1340-4401-a5c7-23c937abe4fc,b6eb6967-279e-4da2-9b77-1f703f2597f7,,,PART 5.12.3.7.Guidance.1,PART 5.12.3.10,,,,,HV0044,35357c6e2759b1b1,ObliQA-XRef_Out_Datasets/final_large_merged/ObliQA-XRef-ADGM-ALL/final.jsonl,yes,mostly_natural_rephrased,both_needed,
5f7240dae9e51d81,"For an Authorised Person exposed to the risk of foreign currencies and gold under an Islamic Contract, when is it permitted not to calculate a Foreign Exchange Risk Capital Requirement, and what quantitative tests must it apply using its Foreign Currency business and overall net open position relative to Capital Resources?","An Authorised Person that has exposure to the risk of foreign currencies and gold under any Islamic Contract is generally required to calculate a Foreign Exchange Risk Capital Requirement. [#SRC:6a51fe1f-d0d3-42f6-b369-4e9345775696] However, it is permitted not to perform that calculation if it satisfies both quantitative conditions tied to Capital Resources. [#TGT:79d3cd2f-93a5-4f25-af68-c67e7fd4cb97] Specifically, it must determine its “Foreign Currency business” by taking the greater of (i) the sum of its gross long positions and (ii) the sum of its gross short positions across all Foreign Currencies, and confirm that this amount does not exceed 100% of its Capital Resources. [#TGT:79d3cd2f-93a5-4f25-af68-c67e7fd4cb97] In addition, it must confirm that its overall net open position does not exceed 2% of its Capital Resources. [#TGT:79d3cd2f-93a5-4f25-af68-c67e7fd4cb97] If either threshold is breached, the exemption is unavailable and the Authorised Person must calculate the Foreign Exchange Risk Capital Requirement notwithstanding that the exposure arises under an Islamic Contract and includes foreign currencies and gold. [#SRC:6a51fe1f-d0d3-42f6-b369-4e9345775696] [#TGT:79d3cd2f-93a5-4f25-af68-c67e7fd4cb97]","Market risk. An Authorised Person which is exposed to the risk of foreign currencies and gold under any Islamic Contract, must calculate its Foreign Exchange Risk Capital Requirement in accordance with PRU Rule 5.6.2.","An Authorised Person need not calculate a Foreign Exchange Risk Capital Requirement if:
(a)	its Foreign Currency business, defined as the greater of the sum of its gross long positions and the sum of its gross short positions in all Foreign Currencies, does not exceed 100% of Capital Resources as defined in Chapter 3; and
(b)	its overall net open position as defined in Rule A6.4.4 does not exceed 2% of its Capital Resources as defined in Chapter 3.",DPEL,,professional,ADGM,hard_enriched,6a51fe1f-d0d3-42f6-b369-4e9345775696,79d3cd2f-93a5-4f25-af68-c67e7fd4cb97,,,5.4.11,5.6.2,,,,,HV0045,5f7240dae9e51d81,ObliQA-XRef_Out_Datasets/final_large_merged/ObliQA-XRef-ADGM-ALL/final.jsonl,yes,mostly_natural_rephrased,both_needed,
5705e32a1a365390,"When the Regulator discloses Confidential Information to a criminal law enforcement agency (in the U.A.E or elsewhere) specifically to support a criminal investigation or criminal proceedings, what conditions must be met for the disclosure to be permitted, and does that scenario remain subject to the separate requirements that otherwise apply to such disclosures?","A disclosure by the Regulator of Confidential Information to a criminal law enforcement agency (whether in the U.A.E or otherwise) for the purpose of a criminal investigation or criminal proceedings is permitted where it is made to facilitate the carrying out of a Public Function and falls within the permitted disclosure bases described for such facilitation. [#TGT:c143e65b-358c-4ac8-855c-546a1c91e4d1] In particular, the disclosure may be made to a criminal law enforcement agency for that criminal-investigation/proceedings purpose as one of the listed recipient-and-purpose categories, and it must be for the purpose of assisting that recipient’s performance of its functions and powers. [#TGT:c143e65b-358c-4ac8-855c-546a1c91e4d1] Separately, where the Regulator makes this specific type of disclosure to a criminal law enforcement agency for a criminal investigation or criminal proceedings, that disclosure is expressly carved out from being subject to the additional requirements that would otherwise apply under the separate requirements referenced for disclosures made on that basis. [#SRC:3ea3d5aa-2378-40cd-ab7a-f454859a385c] Accordingly, the Regulator should frame the disclosure as facilitating a Public Function and within the criminal law enforcement agency category, while recognizing that the usual additional requirements do not apply to this particular criminal-law-enforcement disclosure scenario. [#TGT:c143e65b-358c-4ac8-855c-546a1c91e4d1] [#SRC:3ea3d5aa-2378-40cd-ab7a-f454859a385c]","Disclosure to a criminal law enforcement agency. Importantly, disclosure of Confidential Information by the Regulator to a criminal law enforcement agency, whether in the U.A.E or otherwise, for the purpose of any criminal investigation or criminal proceedings under paragraph 199(1)(b)(v) is not subject to the requirements under section 199(2).","Subject to subsection (2), the Regulator may disclose Confidential Information for the purpose of facilitating the carrying out of a Public Function where such disclosure is—
(a)	permitted or required under any enactment applicable to the Regulator, including, for the avoidance of doubt, any applicable international obligations;
(b)	made to—
(i)	the ADGM Registrar of Companies;
(ii)	a Non-Abu Dhabi Global Market Regulator;
(iii)	a governmental or regulatory authority exercising powers and performing functions relating to anti-money laundering, counter terrorist financing or sanctions compliance, whether in the Abu Dhabi Global Market or otherwise;
(iv)	a self regulatory body or organisation exercising and performing powers and functions in relation to financial services, whether in the Abu Dhabi Global Market or otherwise;
(v)	a criminal law enforcement agency, whether in the U.A.E or otherwise, for the purpose of any criminal investigation or criminal proceedings; or
(vi)	a civil law enforcement agency or body, whether in the Abu Dhabi Global Market, U.A.E or otherwise;
for the purpose of assisting the performance by any such person of its functions and powers; or
(c)	made in good faith for the purposes of the exercise of the functions and powers of the Regulator or in order to further the Regulator's objectives.",DPEL,,professional,ADGM,hard_enriched,3ea3d5aa-2378-40cd-ab7a-f454859a385c,c143e65b-358c-4ac8-855c-546a1c91e4d1,,,3.3.5,Part 16.199.(1),,,,,HV0046,5705e32a1a365390,ObliQA-XRef_Out_Datasets/final_large_merged/ObliQA-XRef-ADGM-ALL/final.jsonl,yes,mostly_natural_rephrased,both_needed,
44f10b5136e2eacc,"When a Petroleum Reporting Entity identifies new material estimates of Prospective Resources, Contingent Resources or Petroleum Reserves that have not previously been disclosed and must disclose them immediately, what specific content must be included in that disclosure, including how the entity should address permits/licences, the new data, the effect on estimates, and any updates to previously disclosed information?","If a Petroleum Reporting Entity has new material estimates of Prospective Resources, Contingent Resources or Petroleum Reserves that have not previously been disclosed, it must disclose those estimates immediately. [#TGT:1d41da19-7d47-42e7-baf3-28af0f6c1c12] When making that disclosure, the entity must ensure the disclosure includes several specific elements so the market can understand both the basis for the new estimates and what has changed from earlier disclosures. [#SRC:a9ffc27d-5147-4066-826f-22c25cd1e704] At a minimum, the disclosure must: (i) state the types of permits or licences the Petroleum Reporting Entity holds that relate to the estimates; (ii) explain the new data and information; (iii) explain how that new data and information has affected the estimates of Prospective Resources, Contingent Resources or Petroleum Resources; and (iv) describe any changes or additions to information the entity previously disclosed about Prospective Resources, Contingent Resources, and Petroleum Reserves. [#SRC:a9ffc27d-5147-4066-826f-22c25cd1e704] This content expectation applies in the context of the immediate disclosure obligation for new material estimates that were not previously disclosed. [#TGT:1d41da19-7d47-42e7-baf3-28af0f6c1c12]","A Petroleum Reporting Entity making a disclosure under Rule 12.6.1 must ensure the disclosure contains:
(1)	the types of permits or licences held by the Petroleum Reporting Entity relating to the estimates;
(2)	an explanation of the new data and information;
(3)	an explanation of how the new data and information has affected the estimates of Prospective Resources, Contingent Resources or Petroleum Resources; and
(4)	any changes or additions to the information previously disclosed relating to:
(a)	Prospective Resources under Rules 12.8.1(1) to 12.8.1(4);
(b)	Contingent Resources under Rules 12.10.1(1) to 12.10.1(5); and
(c)	Petroleum Reserves under Rules 12.12.1(1) to 12.12.1(7).","A Petroleum Reporting Entity must immediately disclose any new material estimates of Prospective Resources, Contingent Resources or Petroleum Reserves that have not previously been disclosed.",DPEL,,professional,ADGM,hard_enriched,a9ffc27d-5147-4066-826f-22c25cd1e704,1d41da19-7d47-42e7-baf3-28af0f6c1c12,,,12.6.2,12.6.1,,,,,HV0047,44f10b5136e2eacc,ObliQA-XRef_Out_Datasets/final_large_merged/ObliQA-XRef-ADGM-ALL/final.jsonl,yes,mostly_natural_rephrased,both_needed,
5da11b6862d3a3ee,"When an Issuer wants to use an MTF as the primary trading venue for Digital Securities offered and issued by way of an Exempt Offer (with membership and trading limited to non-retail clients only), what must the Issuer include in its Exempt Offer document so that the Regulator can treat those Digital Securities as Securities, and how may the Regulator impose conditions when doing so?","For an Issuer seeking admission of its Digital Securities to trading on an MTF through an Exempt Offer (in a setting where MTF participation is restricted to non-retail clients), the Issuer must ensure the Exempt Offer document contains all information that is required for that Exempt Offer so the FSRA can deem the Digital Securities to be Securities for the relevant regulatory purposes. [#SRC:1ad93605-b12d-4852-9c5f-18d8569c27a7] This means the compliance focus is on completeness of the Exempt Offer document as the prerequisite for the deeming outcome needed for MTF trading in this context. [#SRC:1ad93605-b12d-4852-9c5f-18d8569c27a7] Separately, the Regulator has an express power, via written notice, to deem an investment that is not otherwise a Security to be a Security for the purposes of the Regulations and the Rules made under them. [#TGT:95497208-1e94-4b51-8ff3-d9e77f64177c] When exercising that deeming power, the Regulator may attach any terms and conditions it considers appropriate, so the Issuer should be prepared for the deeming decision to be conditional rather than unconditional. [#TGT:95497208-1e94-4b51-8ff3-d9e77f64177c]","DIGITAL SECURITIES & TRADING VENUES
Multilateral Trading Facilities (MTFs)
MTFs may operate as a primary trading venue for Digital Securities offered and issued by way of an Exempt Offer, provided that membership and trading is limited to non-retail clients only.  As set out in paragraphs 16 and 32 of this Guidance, an Issuer wishing to make an Exempt Offer in order to have its Digital Securities admitted to trading on an MTF will need to ensure that it includes all required information in its Exempt Offer document in order to allow FSRA to deem the Digital Securities as Securities pursuant to section 58(2)(b) of FSMR.","Without limiting the generality of its powers, the Regulator may, by written notice—
(a)	exclude the application of any requirements; or
(b)	deem any investment which is not a Security to be a Security for the purposes of these Regulations and the Rules made under these Regulations;
subject to such terms and conditions as it may consider appropriate.",DPEL,,professional,ADGM,hard_enriched,1ad93605-b12d-4852-9c5f-18d8569c27a7,95497208-1e94-4b51-8ff3-d9e77f64177c,,,46),Part 6.Chapter 1.58.(2),,,,,HV0048,5da11b6862d3a3ee,ObliQA-XRef_Out_Datasets/final_large_merged/ObliQA-XRef-ADGM-ALL/final.jsonl,yes,mostly_natural_rephrased,both_needed,
3e2ee2e30ce215da,"For an Authorised Person conducting Investment Business, how should the Resolution Pack reflect the periodic reconciliation and counting activities required for Client Accounts held with Third Party Agents and for Safe Custody Assets (including any involvement of a Nominee Company), and what minimum frequencies apply?","An Authorised Person conducting Investment Business should ensure its Resolution Pack includes the most recent reconciliation records that evidence it is meeting the required reconciliation and counting cadence for Third Party Agent-held Client Accounts and for Safe Custody Assets. [#SRC:803ff2b9-9528-459a-b9d2-45066785e9f5] In practice, this means the pack should contain the latest reconciliations of Client Money and Client Investments, aligned to the underlying operational duties to (i) reconcile records of Client Accounts held with Third Party Agents against the Third Party Agents’ monthly statements at least every calendar month, and (ii) perform six‑monthly controls over Safe Custody Assets and related ledgers. [#SRC:803ff2b9-9528-459a-b9d2-45066785e9f5] [#TGT:99a621ce-b3ab-4dbc-a9c7-eac1065776e6] Specifically, the minimum frequencies that the reconciliation records in the pack should be capable of demonstrating are: - Monthly reconciliation of the Authorised Person’s records of Client Accounts held with Third Party Agents to the monthly statements received from those Third Party Agents. [#TGT:99a621ce-b3ab-4dbc-a9c7-eac1065776e6] - Six‑monthly physical count of all Safe Custody Assets held by the Authorised Person or its Nominee Company, reconciled back to the Authorised Person’s records. [#TGT:99a621ce-b3ab-4dbc-a9c7-eac1065776e6] - Six‑monthly reconciliation of individual Client ledger balances to the Authorised Person’s records of Safe Custody Assets balances held in Client Accounts. [#TGT:99a621ce-b3ab-4dbc-a9c7-eac1065776e6] Including the most recent reconciliations in the Resolution Pack provides the record set required for resolution readiness while reflecting these periodic control obligations. [#SRC:803ff2b9-9528-459a-b9d2-45066785e9f5]","The following records must be included in the Resolution Pack of an Authorised Person conducting Investment Business:
(a)	Rules ‎2.7.1 and ‎3.7.1(d) (records of Client classification and Client agreements);
(b)	Rules 14.6.2 and ‎15.4.3 (master lists of all Client Accounts in relation to Client Money and Client investments);
(c)	Rule ‎15.4.4 and Rule ‎15.4.5 (adequate records and Client's written permission re use of Client Investments);
(d)	Rules 14.7.1 and 14.7.4 (assessment of appropriateness of Third-Party Agent and acknowledgement by Third-Party agent in respect of Client Money); and
(e)	Rule ‎15.5.1 and 15.6.1 (assessment of appropriateness of Third Party Agent and acknowledgement by Third-Party Agent in respect of Client Investments); and
(f)	Rule 14.11.1 and ‎15.9.1 (most recent reconciliations of Client Money and Client Investments).","An Authorised Person must:
(a)	at least every calendar month, reconcile its records of Client Accounts held with Third Party Agents with monthly statements received from those Third Party Agents;
(b)	at least every six months, count all Safe Custody Assets physically held by the Authorised Person, or its Nominee Company, and reconcile the result of that count to the records of the Authorised Person; and
(c)	at least every six months, reconcile individual Client ledger balances with the Authorised Person's records of Safe Custody Assets balances held in Client Accounts.",DPEL,,professional,ADGM,hard_enriched,803ff2b9-9528-459a-b9d2-45066785e9f5,99a621ce-b3ab-4dbc-a9c7-eac1065776e6,,,16.4.1,15.9.1,,,,,HV0049,3e2ee2e30ce215da,ObliQA-XRef_Out_Datasets/final_large_merged/ObliQA-XRef-ADGM-ALL/final.jsonl,yes,mostly_natural_rephrased,both_needed,
387a201e22438253,"If an Authorised Person uses the FCCA and has eligible financial Collateral for an SFT that is not under a qualifying bilateral Netting agreement, what number should it use instead of E for the credit risk weighted exposure, and how should it adjust for market moves in both the exposure and the collateral?","Where the Authorised Person has taken eligible financial Collateral for an SFT and that SFT is not covered by a qualifying bilateral Netting agreement, and the Authorised Person is using the FCCA, it must calculate an adjusted exposure amount (E*) and use that E* instead of E when working out the Credit Risk weighted Exposure amount for the relevant CR Exposure. [#SRC:99f36cb9-d6c3-4b1b-a90c-5d85b901b3de] This is not optional in the described circumstances: the calculation requires substituting E* for E in the credit risk weighting step. [#SRC:99f36cb9-d6c3-4b1b-a90c-5d85b901b3de] In calculating E* under the FCCA, the Authorised Person must build in the effect of possible future market-driven changes by adjusting both the size of the Exposure to the Counterparty and the value of any Collateral received that supports that Counterparty. [#TGT:2680d877-e922-4ecb-8fc1-60f4b4c13314] The adjustments must be made using the specified methods and haircuts designed to capture those potential fluctuations in exposure and collateral values. [#TGT:2680d877-e922-4ecb-8fc1-60f4b4c13314] The result is that the credit risk weighted exposure is based on an exposure measure that already reflects market-movement risk in both legs (exposure and collateral), rather than the unadjusted E. [#SRC:99f36cb9-d6c3-4b1b-a90c-5d85b901b3de] [#TGT:2680d877-e922-4ecb-8fc1-60f4b4c13314]","Measurement of E for pre settlement Counterparty Exposures arising from SFTs. An Authorised Person which has taken eligible financial Collateral for any SFT that is not covered by a qualifying bilateral Netting agreement and using the FCCA, must calculate E* in accordance with Rules A4.3.2 to A4.3.6 in App4, and substitute E* for E when calculating the Credit Risk weighted Exposure amount for that CR Exposure under Section 4.8.","Calculation of E* for collateralised transactions other than OTC Derivative transactions and long settlement transactions. An Authorised Person using the FCCA to calculate E* must adjust both the amount of the Exposure to the Counterparty and the value of any Collateral received in support of that Counterparty to take into account possible future fluctuations in the value of either due to market movements, by using the methods and haircuts set out in Rules A4.3.6 to A4.3.29.",DPEL,,basic,ADGM,hard_enriched,99f36cb9-d6c3-4b1b-a90c-5d85b901b3de,2680d877-e922-4ecb-8fc1-60f4b4c13314,,,4.9.19,APP4.A4.3.2,,,,,HV0050,387a201e22438253,ObliQA-XRef_Out_Datasets/final_large_merged/ObliQA-XRef-ADGM-ALL/final.jsonl,yes,mostly_natural_rephrased,both_needed,
53c811c6ecd14a10,"If a Fund Manager tells its auditor in writing to audit the Fund’s financial statements and to produce a Fund Auditor’s Report, what must the Fund Manager make sure the Auditor says in that report about the accounting standards used, whether the statements are true and fair, whether records were properly kept, whether the Auditor got enough information, and whether the Directors’ or Fund Manager’s report matches the financial statements?","The Fund Manager has to do more than simply appoint an auditor. It must, in writing, require its auditor to conduct an audit of the Fund’s financial statements in accordance with the relevant IAASB standards and to produce a Fund Auditor’s Report on the audited financial statements [#SRC:8949f938-33e5-4393-a256-021917125579]. Then, when it is procuring the production of that Fund Auditor’s Report, the Fund Manager must ensure the Auditor includes specific statements in the report. These include: whether the financial statements were properly prepared in line with the financial reporting standards adopted by the Fund; whether the statements give a true and fair view of the Fund’s financial position (including net income and net gains or losses of the Fund Property, or where relevant the Fund Property attributable to the Sub-Fund) for the annual accounting period and the position at the end of that period; whether proper accounting records have not been kept, or the statements do not agree with the accounting records and returns, or do not comply with applicable standards; whether the Auditor received all information and explanations needed for the audit; whether the information in the Directors’ report or the Fund Manager’s report is consistent with the financial statements; and any other required matter or opinion [#TGT:8a39a0f2-3ac3-4f8c-bf98-2752b5310cce].","Function of the Auditor. A Fund Manager must, in writing, require its auditor to:
(a)	conduct an audit of the Fund's financial statements in accordance with the requirements of the relevant standards published by the International Auditing and Assurance Standards Board (IAASB); and
(b)	produce a Fund Auditor's Report on the audited financial statements in accordance with GEN Rule 6.6.8.","Fund Auditor's Report. A Fund Manager must, in procuring the production of a Fund Auditor's Report, ensure that an Auditor states:
(1)	whether the financial statements have been properly prepared in accordance with the financial reporting standards adopted by the Fund in accordance with FUNDS;
(2)	whether the financial statements give a true and fair view of the financial position of the Fund, including the net income and the net gains or losses of the Fund Property, or, as the case may be, the Fund Property attributable to the Sub-Fund for the annual accounting period in question and the financial position of the Fund or Sub-Fund as at the end of the annual accounting period;
(3)	whether proper accounting records for the Fund, or as the case may be, Sub-Fund, have not been kept, or that the financial statements are not in agreement with the accounting records and returns, or that the financial statements do not comply with the applicable financial reporting standards;
(4)	whether it has been given all the information and explanations which, to the best of its knowledge and belief, are necessary for the purposes of its audit;
(5)	whether the information given in the report of the Directors or in the report of the Fund Manager for that period is consistent with the financial statements; and
(6)	any other matter or opinion required by FUNDS.",SCHEMA,,basic,ADGM,mixed_difficulty,8949f938-33e5-4393-a256-021917125579,8a39a0f2-3ac3-4f8c-bf98-2752b5310cce,,,PART 5.16.3.8,6.6.8,,,,,HV0051,53c811c6ecd14a10,ObliQA-XRef_Out_Datasets/final_large_merged/ObliQA-XRef-ADGM-ALL/final.jsonl,yes,mostly_natural_rephrased,target_only_sufficient,
96d798bb5745edb9,"In the annual report, what does the Reporting Entity need to say about who leads the Board and what decisions the Board keeps versus delegates to Senior Management, and what balance of skills and independence and what resources must the Board and its committees have for both the Reporting Entity and the Listed Entity?","The Reporting Entity’s annual report should name the key people in charge of governance and management—identifying the chairman, any deputy chairman, the Directors, and the chief executive—and it should also give a high-level explanation of which types of decisions are made by the Board and which are delegated to Senior Management [#SRC:35277484-31bd-49fe-956c-02f3ceff5405]. Alongside these disclosures, the Board and its committees must be set up and supported so they have an appropriate balance of skills, experience, independence, and knowledge of the entity’s business, and they must have adequate resources to do their work properly [#SRC:35277484-31bd-49fe-956c-02f3ceff5405]. Adequate resources include being able to access expertise when needed and receiving timely and comprehensive information about the affairs of the entity. The same expectation applies for the Listed Entity: its Board and committees must also maintain the appropriate balance and have adequate resources, including access to expertise and timely, comprehensive information relating to the Listed Entity’s affairs [#TGT:705e3965-3995-437d-abe7-8af619b6bbbb].","Chairman and Chief Executive. The annual report of the Reporting Entity should:
a.	identify the chairman, the deputy chairman (where there is one), the Directors and the chief executive; and
b.	include a high level statement of which types of decisions are to be taken by the Board and which are to be delegated to the Senior Management.
Principle 3 – Board composition and resources
Rule 9.2.5
""The Board and its committees must have an appropriate balance of skills, experience, independence and knowledge of the Reporting Entity's business, and adequate resources, including access to expertise as required and timely and comprehensive information relating to the affairs of the Reporting Entity.""","Principle 3 – Board composition and resources. The Board, and its committees, must have an appropriate balance of skills, experience, independence and knowledge of the Listed Entity's business, and adequate resources, including access to expertise as required and timely and comprehensive information relating to the affairs of the Listed Entity.",SCHEMA,,basic,ADGM,mixed_difficulty,35277484-31bd-49fe-956c-02f3ceff5405,705e3965-3995-437d-abe7-8af619b6bbbb,,,APP 4.20.,9.2.5,,,,,HV0052,96d798bb5745edb9,ObliQA-XRef_Out_Datasets/final_large_merged/ObliQA-XRef-ADGM-ALL/final.jsonl,partial_unclear,too_much_copied_unnatural,both_needed,
c4c8063e2b10f8ea,"When setting expectations for a Reporting Entity’s Corporate Governance framework to support prudent and sound long‑term management in the interests of the Reporting Entity and its Shareholders, to what extent may the Regulator make Rules that prescribe Corporate Governance principles and standards and impose requirements on the Reporting Entity’s board of Directors and individual members, Controllers, employees, or other persons, including matters such as fair treatment of Shareholders and conflicts of interests?","The Regulator is permitted to use Rules to prescribe the Corporate Governance principles and standards that apply to a Reporting Entity, and those Rules may extend beyond high-level governance concepts to include specific requirements applicable to the Reporting Entity’s board of Directors and individual members, Controllers, employees, or any other person as appropriate. Those Rules may also cover requirements relating to fair treatment of Shareholders and provisions to address conflicts of interests, allowing the Regulator to translate governance expectations into concrete, role-specific obligations. This rulemaking permission operates in the context that the Regulator is entitled to enact rules requiring a Reporting Entity to have a Corporate Governance framework that is adequate to promote prudent and sound management of the Reporting Entity in the long-term interest of the Reporting Entity and its Shareholders. Taken together, the passages indicate that the Regulator can both require an adequate governance framework and prescribe detailed principles, standards, and related requirements to support that outcome. [#SRC:f3baa5a3-304f-41e2-b57d-97db937d12c1] [#TGT:d0183f42-1701-4885-9dcb-cb96c2d62d6d]","General. Section 73(2) of the FSMR provides that the Regulator is entitled to enact rules requiring a Reporting Entity to have a Corporate Governance framework which is adequate to promote prudent and sound management of the Reporting Entity in the long term interest of the Reporting Entity and its Shareholders. Accordingly, in providing its explanation in the annual report as noted in 2, a Reporting Entity should aim to illustrate how its actual practices achieve compliance with the outcomes intended by section 73 of the FSMR and the Principles, and thereby contribute to prudent and sound management of the Reporting Entity.","For the purposes of the requirement in subsection ‎(1), the Regulator may by Rules prescribe—
(a)	Corporate Governance principles and standards that apply to a Reporting Entity, including any requirements applicable to its board of Directors and individual members, Controllers, employees or any other person as appropriate;
(b)	requirements relating to fair treatment of Shareholders; and
(c)	provisions to address conflicts of interests.",SCHEMA,,professional,ADGM,mixed_difficulty,f3baa5a3-304f-41e2-b57d-97db937d12c1,d0183f42-1701-4885-9dcb-cb96c2d62d6d,,,APP 4.3.,Part 6.Chapter 2.73.(2),,,,,HV0053,c4c8063e2b10f8ea,ObliQA-XRef_Out_Datasets/final_large_merged/ObliQA-XRef-ADGM-ALL/final.jsonl,yes,mostly_natural_rephrased,both_needed,
1d401bad230c5d15,"If an Investigator needs to go into someone’s business premises to look at and copy documents for an investigation, can the Investigator make the Person Under Investigation (or someone else) allow entry by sending a written notice, and does the visit have to be during normal business hours and only for documents relevant to the investigation?","Yes. The Investigator has permission to enter business premises to inspect and copy documents, but this is tied to the investigation: the documents inspected or copied must be relevant for the purposes of the investigation, and the entry is for that inspection-and-copying purpose [#SRC:6f288073-515c-4e53-9fa5-16c3700d2767]. Separately, the Investigator may, by written notice, require cooperation not only from the Person Under Investigation but also from any other person (even if not connected to the Person Under Investigation). One form of required cooperation is that the person must permit the Investigator to enter the person’s business premises during normal business hours so the Investigator can inspect and copy documents on those premises [#TGT:ba9deea1-694d-4225-bf79-201773a12046]. Putting both together, the Investigator can use a written notice to require the person to allow entry, but the entry is limited to normal business hours under the notice and is limited in scope to inspecting and copying documents on-site that are relevant to the investigation.",Power to enter premises and inspect and copy documents . Section 206(1)(e) of FSMR permits the Investigator to enter business premises for the purpose of inspecting and copying any documents where relevant for the purposes of the investigation.,"The Investigator may, by written notice, require the person who is the Person Under Investigation or any other person (whether or not connected to the Person Under Investigation) to—
(a)	attend an interview at a Specified time and place and answer questions;
(b)	produce at a Specified time and place any Specified Documents or Documents of a Specified description;
(c)	provide such information as the Investigator may require;
(d)	provide such assistance as the Investigator may require; or
(e)	permit the Investigator to enter the business premises of such person during normal business hours for the purpose of inspecting and copying Documents on such premises.",SCHEMA,,basic,ADGM,mixed_difficulty,6f288073-515c-4e53-9fa5-16c3700d2767,ba9deea1-694d-4225-bf79-201773a12046,,,6.6.16,Part 17.206.(1),,,,,HV0054,1d401bad230c5d15,ObliQA-XRef_Out_Datasets/final_large_merged/ObliQA-XRef-ADGM-ALL/final.jsonl,yes,mostly_natural_rephrased,both_needed,
9dcca7d2db679059,"When an Authorised Person is monitoring and controlling its Exposures within the Large Exposures limits, what immediate notification and written follow-up obligations apply if (i) there is any breach of those limits and (ii) a Trading Book portion of a Large Exposure, alone or combined with any Non Trading Book portion, is likely to push the exposure above 25% of Tier 1, including what must be included in the notice to the Regulator?","An Authorised Person must operate controls that detect and respond promptly to limit issues while it monitors and controls Exposures on a daily basis within the Large Exposures limits [#SRC:29db355c-0b9a-45bd-af0b-0e40adbf1675]. If there is any breach of the limits, it must notify the Regulator immediately and then confirm that notification in writing [#SRC:29db355c-0b9a-45bd-af0b-0e40adbf1675]. Separately, where the Trading Book portion of a Large Exposure—either on its own or when added to any Non Trading Book portion—is likely to cause the 25% limit of the Authorised Person’s Tier 1 to be exceeded, the Authorised Person must immediately provide the Regulator with written notice [#TGT:74d112ce-e726-400a-9014-0a771a3717b8]. That written notice must explain the nature of the Trading Book Exposure and must seek specific guidance from the Regulator on the prudential treatment of the Exposure [#TGT:74d112ce-e726-400a-9014-0a771a3717b8]. Taken together, the firm should ensure immediate escalation to the Regulator for both actual breaches and likely exceedances, with written documentation that both confirms the breach notification and, where relevant, provides the required explanation and request for guidance.","Applicability and limits. For the purposes of this Section an Authorised Person must:
(a)	identify its Exposures;
(b)	identify its Counterparties, including whether any are Closely Related to each other or Connected to the Authorised Person;
(c)	measure the size of its Exposures;
(d)	establish the value of its Exposures;
(e)	determine the size of its Exposures as a proportion of its Tier 1;
(f)	identify whether it has Exposures which are subject to the requirements of Section 4.13 (CRM);
(g)	identify which, if any, of its Exposures are exempt in accordance with Section A4.11 from the limits set out in Rules 4.15.4 to 4.15.7;
(h)	aggregate its Exposures to the same Counterparty or group of Closely Related Counterparties or group of Connected Counterparties;
(i)	monitor and control its Exposures on a daily basis within the Large Exposures limits; and
(j)	notify the Regulator immediately of any breach of the limits set out in this Section and confirm it in writing.","Large Exposures limits. Where the portion of a Large Exposure in an Authorised Person's Trading Book on its own or when added to any Non Trading Book portion of a Large Exposure, is likely to cause the 25% limit of its Tier 1 to be exceeded, the Authorised Person must immediately give the Regulator written notice, explaining the nature of its Trading Book Exposure and seeking specific guidance from the Regulator regarding the prudential treatment of any such Exposure.",SCHEMA,,professional,ADGM,mixed_difficulty,29db355c-0b9a-45bd-af0b-0e40adbf1675,74d112ce-e726-400a-9014-0a771a3717b8,,,4.15.3,4.15.6,,,,,HV0055,9dcca7d2db679059,ObliQA-XRef_Out_Datasets/final_large_merged/ObliQA-XRef-ADGM-ALL/final.jsonl,yes,mostly_natural_rephrased,both_needed,
09ed83603d5c9d13,"When preparing its Summary of Reserves and Resources, must a Petroleum Reporting Entity include the specified table in the prescribed form and within the stated timing window, and does that obligation apply if the Petroleum Reporting Entity is required to file SEC compliant Forms 10-K and 20-F Reports annually with the SEC?","A Petroleum Reporting Entity is generally required to include, within its Summary of Reserves and Resources, a table prepared in the form of MKT Form 12-1, and that table must be dated no earlier than one month before the Summary of Reserves and Resources is disclosed [#SRC:cd137cde-9ef8-4ed1-a401-6bf47f8ccb04]. However, the applicability of that requirement is limited for a Petroleum Reporting Entity that is required to file SEC compliant Forms 10-K and 20-F Reports annually with the SEC: such an entity is not required to comply with the underlying requirement that would otherwise impose the table-in-summary obligation [#TGT:b249219a-57ec-4b15-be46-58475357c6c1]. In practice, this means you should first determine whether the entity falls within the SEC annual filing category described; if it does, the entity is carved out from having to comply with the requirement that mandates inclusion of the MKT Form 12-1 table and its associated “no earlier than one month” dating constraint. If it does not, the entity must include the table and meet the timing condition when disclosing the Summary.","Subject to Rule 12.14.3, a Petroleum Reporting Entity must include in its Summary of Reserves and Resources a table in the form of MKT Form 12-1, as of a date no earlier than one month prior to the disclosure of the Summary of Reserves and Resources.",A Petroleum Reporting Entity that is required to file SEC compliant Forms 10-K and 20-F Reports annually with the SEC is not required to comply with Rule 12.14.1.,SCHEMA,,professional,ADGM,mixed_difficulty,cd137cde-9ef8-4ed1-a401-6bf47f8ccb04,b249219a-57ec-4b15-be46-58475357c6c1,,,12.14.1,12.14.3,,,,,HV0056,09ed83603d5c9d13,ObliQA-XRef_Out_Datasets/final_large_merged/ObliQA-XRef-ADGM-ALL/final.jsonl,yes,mostly_natural_rephrased,both_needed,
343c7ec7230ec8a7,"If a Listed Entity had an approval for Securities but that approval later lapses, can it still treat those Securities as approved when working out Relevant Issues and whether it must not issue more Equity Securities without approval from holders of Ordinary Securities?","No. If the approval lapses, the Securities affected can no longer be treated as Securities issued with approval for the purpose of the counting exercise, and they must instead be counted within Relevant Issues [#SRC:76970fb8-577b-4a21-8996-4c8bde4ef2d2]. This directly affects the restriction on new issues because a Listed Entity must not issue, or agree to issue, more Equity Securities than the maximum number calculated by the formula unless it has the approval of the holders of Ordinary Securities [#TGT:a5d5f764-a746-4801-8e14-9584a84d3933]. The formula subtracts Relevant Issues from 20% of the Base Amount, so adding these Securities into Relevant Issues reduces the maximum number the Listed Entity can issue or agree to issue without holder approval [#TGT:a5d5f764-a746-4801-8e14-9584a84d3933]. Practically, once the approval has lapsed, the Listed Entity must recalculate using the revised Relevant Issues figure and ensure it does not proceed with any issue or agreement that would exceed the recalculated maximum unless it first obtains holder approval [#SRC:76970fb8-577b-4a21-8996-4c8bde4ef2d2] [#TGT:a5d5f764-a746-4801-8e14-9584a84d3933].","If the approval under Rule 9.7.5 lapses, the Securities can no longer be counted as Securities issued with approval under Rule 9.7.5 for the purposes of Rule 9.7.1 above, and instead are to be counted within Relevant Issues under Rule 9.7.1.","Restrictions on new Issues of Equity Securities . A Listed Entity must not issue, or agree to issue, more Equity Securities than the number calculated according to the following formula, without the approval of the holders of Ordinary Securities:
Maximum number of Equity Securities = (20% * Base Amount) – Relevant Issues),
where:
Base Amount = the number of fully paid Ordinary Securities on issue as of the date 12 months before the date of issue or agreement (the “12 months Base Amount”), plus the number of:
(1)	fully paid Ordinary Securities issued in the 12 months before the date of issue or agreement under an exception in Rule 9.7.4 other than exceptions (8), (15) or (16);
(2)	fully paid Ordinary Securities issued in the 12 months before the date of issue or agreement under an exception in Rule 9.7.4 other than exception (15), where the agreement was:
(i)	entered into before the commencement of the 12 month period; or
(ii)	approved, or taken under the Rules to have been approved, under Rule 9.7.1 or Rule 9.7.5; and
(3)	any other fully paid Ordinary Securities issued in the 12 months before the date of issue or agreement with approval under Rule 9.7.1 or Rule 9.7.5;
Guidance
The Base Amount may include fully paid Ordinary Securities issued in the 12 months before the date of issue or agreement under an agreement to issue Securities within Rule 9.7.4 exception (14) where the issue is subsequently approved under Rule 9.7.1.
(4)	partly paid Ordinary Securities that became fully paid in the 12 months before the date of issue or agreement,
but subtracting the number of fully paid Ordinary Securities cancelled in the 12 months before the date of issue or agreement.
Relevant Issues = the number of Equity Securities issued, or agreed to be issued, in the 12 months before the date of issue or agreement to issue other than:
(a)	with the approval of the holders of its Ordinary Securities under Rule 9.7.1 or Rule 9.7.5; or
(b)	under an exception in Rule 9.7.4.",SCHEMA,,basic,ADGM,mixed_difficulty,76970fb8-577b-4a21-8996-4c8bde4ef2d2,a5d5f764-a746-4801-8e14-9584a84d3933,,,9.7.6.Guidance,9.7.1,,,,,HV0057,343c7ec7230ec8a7,ObliQA-XRef_Out_Datasets/final_large_merged/ObliQA-XRef-ADGM-ALL/final.jsonl,yes,mostly_natural_rephrased,both_needed,
51d9cf72aea6f0f0,"When a Mining Reporting Entity makes a disclosure that includes forecast financial information derived from a Production Target and also includes ore reserves information supported by a separate report annexed to the disclosure, what must the Mining Reporting Entity include about the assumptions used to determine the forecast financial information, and how must the ore reserves information in the disclosure be presented relative to the separate report?","Where a Mining Reporting Entity’s disclosure contains forecast financial information derived from a Production Target, it must include comprehensive information about the assumptions used to determine that forecast financial information: all material economic assumptions employed; if it considers those material economic assumptions commercially sensitive, it must state that and explain the methodology used to determine them; and it must also include all other material assumptions utilised, together with the Production Target from which the forecast financial information is derived (including the required accompanying information) [#SRC:2c78a258-d9f2-4150-9d2c-ba681d8f9489]. In the same disclosure, if ore reserves information is included and a separate report is prepared and included as an annexure, the information included in the disclosure must be a fair and balanced representation of the information contained in that separate report [#TGT:b8cb4fdb-f627-43ae-90bf-801a549f8d63]. In meeting this obligation, the Mining Reporting Entity is not expected to summarise all information in the separate report; instead, it should include only information that is material to understanding the estimates of Mineral Resources in the separate report and that is not otherwise included in the body of the disclosure [#TGT:b8cb4fdb-f627-43ae-90bf-801a549f8d63].","A Mining Reporting Entity’s disclosure pursuant to Rule 11.9.1 must include:
(1)	in relation to the assumptions used to determine the forecast financial information:
(a)	all material economic assumptions employed;
(b)	if the Mining Reporting Entity considers the material economic assumptions to be commercially sensitive, a statement to that effect and an explanation of the methodology used to determine the material economic assumptions; and
Guidance
A Mining Reporting Entity that considers certain information relating to the material economic assumptions to be commercially sensitive should refer to paragraphs 47-54 of the Guidance on Mining and paragraphs 127 and 128 of the Guidance on Continuous Disclosure.
(c)	all other material assumptions utilised.
(2)	the Production Target from which the forecast financial information is derived (including all the information contained in Rule 11.8.3).","ORE RESERVES . Pursuant to Rule 11.6.1, the information included in the disclosure must be a fair and balanced representation of the information contained in the separate report prepared in accordance with Rule 11.6.2 (which must be included as an annexure to the disclosure).  In complying with this obligation, the FSRA does not expect a Mining Reporting Entity to prepare a summary of all the information contained in the separate report.  Instead, it is expected that that only information which is material to understanding the estimates of Mineral Resources contained in the separate report, that is not otherwise included in the body of the disclosure, be included.",SCHEMA,,professional,ADGM,mixed_difficulty,2c78a258-d9f2-4150-9d2c-ba681d8f9489,b8cb4fdb-f627-43ae-90bf-801a549f8d63,,,11.9.2,48),,,,,HV0058,51d9cf72aea6f0f0,ObliQA-XRef_Out_Datasets/final_large_merged/ObliQA-XRef-ADGM-ALL/final.jsonl,yes,mostly_natural_rephrased,both_needed,
dd9324192c9a7188,"When determining the Credit RWA of an Authorised Person as an aggregate sum that includes the component for Credit Risk Exposures, what calculation steps must the Authorised Person follow to compute and aggregate the RWA for all of its CR Exposures so that this component can be included in the overall Credit RWA total?","Credit RWA for an Authorised Person is defined as an overall total made up of multiple components, including the risk weighted assets for all of its Credit Risk Exposures (CR Exposures) as one of the summed elements [#SRC:5e5b0814-b3c0-441d-b92e-c7fe290a8020]. To produce that CR Exposures component for inclusion in the total, the Authorised Person must calculate RWA for CR Exposures by applying a defined sequence: first determine the Exposure value (E) for every on-balance sheet and off balance sheet asset using the specified exposure measurement methodology and recognising the effects of any applicable CRM; then categorise each Exposure under the applicable rules; then allocate the applicable Credit Quality Grade and risk weight for each Exposure; then compute the RWA amount for each CR Exposure using the formula RWA(CR) = E × CRW, where CRW is the applicable risk weight determined through the categorisation and grading steps; and finally add together the RWA amounts for all CR Exposures to arrive at the aggregate RWA for CR Exposures [#TGT:5c99a9f9-b97d-4f45-834a-0562c13cf368].","The Credit RWA of an Authorised Person is the sum of:
(a)	its risk weighted assets (RWA) for all its Credit Risk Exposures (referred to in these Rules as ""CR Exposures"") calculated in accordance with Rules 4.8.2 and 4.8.3;
(b)	its RWA for all its securitisation Exposures (referred to in these Rules as ""SE Exposures"") calculated in accordance with Rule 4.8.4 and Section 4.14; and
(c)	its RWA for its Counterparty Risk Exposures as calculated in accordance with Sections A4.6 to A4.8.","Calculation of RWA for Credit Risk Exposures (CR Exposures). To calculate its RWA for CR Exposures, an Authorised Person must:
(a)	calculate the value of the Exposure (represented as ""E"") for every on-balance sheet and every off balance sheet asset in accordance with the Exposure measurement methodology specified in Section 4.9 and recognising the effects of any applicable CRM;
(b)	categorise that Exposure in accordance with the Rules in Section 4.10;
(c)	allocate an applicable Credit Quality Grade and risk weight for that Exposure in accordance with the Rules in Section 4.11 and 4.12;
(d)	calculate the RWA amount for that Exposure using the following formula: RWA(CR) = E x CRW
where:
(i)	""RWA(CR)"" refers to the risk weighted Exposure amount for that CR Exposure;
(ii)	""E"" refers to the Exposure value or amount, for that CR Exposure; and
(iii)	""CRW"" refers to the applicable risk weight for that CR Exposure determined in accordance with (b) and (c); and
(e)	add the RWA amounts calculated in accordance with (d) for all its CR Exposures.",SCHEMA,,professional,ADGM,mixed_difficulty,5e5b0814-b3c0-441d-b92e-c7fe290a8020,5c99a9f9-b97d-4f45-834a-0562c13cf368,,,4.8.1.(2),4.8.3,,,,,HV0059,dd9324192c9a7188,ObliQA-XRef_Out_Datasets/final_large_merged/ObliQA-XRef-ADGM-ALL/final.jsonl,yes,mostly_natural_rephrased,both_needed,
301d53276af79a92,"If the Fund Manager of a Passported Fund has to tell the Regulator about a material event as soon as practicable (and within the stated deadline once it becomes aware), what details must be included with the notice, and what extra document is required if the Prospectus has been amended or replaced?","When the Fund Manager of a Passported Fund (and, where applicable, the governing body or trustee) must notify the Regulator of a material event as soon as practicable—and for the listed events no later than seven days after it becomes aware—the notice must be submitted in the prescribed form that the Regulator may direct from time to time [#TGT:7a51b100-c0e6-41bd-809c-d2ae395a9898] [#SRC:a293c037-9b5d-4128-8318-f840f0264d1f]. The notice cannot be just a headline: at a minimum it must be accompanied by reasonable detail of the event, so the Regulator receives enough information about what happened (for example, the nature of the change or occurrence and what it affects) [#SRC:a293c037-9b5d-4128-8318-f840f0264d1f]. If the event being notified is that the Prospectus relating to the Passported Fund has been amended or replaced, the notice must also include a copy of the new Prospectus, so the Regulator receives the updated or replacement Prospectus alongside the notification [#TGT:7a51b100-c0e6-41bd-809c-d2ae395a9898] [#SRC:a293c037-9b5d-4128-8318-f840f0264d1f].","The notification referred to in Rule 6.6.2 must be in such prescribed form as the Regulator may direct from time to time.  At a minimum, the notification must be accompanied by reasonable detail of the event and (where the Prospectus has been amended or replaced) a copy of the new Prospectus.","The Fund Manager of a Passported Fund must notify the Regulator as soon as practicable of any material events, in accordance with applicable ADGM legislation.  In particular (but without limitation), a Fund Manager or the governing body or trustee of a Passported Fund must notify the Regulator as soon as practicable (and in any case no later than seven days after it becomes aware) of any of the following events:
(a)	the Fund Manager intends to retire as manager of the Passported Fund;
(b)	it is proposed that a successor manager will be appointed in relation to the Passported Fund;
(c)	the Fund Manager has been removed or replaced as manager of the Passported Fund;
(d)	any material service provider to the Passported Fund (including, without limitation, any custodian) or an Agent or Licensed Person resigns, is appointed, is removed, or is replaced;
(e)	the Prospectus relating to the Passported Fund has been amended or replaced;
(f)	winding-up of the Passported Fund has commenced; or
(g)	the Fund Manager intends to vary or revoke its Financial Service Permission (or any conditions contained in that Financial Service Permission).",SCHEMA,,basic,ADGM,mixed_difficulty,a293c037-9b5d-4128-8318-f840f0264d1f,7a51b100-c0e6-41bd-809c-d2ae395a9898,,,6.6.3,6.6.2,,,,,HV0060,301d53276af79a92,ObliQA-XRef_Out_Datasets/final_large_merged/ObliQA-XRef-ADGM-ALL/final.jsonl,yes,mostly_natural_rephrased,both_needed,
3a9f52453ae801bb,"When a Relevant Person has maintained records relating to customer due diligence, customer business relationships, transactions, and suspicious activity reporting, what must it do if the Regulator requests a copy of the relevant record, and how does this interact with the requirement to keep those records for a minimum retention period?","A Relevant Person must ensure it both (i) keeps the specified categories of records for the required retention period and (ii) can produce the relevant record promptly when demanded. Specifically, it must, where relevant, maintain records covering documents and information obtained for initial and ongoing CDD or due diligence on business partners; records (originals or certified copies) relating to the customer business relationship (including business correspondence, information relating to a customer’s account, and sufficient transaction records to reconstruct individual transactions); internal findings and analysis for unusual or suspicious transactions or business; internal notifications to its MLRO; Suspicious Activity/Transaction Reports with supporting materials; communications with the FIU; and other expressly required matters, for at least six years from the latest of the report/notification date, the end of the business relationship, or completion of the transaction [#TGT:2bb23374-a3ae-4dd1-af3e-7222ecda1e98]. In addition, upon request, it must immediately provide to the Regulator a copy of the relevant record, and it must likewise provide it to a law enforcement agency where there is a valid and enforceable request or requirement [#SRC:c96c05de-76d2-4f05-b2ea-6f4fb9615094].","A Relevant Person must immediately provide to the Regulator, upon request, or a law enforcement agency, pursuant to a valid and enforceable request or requirement, a copy of the record referred to in Rule 4.5.1.","A Relevant Person must, where relevant, maintain the following records:
(a)	a copy of all documents and information obtained in undertaking initial and ongoing CDD or due diligence on business partners;
(b)	records, consisting of the original documents or certified copies, in respect of the customer business relationship, including:
(i)	business correspondence and other information relating to a customer’s account;
(ii)	sufficient records of transactions to enable individual transactions to be reconstructed; and
(iii)	internal findings and analysis relating to a transaction or any business, if the transaction or business appears unusual or suspicious, whether or not it results in a Suspicious Activity/Transaction Report;
(c)	internal notifications of suspicious activity made to its MLRO under Rule ‎‎14.2.2;
(d)	Suspicious Activity/Transaction Reports and any relevant supporting documents and information, including internal findings and analysis;
(e)	any relevant communications with the FIU;
(f)	the documents in Rule ‎4.6.1; and
(g)	any other matter that the Relevant Person is expressly required to record under these Rules,
for at least six years from the date on which the notification or report was made, the business relationship ends or the Transaction is completed, whichever occurs last.",SCHEMA,,professional,ADGM,mixed_difficulty,c96c05de-76d2-4f05-b2ea-6f4fb9615094,2bb23374-a3ae-4dd1-af3e-7222ecda1e98,,,4.5.2,4.5.1,,,,,HV0061,3a9f52453ae801bb,ObliQA-XRef_Out_Datasets/final_large_merged/ObliQA-XRef-ADGM-ALL/final.jsonl,yes,mostly_natural_rephrased,both_needed,
a806d0f5b2bb456a,"When preparing the weekly position report that a Recognised Investment Exchange must publish and provide to the Regulator for each Derivative admitted to trading, how must the Recognised Investment Exchange distinguish, as far as practicable, between risk-reducing positions tied directly to commercial activities and other positions, while still reporting the required aggregate position details by category of participant?","A Recognised Investment Exchange must produce a weekly position report that is both (i) publicly disclosed and provided to the Regulator and (ii) structured so that positions are separated, to the extent possible, into those that objectively reduce risks directly relating to commercial activities versus other positions. In practice, this means the Recognised Investment Exchange must categorise persons into participant categories and then, within the weekly reporting process, differentiate positions along the two position types while still presenting the report as aggregate positions held by each category of participant for each Derivative admitted to trading. The weekly report must detail, for each relevant category and Derivative, the number of long and short positions, changes since the previous report, the percentage of total open interest represented by each category, and the number of persons holding a position in each category. These content elements must be delivered in the same weekly report that is made public and provided to the Regulator, while the differentiation requirement ensures the report distinguishes risk-reducing commercial positions from other positions as far as practicable. [#SRC:2722b40a-c3fd-4d87-a5aa-65796ac6bdf2] [#TGT:ce2f97e5-2183-47cc-a1b0-23f2db75b226]","Position Reports. For the weekly report referred to under Rule 3.3.12, the Recognised Investment Exchange must:
(a)	categorise persons in accordance with Rule 3.3.15; and
(b)	differentiate, to the extent possible, between positions identified as:
(i)	positions which in an objectively measurable way reduce risks directly relating to commercial activities; and
(ii)	other positions.","Position Reports. A Recognised Investment Exchange must make public, and provide to the Regulator, a weekly report detailing the aggregate positions held by each category of participant for each Derivative that is admitted to trading on the Recognised Investment Exchange, specifying:
(a)	the number of long and short positions by such categories;
(b)	any changes in positions since the previous report;
(c)	the percentage of the total open interest represented by each category of participant; and
(d)	the number of persons holding a position in each category of participant.",SCHEMA,,professional,ADGM,mixed_difficulty,2722b40a-c3fd-4d87-a5aa-65796ac6bdf2,ce2f97e5-2183-47cc-a1b0-23f2db75b226,,,3.3.14,3.3.12,,,,,HV0062,a806d0f5b2bb456a,ObliQA-XRef_Out_Datasets/final_large_merged/ObliQA-XRef-ADGM-ALL/final.jsonl,yes,mostly_natural_rephrased,both_needed,
cee4e7c62e8f66ca,"When a Payment Service User requests information at any time during the term of a Framework Contract, what information must the Payment Service Provider provide, and how does that obligation relate to the minimum information that the Framework Contract itself must include unless the Payment Service Provider and a Payment Service User which is not a Natural Person agree otherwise in writing?","If the Payment Service User requests it at any time during the term of the Framework Contract, the Payment Service Provider must provide (i) the information that the Framework Contract is required to include as its mandatory content (unless the parties have otherwise agreed in writing where the Payment Service User is not a Natural Person) and (ii) any other terms of the Framework Contract beyond that mandatory content. In practice, this means the Payment Service Provider must be able to supply, on request, the full set of required Framework Contract disclosures—covering information about the Payment Service Provider, the Payment Service, charges and exchange rates, communications, safeguards and corrective measures, changes and termination, redress, and (where applicable) Stored Value redemption—together with any additional contractual terms the parties have included. The written “otherwise agreed” carve-out for a Payment Service User which is not a Natural Person affects what must be included as mandatory information in the Framework Contract, but it does not remove the Payment Service Provider’s duty to provide the information that is specified for provision on request, plus the remaining contractual terms, during the contract term. [#SRC:297c1b5c-a066-4f82-b626-7572c7d5de26] [#TGT:08c0ad25-70d0-4613-863a-43b760cfd83b]","If the Payment Service User so requests at any time during the term of the Framework Contract, the Payment Service Provider must provide the information specified in Rule 19.2.1 as well as any other terms of the Framework Contract.
Changes in contractual information","Unless otherwise agreed in writing by a Payment Service Provider and a Payment Service User which is not a Natural Person in accordance with Rule 19.6.1, a Framework Contract between a Payment Service Provider and a Payment Service User must include the following information:
(a)	about the Payment Service Provider:
(i)	the name of the Payment Service Provider;
(ii)	the address and contact details of the Payment Service Provider’s office in ADGM;
(iii)	the name of the Regulator of the Payment Service Provider, and details of the Payment Service Provider’s Financial Service Permission;
(b)	about the Payment Service:
(i)	a description of the main characteristics of the Payment Service to be provided;
(ii)	the information or unique identifier that must be provided by the Payment Service User in order for a Payment Order to be properly initiated and executed;
(iii)	the form and procedure for giving consent to the initiation of a Payment Order or execution of a Payment Transaction and for the withdrawal of consent in accordance with Rule 19.10.1(3);
(iv)	the time of receipt of a Payment Order, in accordance with Rule 19.14.1, and the cut-off time for the processing of a Payment Order, if any, established by the Payment Service Provider;
(v)	the maximum execution time for the Payment Services to be provided; and
(vi)	any spending limits for the use of a Payment Instrument as agreed in accordance with Rule 19.10.2(1);
(c)	about charges and exchange rates:
(i)	details of all charges payable by the Payment Service User to the Payment Service Provider, including those connected to information which is provided or made available and, where applicable, a breakdown of the amounts of all charges;
(ii)	where relevant, details of the exchange rates to be applied or, if Reference Exchange Rates are to be used, the method of calculating the relevant date for determining such Reference Exchange Rates;
(iii)	where relevant and if agreed, the application of changes in Reference Exchange Rates and information requirements relating to any such changes, in accordance with Rule 19.2.5;
(d)	about communication:
(i)	the means of communication agreed between the parties for the transmission of information or notifications including, where relevant, any technical requirements for the Payment Service User’s equipment and software for receipt of the information or notifications;
(ii)	the manner in which and frequency with which information under Chapter 19 is to be provided or made available;
(iii)	the Payment Service User’s right to receive the revised terms of the Framework Contract and any other information in accordance with Rule 19.2.4;
(e)	about safeguards and corrective measures:
(i)	where relevant, a description of the steps that the Payment Service User must to take in order to keep safe a Payment Instrument and how to notify the Payment Service Provider of loss of the Payment Instrument for the purposes of Rule 19.11.1(3);
(ii)	how and within what period of time the Payment Service User must notify the Payment Service Provider of any unauthorised or incorrectly initiated or executed Payment Transaction under Rule 19.17.1;
(iii)	the secure procedure by which the Payment Service Provider will contact the Payment Service User in the event of suspected or actual fraud or security threats;
(iv)	where relevant, the conditions under which the Payment Service Provider proposes to reserve the right to stop or prevent the use of a Payment Instrument in accordance with Rule 19.14.2;
(v)	the Payer’s liability under Rule 19.20.1 including details of any limits on such liability;
(vi)	the Payment Service Provider’s liability for unauthorised Payment Transactions under Rule 19.20.1;
(vii)	the Payment Service Provider’s liability for the initiation or execution of Payment Transactions under Rule 19.21.2 or Rule 19.21.3; and
(viii)	the conditions for the payment of any refund to the Payment Service User under this Chapter.
(f)	about changes to and termination of the Framework Contract:
(i)	where relevant, the proposed terms under which the Payment Service User will be deemed to have accepted changes to the Framework Contract in accordance with Rule 19.2.5, unless they notify the Payment Service Provider that they do not accept such changes before the proposed date of their entry into force;
(ii)	the duration of the Framework Contract;
(iii)	where relevant, the right of the Payment Service User to terminate the Framework Contract and any agreements relating to termination in accordance with Rule 19.2.8.
(g)	about redress:
(i)	any contractual clauses on the law applicable to the Framework Contract and the competent courts; and
(ii)	the availability of any alternative dispute resolution procedures, if applicable,  for the Payment Service User and the methods for having access to them.
(h)	if the Payment Service involves the issuance of Stored Value, about the redemption of Stored Value, including the conditions of redemption and any related Fees.",SCHEMA,,professional,ADGM,mixed_difficulty,297c1b5c-a066-4f82-b626-7572c7d5de26,08c0ad25-70d0-4613-863a-43b760cfd83b,,,19.2.3,19.2.1,,,,,HV0063,cee4e7c62e8f66ca,ObliQA-XRef_Out_Datasets/final_large_merged/ObliQA-XRef-ADGM-ALL/final.jsonl,yes,mostly_natural_rephrased,both_needed,
6110e9833cd25477,"If a Relevant Person is assessing a customer and deciding whether to rate them high risk because of the countries involved, what kinds of reports and organisations count as credible sources for deciding that a country has weak anti-money laundering controls, high corruption or crime, sanctions exposure, or terrorism links?","A Relevant Person must, when carrying out a risk-based assessment of a customer and deciding whether to assign a high-risk rating, consider all relevant risk factors that reasonably apply to the customer, including geographical or jurisdictional risk factors about the countries connected to the customer [#TGT:938ee9c6-a91c-4702-9039-d34906f00b5c]. Those country factors include whether countries are identified by credible sources as not having effective systems to counter money laundering, not implementing measures consistent with FATF Recommendations, having significant corruption or other criminal activity (including terrorism, money laundering, or illicit drugs), being subject to sanctions or similar measures, providing funding or support for terrorism, or having organisations designated as terrorist organisations operating in their territory [#TGT:938ee9c6-a91c-4702-9039-d34906f00b5c]. For deciding what counts as a “credible source” for these purposes, credible sources include (but are not limited to) mutual evaluations and detailed assessment or follow-up reports issued by FATF, the International Monetary Fund (IMF), the World Bank, the OECD, and other International Organisations [#SRC:d9e3fef9-b049-4b8f-9140-4d98002c3dab]. So, the Relevant Person should rely on these kinds of reports and issuers when identifying higher-risk countries and then factor that into the customer’s overall risk rating decision [#TGT:938ee9c6-a91c-4702-9039-d34906f00b5c] [#SRC:d9e3fef9-b049-4b8f-9140-4d98002c3dab].","For the purposes of ‎7.1.2(1)(c), a credible source includes, but is not limited to, mutual evaluations, detailed assessment reports or follow-up reports issued by FATF, the International Monetary Fund (“IMF”), the World Bank, the OECD and other International Organisations.","When undertaking a risk-based assessment of a customer and considering whether or not to assign a high-risk rating under ‎7.1.1(1)(b), a Relevant Person must take into account all relevant risk factors that would reasonably apply to the customer, including but not limited to:
(a)	customer risk factors, including whether the:
(i)	business relationship is conducted in unusual circumstances;
(ii)	customer is resident, established, registered or conducts business in a geographical area or jurisdiction of high risk (as set out in paragraph (c));
(iii)	customer is a Legal Person or a Legal Arrangement that is a vehicle for holding personal assets;
(iv)	customer is a company that has nominee shareholders or shares in bearer form;
(v)	customer is a business that is cash intensive, such as a business that receives a majority of its revenue in cash;
(vi)	corporate structure of the customer or any group to which it belongs is unusual or excessively complex given the nature of the business;
(b)	product, service, transaction or delivery channel risk factors, including whether:
(i)	the service involves private banking;
(ii)	the product, service or transaction is one that might allow for anonymity or obfuscation of the true identity of any of the parties involved in the transaction;
(iii)	the situation involves NFTF business relationships or transactions, or lacks appropriate safeguards, such as electronic signatures or eKYC;
(iv)	payments will be received from unknown or unassociated third parties;
(v)	the service involves the provision of nominee directors, nominee shareholders or shadow directors, or the formation of companies in another country;
(vi)	new products and new business practices are involved, including new delivery mechanisms or the use of new or developing technologies for both new and pre-existing products; and
(c)	geographical or jurisdictional risk factors, including whether the relevant country or countries:
(i)	are identified by credible sources, as:
(A)	not having effective systems to counter money laundering; or
(B)	not implementing requirements to counter money laundering that are consistent with FATF Recommendations;
(ii)	are identified by credible sources as having significant levels of corruption or other criminal activity, such as terrorism, money laundering or the production and supply of illicit drugs;
(iii)	are subject to Sanctions, embargos or similar measures issued by, for example, the United Nations or the State;
(iv)	are identified by credible sources as providing funding or support for terrorism;
(v)	have organisations operating within their territory that have been designated by the State, other countries or International Organisations as terrorist organisations.",SCHEMA,,basic,ADGM,mixed_difficulty,d9e3fef9-b049-4b8f-9140-4d98002c3dab,938ee9c6-a91c-4702-9039-d34906f00b5c,,,7.1.2.(2),7.1.2.(1),,,,,HV0064,6110e9833cd25477,ObliQA-XRef_Out_Datasets/final_large_merged/ObliQA-XRef-ADGM-ALL/final.jsonl,yes,mostly_natural_rephrased,both_needed,
5b25e6b288de8e80,"If the Fund Manager of a Public Fund tells the Regulator it wants the Public Fund to be a Passported Fund, what must it do if it later finds a significant change, mistake, or missing information that matters to that notice before Promotion starts in a Host Jurisdiction, and what will the Regulator do next?","After the Fund Manager of a Public Fund decides to use the passporting procedures and notifies the Regulator that it intends the Public Fund to be a Passported Fund [#TGT:9ca2c478-4456-4c79-b447-743632309a37], it has an ongoing duty to address problems that could affect that notice. If, in the period after that notification and before Promotion begins in a Host Jurisdiction, the Fund Manager becomes aware of any material change, error, or omission that is reasonably likely to be relevant to what it told the Regulator, the Fund Manager must send the Regulator a written notice without delay [#SRC:b27b7465-dcf2-43cf-a342-6f999ce5dadc]. This requirement applies when the issue is important (material) and when it is reasonably likely to matter to the earlier notification, and it applies whether the issue is new information, a correction of a mistake, or filling in something that was left out. Once the Regulator receives that written notice, it will promptly pass all relevant details of the material change, error, or omission to the relevant Host Regulator [#SRC:b27b7465-dcf2-43cf-a342-6f999ce5dadc].","If, at any time between the notification pursuant to Rule 3.2.2 and the commencement of Promotion in a Host Jurisdiction, the Fund Manager becomes aware of any material change, error, or omission reasonably likely to be relevant to such notification, the Fund Manager shall give written notice to the Regulator without delay.  The Regulator will promptly provide the relevant Host Regulator with all relevant details of the material change, error or omission.","If the Fund Manager of a Public Fund wishes to use the passporting procedures under these Rules, it must notify the Regulator of its intention that the Public Fund be a Passported Fund.",SCHEMA,,basic,ADGM,mixed_difficulty,b27b7465-dcf2-43cf-a342-6f999ce5dadc,9ca2c478-4456-4c79-b447-743632309a37,,,3.2.9,3.2.2,,,,,HV0065,5b25e6b288de8e80,ObliQA-XRef_Out_Datasets/final_large_merged/ObliQA-XRef-ADGM-ALL/final.jsonl,yes,mostly_natural_rephrased,both_needed,
ebd9610d5d4d47a7,"If an Authorised Person decides to lower the value of its Exposures using credit risk mitigation options like provisions, netting, collateral, guarantees, credit derivatives, or securitisation, what policy must it write down about using any exclusions, and how does that fit with the fact the reductions are optional?","An Authorised Person is allowed to reduce the value of its Exposures, and it can choose to do so at its discretion, by using one or more listed credit risk mitigation approaches. These include reducing by specific provisions tied to credit loss risk (and not general reserves), netting claims and liabilities to a Counterparty if the stated conditions are met, recognising eligible Collateral that meets the stated type and requirements, recognising eligible guarantees, recognising qualifying Credit Derivatives that meet the stated conditions, and recognising securitisation transactions that transfer Credit Risks if the stated conditions are met [#TGT:9ae2763f-2e1a-4afb-ac8e-f57ce03a81c3]. Even though using these reductions is optional, the Authorised Person still has a mandatory governance step: it must document its policy for how it will use any exclusions that apply within this recognition framework [#SRC:5a4ad383-0e7b-476f-84ee-d6bce45b2270]. So, discretion applies to whether and which mitigation methods are used, but documentation is required to control and evidence how exclusions are applied when the Authorised Person uses them.",Recognition of Credit Risk mitigations. An Authorised Person must document its policy for the use of any of the exclusions in Rule 4.15.12.,"Recognition of Credit Risk mitigations. For the purposes of this Section, an Authorised Person may reduce the value of its Exposures, at its discretion, by any one or more of the following:
(a)	the amount of any specific provision made, where the provision relates to the risk of a credit loss occurring on that Exposure and is not held as part of a general provision or reserve against its Credit Risks;
(b)	Netting its claims on and liabilities to a Counterparty, provided that the conditions in Section 4.13 of CRM are met;
(c)	the amount of Collateral held against its Exposures, where that Collateral is of a type listed based on the FCSA and FCCA approaches and meeting the requirements under Section 4.13;
(d)	the amount of any eligible guarantees as permitted under Section 4.13.9;
(e)	the value of a Credit Derivative, where the Credit Derivative is an instrument included in Rule 4.13.11 and the transaction meets the conditions set out in that Section; and
(f)	the effects of transactions transferring Credit Risks from the Authorised Person to another party through securitisation, provided that the conditions in Section 4.14 are met.",SCHEMA,,basic,ADGM,mixed_difficulty,5a4ad383-0e7b-476f-84ee-d6bce45b2270,9ae2763f-2e1a-4afb-ac8e-f57ce03a81c3,,,4.15.17,4.15.12,,,,,HV0066,ebd9610d5d4d47a7,ObliQA-XRef_Out_Datasets/final_large_merged/ObliQA-XRef-ADGM-ALL/final.jsonl,yes,mostly_natural_rephrased,both_needed,
e01e9f1e9dd5fd16,"If someone files a Supplementary Prospectus, when can the Regulator ask for an extra fee, and is that the same kind of situation where the Regulator can charge an extra fee for other filings or supervision work?","A Supplementary Prospectus filing does not automatically mean a fee must be paid. The Regulator can only ask for a supplementary fee if reviewing that Supplementary Prospectus will require the Regulator to incur substantial additional costs or to spend substantial additional effort in carrying out its review [#SRC:cec237a1-c364-4ed0-9197-dcac6160defb]. This is consistent with the wider permission for the Regulator to require a Person to pay a supplementary fee in situations where the Regulator expects substantial additional costs or substantial additional effort in dealing with regulatory matters such as an application, an authorisation, a filing, or on-going supervision [#TGT:64a0df5a-e946-4496-9fd3-244340c2a080]. In other words, the key trigger is not simply that a document was filed, but that the Regulator’s work on it is expected to be unusually resource-intensive. The Supplementary Prospectus example fits within the broader category of “filing” situations where extra cost or effort justifies an additional fee.","The filing of a Supplementary Prospectus does not trigger the payment of a fee unless the review of the Supplementary Prospectus will require the Regulator to incur substantial additional costs or expend substantial additional effort when conducting its review, in which event the Regulator may require payment of a supplementary fee in accordance with Rule 1.2.4.","Supplementary fees
The Regulator may require a Person to pay to the Regulator a supplementary fee in circumstances where it expects to incur substantial additional costs or expend substantial additional effort in dealing with an application, authorisation, filing or when conducting on-going supervision.",SCHEMA,,basic,ADGM,mixed_difficulty,cec237a1-c364-4ed0-9197-dcac6160defb,64a0df5a-e946-4496-9fd3-244340c2a080,,,9.3.1.Guidance,1.2.4,,,,,HV0067,e01e9f1e9dd5fd16,ObliQA-XRef_Out_Datasets/final_large_merged/ObliQA-XRef-ADGM-ALL/final.jsonl,yes,mostly_natural_rephrased,both_needed,
d350ec23b14294f4,"When an Exempt Fund can no longer satisfy the conditions needed to remain classified as an Exempt Fund, what must the Fund Manager do in relation to applying for the winding up of that Fund, and how does the availability of converting the Fund to a Qualified Investor Fund depend on whether the Fund meets the criteria for a Domestic Fund to be treated as a Qualified Investor Fund (including how its Units are offered and who may be Unitholders)?","If an Exempt Fund can no longer meet the relevant conditions required for it to remain classified as an Exempt Fund, the Fund Manager of that Fund is required to apply for the winding up of that Fund [#SRC:6e2b3cea-7166-4cff-a20a-f10f87ba8b03]. Instead of winding up, the Fund Manager may pursue an alternative regulatory outcome by changing the Fund’s classification, including converting the Fund to a Qualified Investor Fund, but only if the Fund meets the conditions applicable to a Qualified Investor Fund [#SRC:6e2b3cea-7166-4cff-a20a-f10f87ba8b03]. In assessing whether conversion to a Qualified Investor Fund is available for a Domestic Fund, the Fund Manager must ensure the Domestic Fund satisfies the defining criteria for being treated as a Qualified Investor Fund: its Units must be offered only by way of a private placement, and all its Unitholders must meet the criteria to be classified as Professional Clients [#TGT:edeb67fb-b685-4937-bc79-820dd671f855]. If those Domestic Fund criteria are not met, the Fund would not qualify on that basis as a Qualified Investor Fund, and the Fund Manager would need to proceed with the required winding-up application triggered by the loss of Exempt Fund conditions, or consider another permitted reclassification route [#SRC:6e2b3cea-7166-4cff-a20a-f10f87ba8b03].","If an Exempt Fund can no longer meet the relevant conditions set out in Rule ‎3.3.3 to be classified as an Exempt Fund, the Fund Manager of that Fund is required, under Section 112 of the FSMR, to apply for the winding up of that Fund. Alternatively, the Fund Manager may have that Fund moved to the classification of a Public Fund, which requires the satisfaction of the requirements and formalities specific to that type of Fund. An Exempt Fund may also, if it wishes to, convert to a Qualified Investor Fund provided it meets the conditions applicable to a Qualified Investor Fund in Rule ‎3.3.4.","A Domestic Fund is a Qualified Investor Fund, if:
(a)	its Units are offered to persons only by way of a private placement;
(b)	all its Unitholders are persons who meet the criteria to be classified as Professional Clients; and
(c)	the initial subscription to be paid by a person to become a Unitholder is at least US$500,000.",SCHEMA,,professional,ADGM,mixed_difficulty,6e2b3cea-7166-4cff-a20a-f10f87ba8b03,edeb67fb-b685-4937-bc79-820dd671f855,,,PART 5.14.1.Guidance.1,PART 2.3.3.4.(1),,,,,HV0068,d350ec23b14294f4,ObliQA-XRef_Out_Datasets/final_large_merged/ObliQA-XRef-ADGM-ALL/final.jsonl,yes,mostly_natural_rephrased,both_needed,
46321a06af84dda3,"If Securities are being admitted to trading on a Recognised Investment Exchange, when does the prohibition not apply because the Securities are treated as Exempt Securities, and what kinds of Securities count as Exempt Securities under the Regulator’s prescribed list?","The prohibition does not apply to admitting Securities to trading on a Recognised Investment Exchange when the Securities being admitted are Exempt Securities, but this is not a blanket exclusion: the admission is still subject to the separate requirement that applies to this situation [#SRC:f70272ac-30bf-4e62-92d7-8b863f75cdf9]. To know whether the exclusion is available, you must check whether the Securities fit within one of the types the Regulator has prescribed as Exempt Securities [#TGT:16a48ee7-becd-40f8-8af0-17dbcd09dfc0]. Those types include, for example: small additional issuances of shares of the same class already admitted (measured over 12 months); replacement shares with no increase in issued capital; Securities linked to a takeover offer or merger where a document with information the Regulator regards as equivalent to a prospectus is available; rights issues or free/share-dividend issues where the Securities are the same class and an information document is made available; offers to directors, employees, or close relatives with the same-class and document conditions; shares created by conversion or exercise into the same class; and certain admissions from another market where trading history, ongoing compliance, and an English summary document approved by the Regulator are provided. If none of these definitions fits, the exclusion does not apply.","The prohibition in section 61(1) of the FSMR does not apply, subject to the requirement in Rule 4.4.2, to the admission to trading on a Recognised Investment Exchange of Securities that are Exempt Securities under Rule 4.4.1.","For the purposes of section 61(3)(b) of the FSMR the Regulator hereby prescribes the types of Securities that are Exempt Securities:
(1)	Shares representing, over a period of 12 months, less than 10% of the number of Shares of the same class already admitted to trading on the same Recognised Investment Exchange;
(2)	Shares issued in substitution for Shares of the same class already admitted to trading on the same Recognised Investment Exchange, if the issue of the Shares does not involve any increase in the issued capital;
(3)	Securities offered in connection with a Takeover Offer, if a document is available containing information which is regarded by the Regulator as being equivalent to that of a Prospectus;
(4)	Securities offered, allotted or to be allotted in connection with a merger, if a document is available containing information which is regarded by the Regulator as being equivalent to that of the Prospectus;
(5)	Securities offered, allotted or to be allotted in connection with a rights issue if:
(a)	the Securities are of the same class as the Securities already admitted to trading on the same Recognised Investment Exchange; and
(b)	a document is made available containing information on the number and nature of the Securities and the reasons for and details of the Offer;
(6)	Shares offered, allotted or to be allotted to existing Shareholders free of charge, or in respect of dividends paid out in the form of Shares of the same class as the Shares in respect of which the dividends are paid, if:
(a)	the Shares are of the same class as the Shares already admitted to trading on the same Recognised Investment Exchange; and
(b)	a document is made available containing information on the number and nature of the Shares and the reasons for and details of the Offer;
(7)	Securities offered, allotted or to be allotted to an existing or former Director or Employee, or any Close Relative of such a Director or Employee, of the Issuer or a member of the same Group as the Issuer and if:
(a)	the Securities are of the same class as the Securities already admitted to trading on the same Recognised Investment Exchange; and
(b)	a document is made available containing information on the number and nature of the Securities and the reasons for and detail of the Offer;
(8)	Shares resulting from the conversion or exchange of other Securities or from the exercise of the rights conferred by other Securities, if the Shares are of the same class as the Shares already admitted to trading on the same Recognised Investment Exchange; or
(9)	Securities already admitted to trading on another Recognised Investment Exchange or Regulated Exchange (the ""Other Market""), where:
(a)	the Securities, or Securities of the same class, have been admitted to trading and continuously traded on the Other Market for more than 18 months;
(b)	the on-going obligations for trading on that Other Market have been complied with; and
(c)	the Person requesting the admission to trading of the Securities under this exemption makes a summary document in the English language which is approved by the Regulator in accordance with the requirements in section 4.6 and published:
(i)	containing the information set out in Rule 4.5.2(1)(b);
(ii)	stating where the most recent and current Prospectus, if any, can be obtained; and
(iii)	specifying where the financial information disclosed by the Issuer pursuant to its on-going disclosure obligations of the Other Market is available.
(10)	Securities offered in connection with any issue of Securities under Rules 9.7.1 or 9.7.4, where the Securities are of the same class already admitted to trading on the same Recognised Investment Exchange.",SCHEMA,,basic,ADGM,mixed_difficulty,f70272ac-30bf-4e62-92d7-8b863f75cdf9,16a48ee7-becd-40f8-8af0-17dbcd09dfc0,,,4.4.Guidance.2.,4.4.1,,,,,HV0069,46321a06af84dda3,ObliQA-XRef_Out_Datasets/final_large_merged/ObliQA-XRef-ADGM-ALL/final.jsonl,yes,mostly_natural_rephrased,both_needed,
7745e6835dca8da7,"When can a letter of credit count as a qualifying letter of credit that the Regulator may allow to be included as eligible capital, and what specific features must it have (like being enforceable in ADGM or an approved jurisdiction, not needing all-party consent to change, no collateral required from the Captive Insurer, and the bank’s rating and regulation)?","A letter of credit can be treated as a qualifying letter of credit only if it both meets the required conditions for the relevant requirements and the Regulator allows it to be included as eligible capital [#SRC:09531ba6-44f7-4113-bdf4-943582ecc05c]. Meeting the required conditions means the letter of credit must be unconditional and irrevocable, and it must not include a subordination clause [#TGT:27f296e6-bc33-466d-b0c3-d6ff38a741d3]. It must be legally enforceable in ADGM or in another jurisdiction that the Regulator has approved for this purpose, and it must not be capable of being cancelled or amended unless all parties consent [#TGT:27f296e6-bc33-466d-b0c3-d6ff38a741d3]. It also needs to be for a fixed amount and renewable annually [#TGT:27f296e6-bc33-466d-b0c3-d6ff38a741d3]. The agreement between the bank and the Captive Insurer must not require the Captive Insurer to give collateral to the bank as a condition for issuing the letter of credit [#TGT:27f296e6-bc33-466d-b0c3-d6ff38a741d3]. Finally, the bank providing it must be rated at least BBB+ by Standard & Poor’s (or an equivalent rating by another Approved Rating Agency) and be regulated in ADGM or another jurisdiction approved by the Regulator, at issue and afterwards [#TGT:27f296e6-bc33-466d-b0c3-d6ff38a741d3].","A letter of credit is a qualifying letter of credit if:
(a)	it meets the requirements in Rule ‎3.1.4(2); and
(b)	the Regulator allows, under Rule 2(2)(a), that it be included as eligible capital.","A letter of credit meets the requirements of this Rule 3.1.4(2) if:
(a)	it is unconditional and irrevocable;
(b)	it does not contain a subordination clause;
(c)	it is legally enforceable in ADGM or any other jurisdiction approved for this purpose by the Regulator;
(d)	it cannot be cancelled or amended without the consent of all parties;
(e)	it is for a fixed amount;
(f)	it is renewable annually;
(g)	the terms of the agreement between the bank and the Captive Insurer do not require the Captive Insurer to give collateral to the bank for issuing the letter of credit; and
(h)	the bank that provides the letter of credit is, at the time of issue, and afterwards:
(i)	rated at least BBB+ by Standard & Poor's or the equivalent by another Approved Rating Agency; and
(ii)	regulated in ADGM or any other jurisdiction approved for this purpose by the Regulator.",SCHEMA,,basic,ADGM,mixed_difficulty,09531ba6-44f7-4113-bdf4-943582ecc05c,27f296e6-bc33-466d-b0c3-d6ff38a741d3,,,3.1.4.(1),3.1.4.(2),,,,,HV0070,7745e6835dca8da7,ObliQA-XRef_Out_Datasets/final_large_merged/ObliQA-XRef-ADGM-ALL/final.jsonl,yes,mostly_natural_rephrased,both_needed,
8ff811107a4ee8b8,"Where investments are made using Musharaka or Mudaraba contracts with commodities as the underlying assets, how must an Authorised Person calculate its Commodities Risk Capital Requirement, including the required treatment of Trading Book and Non Trading Book commodity positions and the permitted calculation approaches?","Where investments are made using Musharaka or Mudaraba contracts with commodities as the underlying assets, an Authorised Person must calculate its Commodities Risk Capital Requirement in the manner required for commodity exposures [#SRC:bbd0d60b-0179-4756-8de1-848cacc7db4e]. In doing so, the calculation must cover commodity positions in both the Trading Book and the Non Trading Book, rather than being limited to one book only [#TGT:e93a335b-caf1-4776-842f-11bd1e28aefe]. The Authorised Person must then apply one of the specified calculation approaches: either use its internal Market Risk model, provided that model has been approved by the Regulator for the purpose of calculating the Commodities Risk Capital Requirement, or apply the prescribed rules set out for this calculation method [#TGT:e93a335b-caf1-4776-842f-11bd1e28aefe]. Accordingly, when the commodity exposure arises through Musharaka or Mudaraba structures, the firm must ensure it selects an allowed approach and applies it consistently to the relevant Trading Book and Non Trading Book commodity positions to arrive at the Commodities Risk Capital Requirement [#SRC:bbd0d60b-0179-4756-8de1-848cacc7db4e] [#TGT:e93a335b-caf1-4776-842f-11bd1e28aefe].","Market risk. Where investments are made using Musharaka or Mudaraba contracts with commodities as the underlying assets, an Authorised Person must calculate its Commodities Risk Capital Requirement in accordance with PRU Rule 5.7.1.","An Authorised Person in Category 1, 2 or 5 must calculate its Commodities Risk Capital Requirement in respect of Trading Book and Non Trading Book commodity positions by:
(a)	applying its internal Market Risk model which has been approved by the Regulator for this purpose; or
(b)	applying the Rules set out in Section A6.5.",SCHEMA,,professional,ADGM,mixed_difficulty,bbd0d60b-0179-4756-8de1-848cacc7db4e,e93a335b-caf1-4776-842f-11bd1e28aefe,,,5.4.10,5.7.1,,,,,HV0071,8ff811107a4ee8b8,ObliQA-XRef_Out_Datasets/final_large_merged/ObliQA-XRef-ADGM-ALL/final.jsonl,yes,mostly_natural_rephrased,both_needed,
2b8ee19ae20c88cf,What must a Third Party Provider do to ensure its professional indemnity insurance both remains adequate to reimburse Customers if operational risk events occur and also stays above the required threshold tied to recent Third Party Transactions?,"A Third Party Provider must maintain professional indemnity insurance coverage that is sufficient in purpose and effect to reimburse Customers if operational risk events occur, meaning the coverage must be kept at a level that can respond to losses arising from such events and support customer reimbursement when needed [#SRC:c9a29acd-37bb-40cb-9516-3121dbf18b53]. In addition to that customer-protection objective, the Third Party Provider must continuously monitor its remaining professional indemnity insurance coverage and ensure it does not fall below a quantitative floor linked to its transaction activity: at all times, the remaining coverage must be greater than thirty times the average daily value of all Third Party Transactions over the past ninety calendar days [#TGT:aaaa3ad8-9dea-490e-bd62-04177ed8aa0b]. Practically, this requires the Third Party Provider to track Third Party Transactions over the rolling ninety-day period, calculate the average daily value, apply the thirty-times multiplier, and compare the result to the remaining coverage so that coverage is maintained and adjusted as transaction volumes change, while still meeting the overarching requirement that coverage be sufficient to reimburse Customers following operational risk events [#SRC:c9a29acd-37bb-40cb-9516-3121dbf18b53] [#TGT:aaaa3ad8-9dea-490e-bd62-04177ed8aa0b].",Rule 6.12A.2 requires a Third Party Provider to maintain sufficient professional indemnity insurance coverage to reimburse Customers should operational risk events occur.,Transaction Limits. A Third Party Provider must ensure that its remaining professional indemnity insurance coverage is always greater than thirty times the average daily value of all Third Party Transactions in the past ninety calendar days.,SCHEMA,,professional,ADGM,mixed_difficulty,c9a29acd-37bb-40cb-9516-3121dbf18b53,aaaa3ad8-9dea-490e-bd62-04177ed8aa0b,,,6.12A.4.Guidance.2.,6.12A.2,,,,,HV0072,2b8ee19ae20c88cf,ObliQA-XRef_Out_Datasets/final_large_merged/ObliQA-XRef-ADGM-ALL/final.jsonl,yes,mostly_natural_rephrased,both_needed,
1e44cabdde5dba07,"When the Customer is not a Natural Person and the Customer and the Third Party Provider have agreed in writing to disapply the provisions governing withdrawal of consent, to what extent may the Customer still withdraw consent to a series of Third Party Transactions, and what is the authorisation status of previously consented but unexecuted Third Party Transactions at the time of withdrawal, taking into account the stated condition that applies to withdrawal?","If the Customer is not a Natural Person, the Customer and the Third Party Provider are permitted to agree in writing that the provisions dealing with withdrawal of consent do not apply [#SRC:10510c2c-99d3-4cba-bac5-61cda5d00d44]. Absent (or unless overridden by) such a written agreement, the Customer is permitted to withdraw consent to a series of Third Party Transactions at any time, but this permission operates subject to the stated condition that applies to withdrawal [#TGT:e4c92e77-6fe0-46b4-a71f-9f3a479ee273]. Where consent is withdrawn under that permission, any Third Party Transactions that were previously consented to but have not yet been executed at the time of withdrawal will no longer be regarded as authorised [#TGT:e4c92e77-6fe0-46b4-a71f-9f3a479ee273]. Accordingly, compliance should confirm (i) whether the Customer is not a Natural Person, and (ii) whether there is a written agreement between the Customer and the Third Party Provider disapplying the withdrawal-of-consent provisions; if so, the default ability to withdraw consent and the resulting change in authorisation status may not apply as described [#SRC:10510c2c-99d3-4cba-bac5-61cda5d00d44].","Where the Customer is not a Natural Person, the Customer and the Third Party Provider may agree in writing that the following Rules do not apply:
(a)	Rules 20.2.15 and 20.2.16 (charges for information);
(b)	Rule 20.7.3 and 20.7.4 (withdrawal of consent);
(c)	Rule 20.8.2 (revocation of a Payment Order);
(d)	Rules 20.10.1 and 20.10.2 (requests for refund);
(e)	Rule 20.11.1 (evidence on authentication and execution);
(f)	Rule 20.12.5 (liability for charges); and
the parties may agree that a different time period applies concerning unauthorised or incorrectly executed Payment Transactions for the purposes of Rule 20.10.1.","Subject to Rule 20.8.2, the Customer may withdraw consent to a series of Third Party Transactions at any time.  All Third Party Transactions which have been previously consented to but not yet executed at the time that consent has been withdrawn will no longer be regarded as authorised.",SCHEMA,,professional,ADGM,mixed_difficulty,10510c2c-99d3-4cba-bac5-61cda5d00d44,e4c92e77-6fe0-46b4-a71f-9f3a479ee273,,,20.4.1,20.7.4,,,,,HV0073,1e44cabdde5dba07,ObliQA-XRef_Out_Datasets/final_large_merged/ObliQA-XRef-ADGM-ALL/final.jsonl,yes,mostly_natural_rephrased,both_needed,
77032a5135185e5a,"If a Petroleum Reporting Entity is disclosing material Contingent Resources estimates for the first time, what must it say about the types of permits or licences it holds, and what other required explanations must it include about the data, the basis for the discovery, and how the estimates were made?","If a Petroleum Reporting Entity discloses material estimates of Contingent Resources that it has not previously disclosed, it must include the types of permits or licences it holds that relate to the estimates and are relevant to the disclosed Contingent Resources estimates [#SRC:a9ffc27d-5147-4066-826f-22c25cd1e704] [#TGT:cd78e857-9a44-49d6-932d-db3b31f20dec]. It must also explain the new data and information and explain how that new data and information affected the estimates (including Contingent Resources), and it must describe any changes or additions to information it previously disclosed that relates to Contingent Resources [#SRC:a9ffc27d-5147-4066-826f-22c25cd1e704]. Alongside those points, it must provide the basis for confirming a significant quantity of potentially moveable Petroleum and for determining that a discovery has been made, and it must describe the method used to estimate the Contingent Resources, the key contingencies that led to the Contingent Resources classification, and any further appraisal drilling and evaluation work that will be undertaken to assess commercial recovery and progress the project [#TGT:cd78e857-9a44-49d6-932d-db3b31f20dec]. If the estimates depend on technology under development or involve Unconventional Petroleum Resources, the disclosure must also include the additional specified explanations and details for those situations [#TGT:cd78e857-9a44-49d6-932d-db3b31f20dec].","A Petroleum Reporting Entity making a disclosure under Rule 12.6.1 must ensure the disclosure contains:
(1)	the types of permits or licences held by the Petroleum Reporting Entity relating to the estimates;
(2)	an explanation of the new data and information;
(3)	an explanation of how the new data and information has affected the estimates of Prospective Resources, Contingent Resources or Petroleum Resources; and
(4)	any changes or additions to the information previously disclosed relating to:
(a)	Prospective Resources under Rules 12.8.1(1) to 12.8.1(4);
(b)	Contingent Resources under Rules 12.10.1(1) to 12.10.1(5); and
(c)	Petroleum Reserves under Rules 12.12.1(1) to 12.12.1(7).","A Petroleum Reporting Entity disclosing estimates of Contingent Resources that are material, and that have not previously been disclosed by the Petroleum Reporting Entity, must ensure the disclosure contains:
(1)	the types of permits or licences held by the Petroleum Reporting Entity relevant to the disclosed estimates of Contingent Resources;
(2)	the basis for, confirming the existence of a significant quantity of potentially moveable Petroleum, and the determination of a discovery;
(3)	a description of:
(a)	the method of estimation;
(b)	the key contingencies that resulted in the estimates being classified as Contingent Resources;
(c)	any further appraisal drilling and evaluation work to be undertaken to assess the potential for commercial recovery, and to progress the relevant project;
(4)	if the disclosed estimates of Contingent Resources are contingent on technology under development, to ensure that Unrecoverable quantities are not classified as part of the Contingent Resources, an explanation of whether the technology has:
(a)	been demonstrated to be commercially viable in analogous reservoirs;
(b)	been demonstrated to be commercially viable in other reservoirs that are not analogous, and that a pilot project, which is planned and budgeted, will be necessary to demonstrate commerciality for this reservoir; or
(c)	not been demonstrated to be commercially viable, but is currently under active development, and there is sufficient evidence to indicate that the technology may reasonably be expected to be available for commercial application within five years; and
(5)	if the disclosed estimates of Contingent Resources relate to Unconventional Petroleum Resources, the:
(a)	type(s) of Unconventional Contingent Resource;
(b)	land area;
(c)	number of wells; and
(d)	specialised extraction technology proposed to be utilised.",SCHEMA,,basic,ADGM,mixed_difficulty,a9ffc27d-5147-4066-826f-22c25cd1e704,cd78e857-9a44-49d6-932d-db3b31f20dec,,,12.6.2,12.10.1,,,,,HV0074,77032a5135185e5a,ObliQA-XRef_Out_Datasets/final_large_merged/ObliQA-XRef-ADGM-ALL/final.jsonl,yes,mostly_natural_rephrased,target_only_sufficient,
87231a712205b723,"When a Mining Reporting Entity makes a disclosure that includes forecast financial information derived from a Production Target and also discloses an estimate of Ore Reserves, what specific categories of information must it include about (i) the assumptions used to determine the forecast financial information and (ii) the key factors or assumptions underlying the Ore Reserves estimate?","Where a Mining Reporting Entity discloses forecast financial information derived from a Production Target, it must include comprehensive information about the assumptions used to determine that forecast financial information, including all material economic assumptions employed, any statement and methodological explanation if those material economic assumptions are considered commercially sensitive, and all other material assumptions utilised; it must also identify the Production Target from which the forecast financial information is derived (including the required information associated with that Production Target) [#SRC:2c78a258-d9f2-4150-9d2c-ba681d8f9489]. In addition, when the same Mining Reporting Entity discloses an estimate of Ore Reserves, the disclosure must also include key information relating to the factors or assumptions supporting that Ore Reserves estimate, specifically mining (recovery/dilution) factors or assumptions, metallurgical factors or assumptions, cut-off parameters, study status, and the relative accuracy/confidence of the estimate [#TGT:cb1ec09f-a7d3-4c38-ba2e-4e72ed8c3129]. Taken together, the disclosure package must therefore address both the forecast’s underlying economic and other material assumptions (and the Production Target basis) and the Ore Reserves estimate’s technical and study-related assumptions and confidence indicators, ensuring both elements are covered when they appear in the same disclosure.","A Mining Reporting Entity’s disclosure pursuant to Rule 11.9.1 must include:
(1)	in relation to the assumptions used to determine the forecast financial information:
(a)	all material economic assumptions employed;
(b)	if the Mining Reporting Entity considers the material economic assumptions to be commercially sensitive, a statement to that effect and an explanation of the methodology used to determine the material economic assumptions; and
Guidance
A Mining Reporting Entity that considers certain information relating to the material economic assumptions to be commercially sensitive should refer to paragraphs 47-54 of the Guidance on Mining and paragraphs 127 and 128 of the Guidance on Continuous Disclosure.
(c)	all other material assumptions utilised.
(2)	the Production Target from which the forecast financial information is derived (including all the information contained in Rule 11.8.3).","ORE RESERVES . Rule 11.6 also requires that when a Mining Reporting Entity discloses an estimate of Ore Reserves, the disclosure is also to include key information relating to mining (recovery/dilution) factors or assumptions, metallurgical factors or assumptions, cut-off parameters, study status and the relative accuracy/confidence.",SCHEMA,,professional,ADGM,mixed_difficulty,2c78a258-d9f2-4150-9d2c-ba681d8f9489,cb1ec09f-a7d3-4c38-ba2e-4e72ed8c3129,,,11.9.2,53),,,,,HV0075,87231a712205b723,ObliQA-XRef_Out_Datasets/final_large_merged/ObliQA-XRef-ADGM-ALL/final.jsonl,yes,mostly_natural_rephrased,both_needed,
27b02d45aee84f3f,"If an Authorised Person is in Category 1, 2 or 5 and also manages a PSIA that is an Unrestricted PSIA, what must it not do regarding (1) Financial Group Large Exposures (including the Financial Group’s PSIAus) compared to the Group’s Tier 1 and (2) exposures to a Counterparty or related counterparty groups compared to its Capital Resources, depending on how the exposure is financed?","If the Authorised Person falls within Category 1, 2 or 5 and also is an Authorised Person Managing a PSIA that is an Unrestricted PSIA, it is prohibited from exceeding specific exposure limits under both sets of requirements. Under the Financial Group Large Exposure restriction, it must not incur any Financial Group Large Exposure, including the Financial Group’s PSIAus, that is more than 25% of its Group’s Tier 1; any exposure above that level is not permitted. [#SRC:daaa6de1-3ef9-4148-ae13-789a1bb8a600] Separately, when managing the Unrestricted PSIA, it must not have an Exposure to a Counterparty, Connected Counterparty, a group of Closely Related Counterparties, or a group of Connected Counterparties that exceeds the relevant percentage of its Capital Resources. The limit is 25% if the exposure is financed by its Capital Resources or Unrestricted PSIAs, and 40% if financed by an aggregate of its own Capital Resources and Unrestricted PSIAs. [#TGT:7521ffc6-250a-43ac-b7fd-68049d51519f] These prohibitions apply based on the stated counterparty groupings and financing basis.","Subject to IFR Rule 5.4.15, an Authorised Person in Category 1, 2 or 5 must not incur any Financial Group Large Exposure, including the Financial Group's PSIAus, that exceeds 25% of its Group's Tier 1.","Exposure limits. An Authorised Person Managing a PSIA, which is an Unrestricted PSIA, must not have an Exposure to a Counterparty, Connected Counterparty, group of Closely Related Counterparties or to a group of Connected Counterparties that exceeds any one of the following percentages of its Capital Resources:
(a)	25% if financed by its Capital Resources or Unrestricted PSIAs; or
(b)	40% if financed by an aggregate of its own Capital Resources and Unrestricted PSIAs.",SCHEMA,,basic,ADGM,hard_enriched,daaa6de1-3ef9-4148-ae13-789a1bb8a600,7521ffc6-250a-43ac-b7fd-68049d51519f,,,8.4.1,5.4.15,,,,,HV0076,27b02d45aee84f3f,ObliQA-XRef_Out_Datasets/final_large_merged/ObliQA-XRef-ADGM-ALL/final.jsonl,yes,some_copied_acceptable,both_needed,
610fd687cbc00576,"If an Authorised Person is an MTF or OTF for spot commodity activities, how much regulatory capital must it hold compared with what a Recognised Investment Exchange must hold, including any extra buffer the Regulator can change?","In the spot commodity activities context described, when the FSRA applies the regulatory capital requirements to an Authorised Person that is an MTF or OTF, the amount of regulatory capital to be held is measured against operational expenses and is equivalent to six months of those expenses [#SRC:59dfe046-0591-4dc2-a1d3-f4b1d56e6ee8]. A Recognised Investment Exchange must also hold capital based on operational expenses, starting with an amount equal to six months’ operational expenses [#TGT:1f2f00c6-1680-4516-adc8-b360f33ebe96]. In addition, the Recognised Investment Exchange must hold a further buffer amount that can be up to another six months’ operational expenses, unless the Regulator directs otherwise [#TGT:1f2f00c6-1680-4516-adc8-b360f33ebe96]. So, both obligations use six months of operational expenses as the baseline measure, but only the Recognised Investment Exchange requirement explicitly includes a possible extra buffer layer that may be adjusted by the Regulator. The practical effect is that the Recognised Investment Exchange capital requirement can extend beyond the six-month baseline depending on regulatory direction.","REGULATORY REQUIREMENTS - SPOT COMMODITY ACTIVITIES
Capital Requirements
The FSRA applies the regulatory capital requirements in COBS Rule 22.10 in two different scenarios, such that:

a)	where the Authorised Person is an MTF or OTF, the regulatory capital to be held (under COBS Rule 22.10.1(a) and MIR Rule 3.2.1) is equivalent to 6 months’ operational expenses ; and

b)	in relation to all other Authorised Persons, the ‘conventional’ regulatory capital requirements applicable to the Regulated Activities undertaken apply.","A Recognised Investment Exchange shall hold the following capital:
(a)	an amount equal to 6 months' operational expenses; plus
(b)	unless the Regulator directs otherwise, an additional buffer amount of up to a further 6 months' operational expenses.",SCHEMA,,basic,ADGM,hard_enriched,59dfe046-0591-4dc2-a1d3-f4b1d56e6ee8,1f2f00c6-1680-4516-adc8-b360f33ebe96,,,54),3.2.1,,,,,HV0077,610fd687cbc00576,ObliQA-XRef_Out_Datasets/final_large_merged/ObliQA-XRef-ADGM-ALL/final.jsonl,yes,mostly_natural_rephrased,both_needed,
048e236039d09c7e,"If the Regulator tells a Reporting Entity that a reporting requirement applies and how long it must follow it, when does the Reporting Entity have to fill out MKT Form 10-1 every quarter, and what else might the Regulator include in that notice?","The Reporting Entity has to complete MKT Form 10-1 on a quarterly basis when the Regulator makes the obligation apply through one of the listed triggers: the Regulator requires the form as a condition of admission to the Official List, the Regulator classifies the Reporting Entity as a Mining Exploration Reporting Entity or a Petroleum Exploration Reporting Entity, or the Regulator otherwise requires the form under the statutory basis referenced in the obligation. [#TGT:67e6fb61-6313-4d10-b3bb-b9b99d81cb75] Separately, when the Regulator applies the relevant reporting framework to the Reporting Entity, the Regulator will inform the Reporting Entity that it applies and will state the length of time the Reporting Entity is required to comply. [#SRC:6ad7b78f-3be1-497f-944b-9d2ddcef1e86] If it is relevant, the Regulator’s notice may also include any other requirement imposed on the Reporting Entity in relation to its obligations under that framework. Taken together, the quarterly form-filing duty depends on the Regulator’s action, and the notice clarifies both that the duty applies and the period and any additional requirements tied to it.","The Regulator, when applying Rule 10.1.3B(1), will inform the Reporting Entity that the Rule applies, the length of time the Reporting Entity is required to comply with the Rule and, if applicable, any other requirement imposed on the Reporting Entity in relation to its obligations under the Rule.","A Reporting Entity must complete MKT Form 10-1 on a quarterly basis if the Regulator:
(a)	requires it as a condition of admission to the Official List pursuant to section 52(1)(b) of the FSMR;
(b)	classifies the Reporting Entity as a Mining Exploration Reporting Entity or a Petroleum Exploration Reporting Entity; or
(c)	requires it pursuant to section 84 of the FSMR.",SCHEMA,,basic,ADGM,hard_enriched,6ad7b78f-3be1-497f-944b-9d2ddcef1e86,67e6fb61-6313-4d10-b3bb-b9b99d81cb75,,,10.1.3B.(1).Guidance.3.,10.1.3B.(1),,,,,HV0078,048e236039d09c7e,ObliQA-XRef_Out_Datasets/final_large_merged/ObliQA-XRef-ADGM-ALL/final.jsonl,yes,mostly_natural_rephrased,both_needed,
713051124c871887,"If a Recognised Clearing House cannot get one specific transaction settled, can it still be treated as meeting the Recognition Requirement, and what must its required satisfactory arrangements include by way of referencing other requirements?","Yes. A Recognised Clearing House is permitted to rely on the position that it will not be regarded as failing to comply with the Recognition Requirement just because it is unable to arrange for a specific transaction to be settled [#TGT:a15123d3-b822-401d-9551-e8759dd9e84e]. However, that does not remove the need for it to have the required satisfactory arrangements in place. Those satisfactory arrangements should include a reference to the requirements that are identified as the relevant set to be pointed to, so that the arrangements are tied back to those requirements rather than standing alone [#SRC:549c69d5-2c89-4747-8878-9ae4ce57346e]. Put simply, the “not treated as failing” point is a narrow protection for a single settlement problem, while the arrangements obligation is about having an overall framework that is documented and that directs the reader to the referenced requirements. The Recognised Clearing House should therefore keep its arrangements current and ensure they contain the required reference, even when it needs to rely on the protection for an individual transaction that cannot be settled.",The satisfactory arrangements required by Rule 3.8.1 should reference the requirements set out in Rule 4.3.3.,A Recognised Clearing House will not be regarded as failing to comply with the Recognition Requirement merely because it is unable to arrange for a specific transaction to be settled.,SCHEMA,,basic,ADGM,hard_enriched,549c69d5-2c89-4747-8878-9ae4ce57346e,a15123d3-b822-401d-9551-e8759dd9e84e,,,3.8.3.Guidance.1.,4.3.3,,,,,HV0079,713051124c871887,ObliQA-XRef_Out_Datasets/final_large_merged/ObliQA-XRef-ADGM-ALL/final.jsonl,yes,mostly_natural_rephrased,both_needed,
57e9094f0c23a7a5,"When an Authorised Person determines its Credit RWA as a sum of RWAs across exposure categories, what must it include and exclude when calculating the RWA component for its Credit Risk Exposures, so that this CR Exposures component is correctly separated from securitisation Exposures and other non-credit-risk items?","An Authorised Person’s Credit RWA is determined by summing distinct RWA components, including the RWA for all its Credit Risk Exposures (CR Exposures), the RWA for all its securitisation Exposures (SE Exposures), and the RWA for its Counterparty Risk Exposures [#SRC:5e5b0814-b3c0-441d-b92e-c7fe290a8020]. To ensure the CR Exposures component is calculated on the correct scope before it is added into that overall sum, the Authorised Person must include, within its calculation of RWA for CR Exposures, any on balance sheet asset and any off balance sheet item [#TGT:cb5e6ab2-3cae-450b-87c6-acb11128d3f0]. At the same time, it must exclude from the CR Exposures calculation any SE Exposure, any securitised Exposure that meets the requirements for recognition of risk transference in a Traditional Securitisation, and any Exposure classified as a position or instrument in the Trading Book [#TGT:cb5e6ab2-3cae-450b-87c6-acb11128d3f0]. This separation ensures securitisation-related exposures are not double-counted within the CR Exposures component when computing total Credit RWA [#SRC:5e5b0814-b3c0-441d-b92e-c7fe290a8020].","The Credit RWA of an Authorised Person is the sum of:
(a)	its risk weighted assets (RWA) for all its Credit Risk Exposures (referred to in these Rules as ""CR Exposures"") calculated in accordance with Rules 4.8.2 and 4.8.3;
(b)	its RWA for all its securitisation Exposures (referred to in these Rules as ""SE Exposures"") calculated in accordance with Rule 4.8.4 and Section 4.14; and
(c)	its RWA for its Counterparty Risk Exposures as calculated in accordance with Sections A4.6 to A4.8.","Calculation of RWA for Credit Risk Exposures (CR Exposures). An Authorised Person must include in its calculation of RWA for CR Exposures:
(a)	any on balance sheet asset; and
(b)	any off balance sheet item; but excluding:
(c)	any SE Exposure;
(d)	any securitised Exposure that meets the requirements for the recognition of risk transference in a Traditional Securitisation set out in Section 4.14; and
(e)	any Exposure classified as a position or instrument in the Trading Book in accordance with Section A2.1.",SCHEMA,,professional,ADGM,hard_enriched,5e5b0814-b3c0-441d-b92e-c7fe290a8020,cb5e6ab2-3cae-450b-87c6-acb11128d3f0,,,4.8.1.(2),4.8.2,,,,,HV0080,57e9094f0c23a7a5,ObliQA-XRef_Out_Datasets/final_large_merged/ObliQA-XRef-ADGM-ALL/final.jsonl,yes,mostly_natural_rephrased,both_needed,
229b60d52a727226,"When an Authorised Person engaged in regulated activities in relation to Virtual Assets is required to hold regulatory capital in a manner consistent with the requirements applicable to a Recognised Investment Exchange, what form must that regulatory capital take, and what minimum capital amounts must a Recognised Investment Exchange hold (including any buffer that may be varied by the Regulator)?","An Authorised Person engaged in regulated activities in relation to Virtual Assets is required to hold regulatory capital in a way that aligns with the requirements applicable to a Recognised Investment Exchange, and—under those aligned requirements—the Authorised Person’s regulatory capital must be held in fiat form [#SRC:9795daec-7cae-4276-a676-296830fc723d]. In parallel, the Recognised Investment Exchange itself has a specific capital holding obligation: it shall hold capital equal to 6 months’ operational expenses, and, unless the Regulator directs otherwise, it must also hold an additional buffer amount of up to a further 6 months’ operational expenses [#TGT:1f2f00c6-1680-4516-adc8-b360f33ebe96]. Read together, the cross-referenced framework means the Authorised Person’s capital must satisfy the fiat-form constraint while being calibrated by reference to the Recognised Investment Exchange-style expense-based capital baseline and the potential additional buffer, with the buffer’s application and extent subject to direction by the Regulator [#SRC:9795daec-7cae-4276-a676-296830fc723d] [#TGT:1f2f00c6-1680-4516-adc8-b360f33ebe96].","REGULATORY REQUIREMENTS FOR AUTHORISED PERSONS ENGAGED IN REGULATED ACTIVITIES IN RELATION TO VIRTUAL ASSETS
Capital Requirements
Given the nature of, and the risks associated with Virtual Assets, COBS Rule 17.3 requires an Authorised Person to hold regulatory capital in a manner consistent with MIR Rule 3.2.1 (being the requirements that a Recognised Investment Exchange must meet). Pursuant to these Rules, regulatory capital held by an Authorised Person must be in fiat form.","A Recognised Investment Exchange shall hold the following capital:
(a)	an amount equal to 6 months' operational expenses; plus
(b)	unless the Regulator directs otherwise, an additional buffer amount of up to a further 6 months' operational expenses.",SCHEMA,,professional,ADGM,hard_enriched,9795daec-7cae-4276-a676-296830fc723d,1f2f00c6-1680-4516-adc8-b360f33ebe96,,,31),3.2.1,,,,,HV0081,229b60d52a727226,ObliQA-XRef_Out_Datasets/final_large_merged/ObliQA-XRef-ADGM-ALL/final.jsonl,yes,mostly_natural_rephrased,both_needed,
80d6c95ebae92dd0,"When an Authorised Person is required to retain records of voice or electronic communications for at least two years, how should it determine whether particular communications fall outside the scope because they are general market-condition discussions not intended to lead to a specific Transaction, or because they occur between Fund Managers (or between Fund Managers and Eligible Custodians) of the same Fund acting in that capacity?","An Authorised Person must retain all records of voice or electronic communication for a minimum of two years, and this sits alongside related recordkeeping expectations such as being able to demonstrate prompt accessibility, keeping records in a comprehensible form (or being able to reproduce them promptly), and implementing procedures to prevent unauthorised alteration [#SRC:1dc324af-ed0d-41c9-9593-a65d39f6eb80]. In applying that retention requirement, the Authorised Person should also assess whether the communications in question fall within categories described as outside the scope of a related obligation, including (a) communications between Fund Managers, or between Fund Managers and Eligible Custodians of the same Fund when acting in that capacity, and (b) voice and electronic communications that are not intended to lead to the conclusion of a specific Transaction and instead are general conversations about market conditions [#TGT:7b6f7ff4-f87f-4553-8897-071620379a1f]. Practically, this means the Authorised Person should classify communications by purpose and participants (e.g., transaction-intent versus general market discussion; intra-fund operational communications versus other interactions) and ensure its procedures and record formats support prompt retrieval and integrity for the communications it must retain.","To comply with Rule 6.8.1‎(b), an Authorised Person must:
(i)	be able to demonstrate prompt accessibility of all records;
(ii)	maintain records in comprehensible form or must be capable of being promptly so reproduced;
(iii)	make and implement appropriate procedures to prevent unauthorised alteration of its records; and
(iv)	retain all records of voice or electronic communication for a minimum of two years.","The obligation in Rule ‎6.8.1(a) does not apply to the following:
(i)	Corporate Finance Business;
(ii)	corporate treasury functions;
(iii)	communications between Fund Managers, or between Fund Managers and Eligible Custodians of the same Fund (when acting in that capacity); and
(iv)	voice and electronic communications which are not intended to lead to the conclusion of a specific Transaction and are general conversations or communications about market conditions.",SCHEMA,,professional,ADGM,hard_enriched,1dc324af-ed0d-41c9-9593-a65d39f6eb80,7b6f7ff4-f87f-4553-8897-071620379a1f,,,6.8.1.(c),6.8.1.(b),,,,,HV0082,80d6c95ebae92dd0,ObliQA-XRef_Out_Datasets/final_large_merged/ObliQA-XRef-ADGM-ALL/final.jsonl,yes,mostly_natural_rephrased,both_needed,
df992550123bafca,"For a Remote Body’s annual report to the Regulator, what time period should the report cover, and how do you set the start and end dates so the period follows on correctly from the last report (or, if there was no last report, from the Recognition Order), especially if the Remote Body changes its reporting period?","The Remote Body must give the Regulator an annual report, and the period covered by that report should most conveniently be one year [#SRC:1bdaf884-5e47-444f-a4b8-9cedd8d6e757], but it still has to be defined using the required start/end rules and continuity expectations [#TGT:dfcc4e9a-d1ad-454a-9f55-22de40772814]. To set the period, start counting from the day after the period covered by the last report. If there is no earlier report, start after the making of the Recognition Order recognising the Remote Body as such. The period then ends on the date you specify in the report; if you do not specify an end date, it ends on the date of the report itself. If the Remote Body decides to change the reporting period (for example, to align with a different cycle), it should keep the periods continuous by making the first day of the new period the day immediately after the last day of the previous period. Copies of the report should then be sent to the Regulator within two months after the period ends.",The period covered by the report to be submitted under Rule 7.4.1 would most conveniently be one year.,"A Remote Body shall provide the Regulator with an annual report which contains the information set out in Rule ‎7.4.2. In relation to the report:
(a)	the period covered by such a report starts on the day after the period covered by its last report or, if there is no such report, after the making of the Recognition Order recognising the Remote Body as such, and ends on the date specified in the report or, if no date is specified, on the date of the report.
(b)	if a Remote Body changes the period covered by its report, it should ensure that the first day of the period covered by a report is the day immediately following the last day of the period covered by the previous report.
(c)	copies of the report should be sent to the Regulator within two months after the end of the period to which it relates.",SCHEMA,,basic,ADGM,hard_enriched,1bdaf884-5e47-444f-a4b8-9cedd8d6e757,dfcc4e9a-d1ad-454a-9f55-22de40772814,,,7.4.1.Guidance,7.4.1,,,,,HV0083,df992550123bafca,ObliQA-XRef_Out_Datasets/final_large_merged/ObliQA-XRef-ADGM-ALL/final.jsonl,yes,mostly_natural_rephrased,both_needed,
4fda40b2c8db34fa,"Where the Customer is not a Natural Person and the Customer and the Third Party Provider agree in writing to apply a different notification time period for unauthorised or incorrectly executed Payment Transactions, what must the Customer do to remain entitled to redress for an unauthorised or incorrectly executed Third Party Transaction, and how does that agreed time period interact with the default deadline?","When the Customer is not a Natural Person, the Customer and the Third Party Provider are permitted to agree in writing that a different time period applies for unauthorised or incorrectly executed Payment Transactions for the relevant refund/redress framework [#SRC:10510c2c-99d3-4cba-bac5-61cda5d00d44]. Even where such an agreed time period is in place, the Customer’s entitlement to redress remains conditional on notification to its Third Party Provider without undue delay once the Customer becomes aware of an unauthorised or incorrectly executed Third Party Transaction [#TGT:d299e513-87d9-47de-9c0f-1f15cca91cbb]. Absent an agreed alternative, the default outer limit is that the Customer must notify the Third Party Provider no later than twelve months after the date of execution to be entitled to redress [#TGT:d299e513-87d9-47de-9c0f-1f15cca91cbb]. Accordingly, the compliance approach is: confirm whether the Customer is not a Natural Person; verify there is a written agreement with the Third Party Provider setting a different time period; and ensure the Customer’s notification is made without undue delay and within the applicable time period (the agreed period if validly set, otherwise the twelve-month limit) [#SRC:10510c2c-99d3-4cba-bac5-61cda5d00d44] [#TGT:d299e513-87d9-47de-9c0f-1f15cca91cbb].","Where the Customer is not a Natural Person, the Customer and the Third Party Provider may agree in writing that the following Rules do not apply:
(a)	Rules 20.2.15 and 20.2.16 (charges for information);
(b)	Rule 20.7.3 and 20.7.4 (withdrawal of consent);
(c)	Rule 20.8.2 (revocation of a Payment Order);
(d)	Rules 20.10.1 and 20.10.2 (requests for refund);
(e)	Rule 20.11.1 (evidence on authentication and execution);
(f)	Rule 20.12.5 (liability for charges); and
the parties may agree that a different time period applies concerning unauthorised or incorrectly executed Payment Transactions for the purposes of Rule 20.10.1.","Subject to Rule 20.10.2, a Customer is only entitled to redress if it notifies its Third Party Provider without undue delay, and in any event no later than twelve months after the date of execution, on becoming aware of any unauthorised or incorrectly executed Third Party Transaction.",SCHEMA,,professional,ADGM,hard_enriched,10510c2c-99d3-4cba-bac5-61cda5d00d44,d299e513-87d9-47de-9c0f-1f15cca91cbb,,,20.4.1,20.10.1,,,,,HV0084,4fda40b2c8db34fa,ObliQA-XRef_Out_Datasets/final_large_merged/ObliQA-XRef-ADGM-ALL/final.jsonl,yes,mostly_natural_rephrased,both_needed,
ba828e11e8e65613,"If a Recognised Investment Exchange admits to trading a Financial Instrument that uses a benchmark or index from a Price Reporting Agency, what checks must the exchange do to make sure the agency meets the required standards for how it sets prices and handles transparency, governance, conflicts, and complaints?","If a Recognised Investment Exchange admits to trading a Financial Instrument that references an underlying benchmark or index provided by a Price Reporting Agency, the exchange must carry out appropriate due diligence to ensure the Price Reporting Agency meets the applicable requirements [#SRC:69082061-a103-4087-acae-fa41e87fd0da]. Those checks should be designed to confirm, at a minimum, that the Price Reporting Agency has fair and non-discriminatory procedures for establishing prices and that those procedures are made public; and that it can demonstrate adequate and appropriate transparency over its methodology, calculation and inputs so users can understand how the benchmark or index is derived and what its potential limitations are [#TGT:8a81e6cb-f1f1-4988-af97-f966f288017a]. Where appropriate, the exchange should also verify that the agency gives priority to concluded transactions and has measures to minimise selective reporting. In addition, due diligence should cover whether the agency is of good standing and repute as an independent and objective provider, has a sound corporate governance framework, has adequate arrangements to avoid staff conflicts of interest that could materially and adversely affect the price establishment process, and has adequate mechanisms to resolve complaints about its assessment process and methodology [#TGT:8a81e6cb-f1f1-4988-af97-f966f288017a].","When admitting to trading a Financial Instrument that references an underlying benchmark or index provided by a Price Reporting Agency, a Recognised Investment Exchange must undertake appropriate due diligence to ensure that the Price Reporting Agency meets the requirements in Rule 3.11.2.","For the purposes of Rules 3.11.1 and 3.11.3, a Price Reporting Agency must:
(a)	have fair and non-discriminatory procedures for establishing prices of a Financial Instrument, which are made public;
(b)	demonstrate adequate and appropriate transparency over the methodology, calculation and inputs to allow users to understand how the benchmark or index is derived and its potential limitations;
(c)	where appropriate, give priority to concluded transactions in making assessments and adopt measures to minimise selective reporting;
(d)	be of good standing and repute as an independent and objective price reporting agency or index provider;
(e)	have a sound corporate governance framework;
(f)	have adequate arrangements to avoid its staff having any conflicts of interest where such conflicts are, or are likely to have, a material adverse impact on a price establishment process; and
(g)	adequate complaint resolution mechanisms to resolve any complaints about its assessment process and methodology.",SCHEMA,,basic,ADGM,hard_enriched,69082061-a103-4087-acae-fa41e87fd0da,8a81e6cb-f1f1-4988-af97-f966f288017a,,,3.11.1,3.11.2,,,,,HV0085,ba828e11e8e65613,ObliQA-XRef_Out_Datasets/final_large_merged/ObliQA-XRef-ADGM-ALL/final.jsonl,yes,mostly_natural_rephrased,both_needed,
5240ab88a5aa38dc,"When an initial annual fee becomes due partway through a calendar year and must be paid to the Regulator within the required timeframe, how must the prorated portion for the remainder of that calendar year be calculated based on the number of months remaining, and what payment timing applies?","Where an annual fee first becomes due during a calendar year, the initial annual fee must be paid in full to the Regulator within twenty days from the date it becomes due, but only after applying a proration for the remainder of that calendar year. The proration is not discretionary: the portion due of the annual designation fee must be determined by reference to the number of months remaining until the end of the calendar year, so the amount payable reflects the remaining months rather than a full-year charge. Accordingly, the compliance steps are (i) identify the date the fee becomes due, (ii) calculate the portion due by counting the months remaining to the end of the calendar year and basing the annual designation fee portion on that remaining-months figure, and then (iii) ensure the resulting prorated initial annual fee is paid in full to the Regulator within the twenty-day deadline. This approach applies to the initial annual fee proration for the remainder of the calendar year [#TGT:b8f50488-8fd2-4f32-a6c6-d841b3c60c37] and specifies the method for determining the portion due based on months remaining [#SRC:94b3f85d-c033-41a3-a884-c873899c049f].","In accordance with Rule 1.2.2, for Rule 10.2.1(a) the portion due of the annual designation fee is to be based on the number of months remaining until the end of the calendar year.","In regard to fees payable on an annual basis pursuant to these Rules:
(a)	the initial annual fee must be paid in full to the Regulator within twenty days of the date on which the fee becomes due, prorated for the remainder of the calendar year; and
(b)	subsequent annual fees for the period commencing 1 January are payable in advance and must be paid in full to the Regulator on or before 31 January of the calendar year to which the fee relates.",SCHEMA,,professional,ADGM,hard_enriched,94b3f85d-c033-41a3-a884-c873899c049f,b8f50488-8fd2-4f32-a6c6-d841b3c60c37,,,10.2.1.Guidance,1.2.2,,,,,HV0086,5240ab88a5aa38dc,ObliQA-XRef_Out_Datasets/final_large_merged/ObliQA-XRef-ADGM-ALL/final.jsonl,yes,mostly_natural_rephrased,both_needed,
4b1efc25dc9528d2,"If a Mining Reporting Entity publishes a disclosure that includes Exploration Targets, Exploration Results, or estimates of Mineral Resources or Ore Reserves, what details must it say about the Competent Person(s), and what written approval must it get from the Competent Person(s) before publishing?","If a Mining Reporting Entity makes a disclosure that contains Exploration Targets, Exploration Results, or estimates of Mineral Resources or Ore Reserves, it must include specific information about the Competent Person(s) behind the disclosure. The disclosure must say that it is based on, and fairly represents, information and supporting documentation prepared by a named Competent Person(s). It must also explain, for each Competent Person, whether they are an employee of the Mining Reporting Entity or a Related Party; if they are not, the disclosure must name the Competent Person’s employer. In addition, the disclosure must identify the professional organisation of which each Competent Person is a member [#SRC:1133d38f-067b-4a0a-b325-b5c7b2512203]. Separately, before the disclosure is made, the Mining Reporting Entity must obtain the prior written consent of the Competent Person(s) covering the form and context in which the Exploration Results or the estimates (as relevant) and the supporting information are presented in the disclosure [#TGT:c30b96f6-edff-4774-b206-68a20fe00ba8].","Competent Persons . Subject to Rule 11.12.2, a disclosure by a Mining Reporting Entity containing Exploration Targets, Exploration Results, or estimates of Mineral Resources or Ore Reserves must state:
(1)	that it is based on, and fairly represents, information and supporting documentation prepared by a named Competent Person(s);
(2)	in each case, whether the Competent Person is an employee of the Mining Reporting Entity or a Related Party and, if not, the name of the Competent Person’s employer; and
(3)	in each case, the name of the professional organisation of which each Competent Person is a member.","Competent Persons . The disclosure made in Rule 11.12.1 must only be made with the prior written consent of the Competent Person(s) as to the form and context in which the Exploration Results or estimates of Mineral Resources or Ore Reserves, as the case may be, and the supporting information is presented in the disclosure.",SCHEMA,,basic,ADGM,hard_enriched,1133d38f-067b-4a0a-b325-b5c7b2512203,c30b96f6-edff-4774-b206-68a20fe00ba8,,,11.12.1,11.12.2,,,,,HV0087,4b1efc25dc9528d2,ObliQA-XRef_Out_Datasets/final_large_merged/ObliQA-XRef-ADGM-ALL/final.jsonl,yes,mostly_natural_rephrased,both_needed,
eebe235602d9d4f8,"What arrangements must a Recognised Investment Exchange maintain to regularly reassess whether a Price Reporting Agency continues to satisfy the required standards for price establishment, transparency, governance, conflicts management, and complaint handling?","A Recognised Investment Exchange must maintain arrangements that ensure it regularly reviews, on an ongoing basis, whether a Price Reporting Agency continues to meet the applicable requirements, rather than relying on a one-time assessment at onboarding [#SRC:7728ff1d-b279-4806-b3fd-13f3e8a34e79]. In conducting that regular review, the Recognised Investment Exchange should assess whether the Price Reporting Agency continues to: operate fair and non-discriminatory, publicly available procedures for establishing prices of a Financial Instrument; provide adequate transparency over its methodology, calculations, and inputs so users can understand how any benchmark or index is derived and its limitations; and, where appropriate, prioritise concluded transactions and minimise selective reporting [#TGT:8a81e6cb-f1f1-4988-af97-f966f288017a]. The review should also cover whether the Price Reporting Agency remains of good standing and repute as an independent and objective provider, maintains a sound corporate governance framework, has adequate arrangements to avoid staff conflicts of interest that could materially adversely affect the price establishment process, and maintains adequate complaint resolution mechanisms for complaints about its assessment process and methodology [#TGT:8a81e6cb-f1f1-4988-af97-f966f288017a].",A Recognised Investment Exchange must have arrangements in place to regularly review whether a Price Reporting Agency continues to meet the requirements of Rule 3.11.2.,"For the purposes of Rules 3.11.1 and 3.11.3, a Price Reporting Agency must:
(a)	have fair and non-discriminatory procedures for establishing prices of a Financial Instrument, which are made public;
(b)	demonstrate adequate and appropriate transparency over the methodology, calculation and inputs to allow users to understand how the benchmark or index is derived and its potential limitations;
(c)	where appropriate, give priority to concluded transactions in making assessments and adopt measures to minimise selective reporting;
(d)	be of good standing and repute as an independent and objective price reporting agency or index provider;
(e)	have a sound corporate governance framework;
(f)	have adequate arrangements to avoid its staff having any conflicts of interest where such conflicts are, or are likely to have, a material adverse impact on a price establishment process; and
(g)	adequate complaint resolution mechanisms to resolve any complaints about its assessment process and methodology.",SCHEMA,,professional,ADGM,hard_enriched,7728ff1d-b279-4806-b3fd-13f3e8a34e79,8a81e6cb-f1f1-4988-af97-f966f288017a,,,3.11.3,3.11.2,,,,,HV0088,eebe235602d9d4f8,ObliQA-XRef_Out_Datasets/final_large_merged/ObliQA-XRef-ADGM-ALL/final.jsonl,yes,mostly_natural_rephrased,both_needed,
f8720b938d34456e,"When an Authorised Person is considering whether it may recognise the effects of CRM from a Credit Derivative because the protection provider is an MDB, what must it do for any CR Exposure to those qualifying MDBs in terms of risk weighting, and which MDBs qualify for that treatment?","An Authorised Person may recognise the effects of CRM of a Credit Derivative only where the credit protection is provided by an eligible entity, including an MDB that falls within the relevant MDB category [#SRC:089417ca-c77d-4879-bc10-8d8138b1853b]. Where the counterparty/exposure is to a qualifying MDB within the Multilateral development bank (MDB) asset class, the Authorised Person must apply a 0% risk weight to any CR Exposure to those qualifying MDBs [#TGT:aed2a764-3ad1-4646-bf24-f6416556ffb4]. The qualifying MDBs for this 0% risk weight treatment are: the World Bank Group (International Bank for Reconstruction and Development (IBRD), Multilateral Investment Guarantee Agency (MIGA), and International Finance Corporation (IFC)); the Asian Development Bank (ADB); the African Development Bank (AfDB); the European Bank for Reconstruction and Development (EBRD); the Inter American Development Bank (IADB); the European Investment Bank (EIB); the European Investment Fund (EIF); the Nordic Investment Bank (NIB); the Caribbean Development Bank (CDB); the Islamic Development Bank (IDB); and the Council of Europe Development Bank (CEDB) [#TGT:aed2a764-3ad1-4646-bf24-f6416556ffb4].","An Authorised Person may recognise the effects of CRM of a Credit Derivative only if it is provided by any of the following entities:
(a)	central government or central bank;
(b)	MDB referred to in Rules 4.12.7 to 4.12.9;
(c)	International Organisations referred to in Rule 4.12.9;
(d)	PSE;
(e)	banks and Securities firms which qualify for inclusion in bank asset class; or
(f)	any other entity that has an external credit assessment from a recognised credit rating agency that maps to a Credit Quality Grade 3 or better.","Multilateral development bank (MDB) asset class. An Authorised Person must apply a 0% risk weight to any CR Exposure to the qualifying MDBs set out below:
(a)	The World Bank Group comprised of the International Bank for Reconstruction and Development (IBRD), the Multilateral Investment Guarantee Agency (MIGA), and the International Finance Corporation (IFC);
(b)	The Asian Development Bank (ADB);
(c)	The African Development Bank (AfDB);
(d)	The European Bank for Reconstruction and Development (EBRD);
(e)	The Inter American Development Bank (IADB);
(f)	The European Investment Bank (EIB);
(g)	The European Investment Fund (EIF);
(h)	The Nordic Investment Bank (NIB);
(i)	The Caribbean Development Bank (CDB);
(j)	The Islamic Development Bank (IDB); and
(k)	The Council of Europe Development Bank (CEDB).",SCHEMA,,professional,ADGM,hard_enriched,089417ca-c77d-4879-bc10-8d8138b1853b,aed2a764-3ad1-4646-bf24-f6416556ffb4,,,4.13.11.(1),4.12.8,,,,,HV0089,f8720b938d34456e,ObliQA-XRef_Out_Datasets/final_large_merged/ObliQA-XRef-ADGM-ALL/final.jsonl,yes,mostly_natural_rephrased,both_needed,
1b895eb922148ad3,"If an Authorised Person says its dealing is limited to acting only as Matched Principal, what category treatment applies to that limited dealing, and what does it have to do in practice to qualify as dealing in investments as a Matched Principal?","If an Authorised Person’s dealing activities are limited to acting only as Matched Principal, those dealing activities are treated as falling within the scope of the category identified for firms whose dealing is limited in that way [#SRC:e705fde9-d397-4a9f-b5a0-471529529c66]. To qualify, the Authorised Person must meet the definition of dealing in investments as a Matched Principal: it must enter into transactions as a principal only to fulfil its Clients’ orders, and it may hold positions for its own account only when it fails to match Clients’ orders [#TGT:36237c4c-0aef-4cdf-879a-4f72f0c1facc]. It also must keep the total market value of those positions at no more than 15% of the Firm’s Tier 1 Capital Resources, and ensure the positions are incidental and held only for the time reasonably required to carry out that type of transaction [#TGT:36237c4c-0aef-4cdf-879a-4f72f0c1facc]. Meeting these conditions supports the conclusion that the firm is acting only as Matched Principal for the purpose of applying the category scope described for such limited dealing [#SRC:e705fde9-d397-4a9f-b5a0-471529529c66].","Category 1
An Authorised Person is in Category 1 if:
(a)		(a)	its Financial Services Permission authorises it to carry on one or more of the Regulated Activities of Accepting Deposits or Managing a Profit Sharing Investment Account which is a PSIAu; and
(b)		(b)	it does not meet the criteria of Category 5.
Guidance
A Category 1 Authorised Person may be authorised to conduct other Regulated Activities, but it is the authorisation for Accepting Deposits or Managing a Profit Sharing Investment Account which is a PSIAu that is determinative of its belonging to Category 1.
Category 2
Guidance
1.	A Category 2 Authorised Person may be authorised to conduct other Regulated Activities, but it is the authorisation for Dealing in Investments as Principal (not only as a Matched Principal) or Providing Credit, and the absence of authorisation for the activities specified in Rule 1.3.1, that are determinative of its belonging to Category 2.
2.	Where the dealing activities of a firm are limited to acting only as Matched Principal, the activities fall in the scope of Category 3A in accordance with Rule 1.3.3(1). A definition of ""Matched Principal"" is in Rule 1.3.3(2).","For the purposes of these Rules, an Authorised Person Deals in Investments as a ""Matched Principal"" if:
(a)	it enters into transactions as a principal only for the purpose of fulfilling its Clients' orders;
(b)	it holds positions for its own account (""positions"") only as a result of a failure to match Clients' orders;
(c)	the total market value of the positions it holds is no more than 15% of the Firm's Tier 1 Capital Resources; and
(d)	the positions are incidental in nature and are strictly limited to the time reasonably required to carry out a transaction of that nature.",SCHEMA,,basic,ADGM,hard_enriched,e705fde9-d397-4a9f-b5a0-471529529c66,36237c4c-0aef-4cdf-879a-4f72f0c1facc,,,1.3.1,1.3.3.(2),,,,,HV0090,1b895eb922148ad3,ObliQA-XRef_Out_Datasets/final_large_merged/ObliQA-XRef-ADGM-ALL/final.jsonl,yes,mostly_natural_rephrased,both_needed,
e8d436b85bd1818e,"When a Mining Reporting Entity prepares a disclosure that includes forecast financial information derived from a Production Target and also includes ore reserves information supported by a separate report, what must the Mining Reporting Entity include about the assumptions used to determine the forecast financial information, and how must the ore reserves information in the disclosure be presented relative to the separate report and annexure?","Where a Mining Reporting Entity makes a disclosure that contains forecast financial information derived from a Production Target, it must include detailed information about the assumptions used to determine that forecast financial information: all material economic assumptions employed; if it considers those material economic assumptions commercially sensitive, it must state that and explain the methodology used to determine them; and it must also include all other material assumptions utilised [#SRC:2c78a258-d9f2-4150-9d2c-ba681d8f9489]. In addition, it must include the Production Target from which the forecast financial information is derived, together with the required accompanying information for that Production Target [#SRC:2c78a258-d9f2-4150-9d2c-ba681d8f9489]. For ore reserves information, the information included in the disclosure must be a fair and balanced representation of the information contained in a separate report, and that separate report must be included as an annexure to the disclosure [#TGT:b8cb4fdb-f627-43ae-90bf-801a549f8d63]. In complying, the FSRA does not expect a summary of all information in the separate report; instead, only information material to understanding the estimates of Mineral Resources in the separate report, and not otherwise included in the body of the disclosure, is expected to be included [#TGT:b8cb4fdb-f627-43ae-90bf-801a549f8d63].","A Mining Reporting Entity’s disclosure pursuant to Rule 11.9.1 must include:
(1)	in relation to the assumptions used to determine the forecast financial information:
(a)	all material economic assumptions employed;
(b)	if the Mining Reporting Entity considers the material economic assumptions to be commercially sensitive, a statement to that effect and an explanation of the methodology used to determine the material economic assumptions; and
Guidance
A Mining Reporting Entity that considers certain information relating to the material economic assumptions to be commercially sensitive should refer to paragraphs 47-54 of the Guidance on Mining and paragraphs 127 and 128 of the Guidance on Continuous Disclosure.
(c)	all other material assumptions utilised.
(2)	the Production Target from which the forecast financial information is derived (including all the information contained in Rule 11.8.3).","ORE RESERVES . Pursuant to Rule 11.6.1, the information included in the disclosure must be a fair and balanced representation of the information contained in the separate report prepared in accordance with Rule 11.6.2 (which must be included as an annexure to the disclosure).  In complying with this obligation, the FSRA does not expect a Mining Reporting Entity to prepare a summary of all the information contained in the separate report.  Instead, it is expected that that only information which is material to understanding the estimates of Mineral Resources contained in the separate report, that is not otherwise included in the body of the disclosure, be included.",SCHEMA,,professional,ADGM,hard_enriched,2c78a258-d9f2-4150-9d2c-ba681d8f9489,b8cb4fdb-f627-43ae-90bf-801a549f8d63,,,11.9.2,48),,,,,HV0091,e8d436b85bd1818e,ObliQA-XRef_Out_Datasets/final_large_merged/ObliQA-XRef-ADGM-ALL/final.jsonl,yes,mostly_natural_rephrased,both_needed,
58ca7134acbd61e8,"For the purposes of an investigation, when is the Investigator permitted to compel attendance at an interview and require answers to questions, and what procedural step must the Investigator take when directing the Person Under Investigation or any other person (whether or not connected to the Person Under Investigation) to attend at a specified time and place?","The Investigator is permitted, for the purposes of an investigation, to require a person (the interviewee) to attend an interview and answer questions [#SRC:a8953086-147f-4fb9-9370-ff7349385aaf]. Where the person being directed is the Person Under Investigation or any other person (whether or not connected to the Person Under Investigation), the Investigator may exercise this power by issuing a written notice that requires the person to attend an interview at a specified time and place and answer questions [#TGT:ba9deea1-694d-4225-bf79-201773a12046]. Read together, this means the interview requirement is tied to the investigative purpose and can be imposed on both the Person Under Investigation and third parties, including those with no connection to the Person Under Investigation, provided the direction is communicated through written notice and specifies the time and place for the interview [#SRC:a8953086-147f-4fb9-9370-ff7349385aaf] [#TGT:ba9deea1-694d-4225-bf79-201773a12046].","Power to require a person to attend an interview . Under section 206(1)(a) of FSMR, the Investigator has the power to require a person (the interviewee) to attend an interview and answer questions for the purposes of an investigation.","The Investigator may, by written notice, require the person who is the Person Under Investigation or any other person (whether or not connected to the Person Under Investigation) to—
(a)	attend an interview at a Specified time and place and answer questions;
(b)	produce at a Specified time and place any Specified Documents or Documents of a Specified description;
(c)	provide such information as the Investigator may require;
(d)	provide such assistance as the Investigator may require; or
(e)	permit the Investigator to enter the business premises of such person during normal business hours for the purpose of inspecting and copying Documents on such premises.",SCHEMA,,professional,ADGM,hard_enriched,a8953086-147f-4fb9-9370-ff7349385aaf,ba9deea1-694d-4225-bf79-201773a12046,,,6.6.1,Part 17.206.(1),,,,,HV0092,58ca7134acbd61e8,ObliQA-XRef_Out_Datasets/final_large_merged/ObliQA-XRef-ADGM-ALL/final.jsonl,yes,mostly_natural_rephrased,both_needed,
cf8dd636cd9dd2cb,"When an Authorised Person wants to treat the netting of an on balance sheet Exposure against an offsetting on balance sheet item as eligible, what conditions must it satisfy regarding the netting agreement and its legal enforceability and documentation, and what additional prerequisite must be met before it may recognise that netting as eligible?","An Authorised Person may recognise as eligible the netting of an on balance sheet Exposure against an offsetting on balance sheet item only where the related Netting agreement meets the specified condition that governs eligibility [#SRC:6446b9df-ac01-4d04-bb14-029e92f0b3f7]. In addition, for the Authorised Person to recognise an on balance sheet Netting agreement, it must ensure a set of operational and legal conditions are satisfied: the asset and liability must be owing between the Authorised Person and the same Counterparty; netting must be performed consistently with the Authorised Person’s legal rights; a legal right of set off must exist; the agreement must not include a Walkaway Clause; and the netting must be effective and enforceable upon default, bankruptcy, liquidation, or similar circumstances affecting either party. The Authorised Person must also monitor, control, and manage the positions on a net basis and monitor and control roll off Exposure where there is a Maturity Mismatch. Finally, it must hold, for each relevant jurisdiction, a written and reasoned legal opinion from an appropriately qualified external legal adviser, confirming the key legal requirements and kept under review to remain current [#TGT:f3f3a9ac-35d6-4ee0-9390-c8543c3da4cf].",An Authorised Person may recognise as eligible the Netting of an on balance sheet Exposure against an offsetting on balance sheet item if the related Netting agreement meets the condition in Rule 4.13.19.,"On balance sheet Netting. For an Authorised Person to recognise an on balance sheet Netting agreement for the purposes of Rule 4.13.17, all of the following conditions must be satisfied:
(1)	(a)	both the on balance sheet Exposure (asset) and the offsetting on balance sheet item (liability) are owing between the Authorised Person and the same Counterparty;
(b)	the Authorised Person nets the on balance sheet Exposure (asset) and the offsetting on balance sheet item (liability) in a way that is consistent with its legal rights against the Counterparty;
(c)	a legal right of set off exists;
(d)	the agreement between the Authorised Person and the Counterparty does not contain a Walkaway Clause;
(e)	the Netting provided for in the agreement between the Authorised Person and the Counterparty is effective and enforceable in the event of default, bankruptcy, liquidation or other similar circumstances affecting either the Counterparty or the Authorised Person;
(f)	the on balance sheet Exposure (asset) and the offsetting on balance sheet item (liability) are monitored, controlled and managed on a net basis; and
(g)	the potential for roll off Exposure is monitored and controlled where there is a Maturity Mismatch; and
(2)	it has, in respect of each relevant jurisdiction, a written and reasoned legal opinion which:
(a)	has been provided by an external source of legal advice of appropriate professional standing;
(b)	confirms that the requirements of (1)(a) (e) are met for all relevant jurisdictions; and
(c)	is kept under review to ensure that it remains correct and up to date in the event of changes to the relevant laws.",SCHEMA,,professional,ADGM,hard_enriched,6446b9df-ac01-4d04-bb14-029e92f0b3f7,f3f3a9ac-35d6-4ee0-9390-c8543c3da4cf,,,4.13.17.(1),4.13.19,,,,,HV0093,cf8dd636cd9dd2cb,ObliQA-XRef_Out_Datasets/final_large_merged/ObliQA-XRef-ADGM-ALL/final.jsonl,yes,mostly_natural_rephrased,target_only_sufficient,
deea83499d67e2c9,"A Mining Reporting Entity is expected to follow the non-mandatory parts of a Mining Reporting Standard. If its disclosure does not meet one of those non-mandatory requirements, what does it have to say in the disclosure?","The Regulator expects a Mining Reporting Entity to fully comply with all non-mandatory requirements set out in a Mining Reporting Standard, alongside the requirement to fully comply with all binding requirements in that Standard [#SRC:b8235755-7447-4ae5-b3dc-8cb14109c124]. If the Mining Reporting Entity’s disclosure nevertheless does not meet a non-mandatory requirement contained in the relevant Mining Reporting Standard, the entity must address that gap directly in the disclosure. Specifically, it must include a statement that explains (1) how the disclosure differs from the non-mandatory requirement and (2) why it differs, so the departure is clear and justified to the reader [#TGT:211edfe0-af57-41c8-84ca-814e1af3de0f]. In practice, this means the entity should not treat non-mandatory requirements as “ignore if inconvenient”; it should either comply fully with them as expected, or, where it does not, provide a transparent explanation within the disclosure itself describing the nature of the difference and the reasons for taking that approach.","Rule 11.2.1(1) requires a Mining Reporting Entity to fully comply with all binding requirements set out in a Mining Reporting Standard. The Regulator also expects a Mining Reporting Entity to fully comply with all non-mandatory requirements set out in a Mining Reporting Standard, including, for example, Table 1 of the JORC Code or SAMREC Code, or explain its non-compliance in accordance with Rule 11.2.2.","Requirements for all disclosures. Where a disclosure by a Mining Reporting Entity does not meet a non-mandatory requirement contained in a Mining Reporting Standard, the Mining Reporting Entity must provide in its disclosure a statement as to how and why its disclosure differs from the non-mandatory requirement contained in the relevant Mining Reporting Standard.",SCHEMA,,basic,ADGM,hard_enriched,b8235755-7447-4ae5-b3dc-8cb14109c124,211edfe0-af57-41c8-84ca-814e1af3de0f,,,11.2.2.Guidance,11.2.2,,,,,HV0094,deea83499d67e2c9,ObliQA-XRef_Out_Datasets/final_large_merged/ObliQA-XRef-ADGM-ALL/final.jsonl,yes,mostly_natural_rephrased,both_needed,
c354f4a6a30cbac7,"If an Authorised Person doing Virtual Asset regulated activities must follow the same capital approach as a Recognised Investment Exchange, what form must the Authorised Person’s regulatory capital be in, and how much capital does a Recognised Investment Exchange have to hold (including any extra buffer the Regulator can change)?","For an Authorised Person engaged in regulated activities in relation to Virtual Assets, the regulatory capital requirement is linked to the requirements that a Recognised Investment Exchange must meet, and the regulatory capital held by the Authorised Person must be in fiat form [#SRC:9795daec-7cae-4276-a676-296830fc723d]. Separately, a Recognised Investment Exchange has a clear obligation to hold capital based on its operational expenses: it shall hold an amount equal to 6 months’ operational expenses, and it shall also hold an additional buffer amount of up to a further 6 months’ operational expenses unless the Regulator directs otherwise [#TGT:1f2f00c6-1680-4516-adc8-b360f33ebe96]. Putting these together, the Authorised Person must ensure its regulatory capital is held in the required form (fiat) while aligning its capital approach to the Recognised Investment Exchange standard, and the Recognised Investment Exchange must maintain both the baseline 6-month operational-expense capital and, unless changed by the Regulator, an additional buffer of up to another 6 months’ operational expenses [#SRC:9795daec-7cae-4276-a676-296830fc723d] [#TGT:1f2f00c6-1680-4516-adc8-b360f33ebe96].","REGULATORY REQUIREMENTS FOR AUTHORISED PERSONS ENGAGED IN REGULATED ACTIVITIES IN RELATION TO VIRTUAL ASSETS
Capital Requirements
Given the nature of, and the risks associated with Virtual Assets, COBS Rule 17.3 requires an Authorised Person to hold regulatory capital in a manner consistent with MIR Rule 3.2.1 (being the requirements that a Recognised Investment Exchange must meet). Pursuant to these Rules, regulatory capital held by an Authorised Person must be in fiat form.","A Recognised Investment Exchange shall hold the following capital:
(a)	an amount equal to 6 months' operational expenses; plus
(b)	unless the Regulator directs otherwise, an additional buffer amount of up to a further 6 months' operational expenses.",SCHEMA,,basic,ADGM,hard_enriched,9795daec-7cae-4276-a676-296830fc723d,1f2f00c6-1680-4516-adc8-b360f33ebe96,,,31),3.2.1,,,,,HV0095,c354f4a6a30cbac7,ObliQA-XRef_Out_Datasets/final_large_merged/ObliQA-XRef-ADGM-ALL/final.jsonl,yes,mostly_natural_rephrased,both_needed,
ab28308168b764d1,"If an RIE or MTF has to put in place arrangements that make sure parties’ rights and liabilities from trades on its platform are settled on time, when does engaging a Recognised Clearing House or a Remote Clearing House count as enough to meet that requirement, and what restriction is stated for Remote Clearing Houses in Digital Securities?","For an RIE or MTF, the core obligation is to have satisfactory arrangements that secure the timely discharge of the rights and liabilities of the parties to transactions taking place on its platform [#SRC:54798d14-a849-4384-81d3-79f14fca8fd4]. The paired definition explains how that obligation can be met in a streamlined way: if the RIE or MTF engages a Recognised Clearing House or a Remote Clearing House, that engagement is treated as sufficient to satisfy the requirement, i.e., it is deemed to meet the arrangements standard for timely discharge [#TGT:9217cc24-dbcc-43e5-8884-f398ee26b820]. At the same time, the source passage adds an important constraint for Digital Securities: it notes the FSRA’s position that it will not permit Remote Clearing Houses for this purpose in the Digital Securities context [#SRC:54798d14-a849-4384-81d3-79f14fca8fd4]. So, although the deemed-sufficient concept includes both types of clearing house in general terms [#TGT:9217cc24-dbcc-43e5-8884-f398ee26b820], an RIE or MTF dealing with Digital Securities should not plan to rely on a Remote Clearing House and should instead look to engagement of a Recognised Clearing House to satisfy the timely-discharge arrangements obligation [#SRC:54798d14-a849-4384-81d3-79f14fca8fd4].","DIGITAL SECURITIES SETTLEMENT
Digital Settlement Facilities (DSFs)
Pursuant to MIR Rule 3.8.1, RIEs or MTFs are required to have satisfactory arrangements for securing the timely discharge of the rights and liabilities of the parties to transactions taking place on its platform.   MIR Rule 3.8.2 normally allows for a RCH or Remote Clearing House (noting the FSRA’s position that it will not permit Remote Clearing Houses for this purpose in the context of Digital Securities) to be deemed as sufficient for the purposes of satisfying MIR Rule 3.8.1.",The engagement of a Recognised Clearing House or Remote Clearing House will be deemed sufficient to satisfy Rule 3.8.1.,SCHEMA,,basic,ADGM,hard_enriched,54798d14-a849-4384-81d3-79f14fca8fd4,9217cc24-dbcc-43e5-8884-f398ee26b820,,,56),3.8.2,,,,,HV0096,ab28308168b764d1,ObliQA-XRef_Out_Datasets/final_large_merged/ObliQA-XRef-ADGM-ALL/final.jsonl,yes,mostly_natural_rephrased,both_needed,
0bddd684a5a6da69,"When an Authorised Person is determining the credit risk weight to be used for Credit Risk Exposures based on credit assessments, what procedure must it follow to calculate risk-weighted assets for those exposures, and how does that procedure connect the exposure value to the credit risk weight used in the calculation?","Where credit assessments are used for the purpose of determining the credit risk weight for Credit Risk Exposures, the Authorised Person must apply the prescribed risk‑weighted assets calculation process for those Credit Risk Exposures [#SRC:dced9cf2-78fe-480a-9b65-4bff40564d27]. Specifically, to calculate its RWA for CR Exposures, it must first determine the Exposure value (E) for each on‑balance sheet and off‑balance sheet asset using the applicable exposure measurement methodology and recognising the effects of any applicable credit risk mitigation. It must then categorise each Exposure under the relevant rules, and allocate an applicable Credit Quality Grade and risk weight for that Exposure under the relevant rules. The Authorised Person must calculate the RWA amount for each CR Exposure using the formula RWA(CR) = E × CRW, where CRW is the applicable risk weight determined through the categorisation and credit quality grade/risk weight allocation steps. Finally, it must aggregate the results by adding the RWA amounts calculated for all of its CR Exposures to arrive at total RWA for CR Exposures [#TGT:5c99a9f9-b97d-4f45-834a-0562c13cf368].",This Section governs credit assessments of Exposures for the purpose of determining the CRW for Credit Risk (CR) Exposures as provided in Rule 4.8.3 and for securitisation (SE) Exposures as provided in Rule 4.8.4.,"Calculation of RWA for Credit Risk Exposures (CR Exposures). To calculate its RWA for CR Exposures, an Authorised Person must:
(a)	calculate the value of the Exposure (represented as ""E"") for every on-balance sheet and every off balance sheet asset in accordance with the Exposure measurement methodology specified in Section 4.9 and recognising the effects of any applicable CRM;
(b)	categorise that Exposure in accordance with the Rules in Section 4.10;
(c)	allocate an applicable Credit Quality Grade and risk weight for that Exposure in accordance with the Rules in Section 4.11 and 4.12;
(d)	calculate the RWA amount for that Exposure using the following formula: RWA(CR) = E x CRW
where:
(i)	""RWA(CR)"" refers to the risk weighted Exposure amount for that CR Exposure;
(ii)	""E"" refers to the Exposure value or amount, for that CR Exposure; and
(iii)	""CRW"" refers to the applicable risk weight for that CR Exposure determined in accordance with (b) and (c); and
(e)	add the RWA amounts calculated in accordance with (d) for all its CR Exposures.",SCHEMA,,professional,ADGM,hard_enriched,dced9cf2-78fe-480a-9b65-4bff40564d27,5c99a9f9-b97d-4f45-834a-0562c13cf368,,,4.11.Guidance,4.8.3,,,,,HV0097,0bddd684a5a6da69,ObliQA-XRef_Out_Datasets/final_large_merged/ObliQA-XRef-ADGM-ALL/final.jsonl,yes,mostly_natural_rephrased,target_only_sufficient,
bb24724bb265896b,"When an Authorised Person engaged in regulated activities in relation to Virtual Assets aligns its regulatory capital approach to the requirements that apply to a Recognised Investment Exchange, what form must that regulatory capital take, and what minimum capital amounts must a Recognised Investment Exchange hold (including any buffer that may be varied by the Regulator)?","An Authorised Person engaged in regulated activities in relation to Virtual Assets must hold its regulatory capital in a manner consistent with the requirements that a Recognised Investment Exchange must meet, and—under those requirements—the regulatory capital held by the Authorised Person must be in fiat form [#SRC:9795daec-7cae-4276-a676-296830fc723d]. In parallel, the Recognised Investment Exchange is subject to a specific capital holding obligation: it shall hold capital equal to 6 months’ operational expenses, and it shall also hold an additional buffer amount of up to a further 6 months’ operational expenses unless the Regulator directs otherwise [#TGT:1f2f00c6-1680-4516-adc8-b360f33ebe96]. Read together, the framework ties the Authorised Person’s regulatory capital approach to the Recognised Investment Exchange capital standard while also imposing a distinct form requirement on the Authorised Person (fiat), and it defines the Recognised Investment Exchange’s baseline and potential buffer capital amounts, with the buffer subject to direction by the Regulator [#SRC:9795daec-7cae-4276-a676-296830fc723d] [#TGT:1f2f00c6-1680-4516-adc8-b360f33ebe96].","REGULATORY REQUIREMENTS FOR AUTHORISED PERSONS ENGAGED IN REGULATED ACTIVITIES IN RELATION TO VIRTUAL ASSETS
Capital Requirements
Given the nature of, and the risks associated with Virtual Assets, COBS Rule 17.3 requires an Authorised Person to hold regulatory capital in a manner consistent with MIR Rule 3.2.1 (being the requirements that a Recognised Investment Exchange must meet). Pursuant to these Rules, regulatory capital held by an Authorised Person must be in fiat form.","A Recognised Investment Exchange shall hold the following capital:
(a)	an amount equal to 6 months' operational expenses; plus
(b)	unless the Regulator directs otherwise, an additional buffer amount of up to a further 6 months' operational expenses.",SCHEMA,,professional,ADGM,hard_enriched,9795daec-7cae-4276-a676-296830fc723d,1f2f00c6-1680-4516-adc8-b360f33ebe96,,,31),3.2.1,,,,,HV0098,bb24724bb265896b,ObliQA-XRef_Out_Datasets/final_large_merged/ObliQA-XRef-ADGM-ALL/final.jsonl,yes,mostly_natural_rephrased,both_needed,
893586bb931cb773,"If the Regulator thinks a Listed Entity being admitted to the Official List needs quarterly cash reports (for example, because it is admitted under the assets eligibility test, has less than three years of audited financial statements, or is a cash-box), what does the Reporting Entity have to do each quarter when the Regulator also requires quarterly reporting as a condition of admission or because it classifies the Reporting Entity as a Mining Exploration Reporting Entity or a Petroleum Exploration Reporting Entity?","If the Regulator generally expects quarterly cash reporting because the Listed Entity being admitted to the Official List is admitted under the assets eligibility test, has less than three years of audited financial statements, or is otherwise considered to need quarterly cash reports (including where the admission is of a cash-box), that sets the circumstances in which the Regulator may impose a quarterly reporting requirement on the Reporting Entity [#SRC:ef54c7e6-d860-4e8b-aed8-ddcd2cbacab8]. When the Regulator then actually triggers that requirement—by making it a condition of admission to the Official List, by classifying the Reporting Entity as a Mining Exploration Reporting Entity or a Petroleum Exploration Reporting Entity, or by otherwise requiring quarterly reporting—the Reporting Entity must complete MKT Form 10-1 on a quarterly basis [#TGT:67e6fb61-6313-4d10-b3bb-b9b99d81cb75]. In other words, the “quarterly cash reports” expectation described in the circumstances above is met, when required by the Regulator, through the concrete action of completing MKT Form 10-1 every quarter. The key is that the quarterly obligation applies only when the Regulator requires it in one of the specified ways, and then it must be done quarterly.","The Regulator will generally require a Reporting Entity to comply with Rule 10.1.3B(1)(i) in circumstances where the Listed Entity with Securities being admitted to the Official List is admitted under the assets eligibility test (see Rule 2.3.16), has less than three years of audited financial statements as prescribed in Rule 2.3.2(1), or is considered by the Regulator, for other reasons, to require quarterly cash reports, such as the admission of a cash-box.","A Reporting Entity must complete MKT Form 10-1 on a quarterly basis if the Regulator:
(a)	requires it as a condition of admission to the Official List pursuant to section 52(1)(b) of the FSMR;
(b)	classifies the Reporting Entity as a Mining Exploration Reporting Entity or a Petroleum Exploration Reporting Entity; or
(c)	requires it pursuant to section 84 of the FSMR.",SCHEMA,,basic,ADGM,hard_enriched,ef54c7e6-d860-4e8b-aed8-ddcd2cbacab8,67e6fb61-6313-4d10-b3bb-b9b99d81cb75,,,10.1.3B.(1).Guidance.1.,10.1.3B.(1),,,,,HV0099,893586bb931cb773,ObliQA-XRef_Out_Datasets/final_large_merged/ObliQA-XRef-ADGM-ALL/final.jsonl,yes,mostly_natural_rephrased,both_needed,
57dadba191a2b41c,"When Securities are Exempt Securities and are being admitted to trading on a Recognised Investment Exchange, is a person still prohibited from having those Securities admitted unless there is an Approved Prospectus, or does the prohibition not apply (subject to any stated requirement)?","A person is generally prohibited from having Securities admitted to trading on a Recognised Investment Exchange unless there is an Approved Prospectus in relation to the relevant Securities [#TGT:82ade9b4-bba4-449c-815c-32d6ef292b54]. However, where the admission to trading on a Recognised Investment Exchange concerns Securities that are Exempt Securities, the stated prohibition does not apply, provided the admission is subject to the specified requirement referenced for that exemption framework [#SRC:f70272ac-30bf-4e62-92d7-8b863f75cdf9]. In practical compliance terms, this means you must first determine whether the Securities qualify as Exempt Securities for the purpose of admission to trading, and then ensure the admission is conducted in accordance with the applicable requirement tied to that exemption. If the Securities are not Exempt Securities (or the relevant requirement is not met), the default position remains that the person must not proceed with admission to trading on the Recognised Investment Exchange without an Approved Prospectus for the relevant Securities [#TGT:82ade9b4-bba4-449c-815c-32d6ef292b54].","The prohibition in section 61(1) of the FSMR does not apply, subject to the requirement in Rule 4.4.2, to the admission to trading on a Recognised Investment Exchange of Securities that are Exempt Securities under Rule 4.4.1.","A person shall not, subject to subsection ‎(3)—
(a)	make an Offer of Securities in the Abu Dhabi Global Market; or
(b)	have Securities admitted to trading on a Recognised Investment Exchange;
unless there is an Approved Prospectus in relation to the relevant Securities.",SCHEMA,,professional,ADGM,hard_enriched,f70272ac-30bf-4e62-92d7-8b863f75cdf9,82ade9b4-bba4-449c-815c-32d6ef292b54,,,4.4.Guidance.2.,Part 6.Chapter 1.61.(1),,,,,HV0100,57dadba191a2b41c,ObliQA-XRef_Out_Datasets/final_large_merged/ObliQA-XRef-ADGM-ALL/final.jsonl,yes,mostly_natural_rephrased,both_needed,
