dataset,QuestionID,general_entailment_score,task_aware_entailment_score,delta_entailment_score,general_contradiction_score,task_aware_contradiction_score,delta_contradiction_score,contradiction_reduction,general_obligation_coverage_score,task_aware_obligation_coverage_score,delta_obligation_coverage_score,general_composite_score,task_aware_composite_score,delta_composite_score,composite_winner
obliqa,010be7f5-8ec1-4d65-9626-d2912918abbf,0.32136,0.00989,-0.31146999999999997,0.11111,0.64294,0.5318299999999999,-0.5318299999999999,0.13333333333333333,0.0,-0.13333333333333333,0.44786,0.12232,-0.32554,general
obliqa,027ac86e-aa7e-4565-8750-2fe4ba83e370,0.99483,0.02014,-0.97469,0.98284,0.99571,0.012869999999999937,-0.012869999999999937,0.07142857142857142,0.0,-0.07142857142857142,0.36114,0.00814,-0.35300000000000004,general
obliqa,0322a129-a377-49b6-8cff-4009ee7a110e,0.41218,0.37533,-0.036849999999999994,0.0131,0.0129,-0.00020000000000000052,0.00020000000000000052,0.2631578947368421,0.2631578947368421,0.0,0.55408,0.54186,-0.012220000000000009,general
obliqa,0331cf30-555d-4bc3-8da1-25f29ddf2a6b,0.479,0.03632,-0.44267999999999996,0.47144,0.9952,0.52376,-0.52376,0.05263157894736842,0.0,-0.05263157894736842,0.3534,0.01371,-0.33969,general
obliqa,04203236-609a-4b0d-801b-076cb1148734,0.50348,0.50802,0.0045399999999999885,0.3149,0.47638,0.16148,-0.16148,0.0625,0.0625,0.0,0.41703,0.36471,-0.05232000000000003,general
obliqa,0523dcb8-e703-48d1-84c2-98d315e4c0dc,0.00592,0.00651,0.0005900000000000002,0.02535,0.16135,0.13599999999999998,-0.13599999999999998,0.06666666666666667,0.06666666666666667,0.0,0.34908,0.30394,-0.04514000000000001,general
obliqa,058612c4-4b09-4bba-9e01-c36610d827c4,0.50669,0.71485,0.20816,0.02347,0.27508,0.25161,-0.25161,0.15789473684210525,0.10526315789473684,-0.05263157894736842,0.54704,0.51501,-0.03203,general
obliqa,05af36dc-d73e-42ac-8c51-44dce8bdd8e0,0.10608,0.58034,0.47425999999999996,0.00652,0.01226,0.00574,-0.00574,0.08695652173913043,0.043478260869565216,-0.043478260869565216,0.39551,0.53719,0.14167999999999997,task_aware
obliqa,063e5bb5-e06d-4177-99dd-292bab5f881c,0.07795,0.11681,0.03885999999999999,0.9942,0.99681,0.002610000000000001,-0.002610000000000001,0.0,0.0,0.0,0.02792,0.04,0.01208,task_aware
obliqa,066e11d7-2420-451e-bea9-b88b4ae6d790,0.02327,0.02327,0.0,0.99741,0.99741,0.0,0.0,0.0,0.0,0.0,0.00862,0.00862,0.0,equal
obliqa,06bb0644-8f6c-43fb-bdb1-a77bde63af11,0.66439,0.66067,-0.0037200000000000566,0.70016,0.81076,0.11060000000000003,-0.11060000000000003,0.0,0.0,0.0,0.32141,0.2833,-0.03810999999999998,general
obliqa,07d4272f-7173-4cf9-b6f7-cae1b4c482df,0.17597,0.65305,0.47708000000000006,0.07612,0.2754,0.19927999999999998,-0.19927999999999998,0.03125,0.125,0.09375,0.37703,0.50088,0.12385000000000002,task_aware
obliqa,09a9de56-f712-4478-87c9-3110a569d028,0.9648,0.97182,0.007020000000000026,0.72621,0.64922,-0.07699,0.07699,0.08333333333333333,0.08333333333333333,0.0,0.44064,0.46864,0.028000000000000025,task_aware
obliqa,0ad4aef8-f4bc-4082-a28d-104c04e267f1,0.2075,0.18069,-0.02681,0.10058,0.00558,-0.095,0.095,0.0,0.05,0.05,0.36897,0.40837,0.03939999999999999,task_aware
obliqa,0b1304c0-ead3-4808-9587-6fe3d21683cc,0.01569,0.36325,0.34756000000000004,0.02347,0.32217,0.2987,-0.2987,0.06976744186046512,0.023255813953488372,-0.046511627906976744,0.354,0.35478,0.0007800000000000029,task_aware
obliqa,0b30bdca-ee77-47dd-88ba-fc77466eb783,0.06095,0.10713,0.046180000000000006,0.99414,0.99735,0.003209999999999935,-0.003209999999999935,0.0,0.0,0.0,0.02227,0.03659,0.014319999999999996,task_aware
obliqa,0b3d0375-cac4-40e4-a734-0993b3ffb6cd,0.01255,0.03114,0.018590000000000002,0.99757,0.99595,-0.0016199999999999548,0.0016199999999999548,0.0,0.0,0.0,0.00499,0.01173,0.006740000000000001,task_aware
obliqa,0cdc1757-a9c9-434c-b1ca-17b15e736354,0.96617,0.59871,-0.36746,0.51841,0.77404,0.2556299999999999,-0.2556299999999999,0.15384615384615385,0.23076923076923078,0.07692307692307693,0.53387,0.35181,-0.18205999999999994,general
obliqa,0ea7fcf5-cce4-427b-805f-137f441b045d,0.00555,0.49685,0.4913,0.05373,0.51147,0.45774,-0.45774,0.05263157894736842,0.0,-0.05263157894736842,0.33482,0.32846,-0.006360000000000032,general
obliqa,0fe80232-f866-467b-83f5-ec47f3f33a3b,0.82992,0.78817,-0.041749999999999954,0.61162,0.50731,-0.10431000000000001,0.10431000000000001,0.3333333333333333,0.16666666666666666,-0.16666666666666666,0.51721,0.48251,-0.03469999999999995,general
obliqa,1201243d-9f51-42cd-872e-a350cf9d52ed,0.56779,0.05892,-0.50887,0.27773,0.43467,0.15694000000000002,-0.15694000000000002,0.0,0.02531645569620253,0.02531645569620253,0.43002,0.21652,-0.21350000000000002,general
obliqa,12cb5029-6fd0-4bdd-8ce4-e00f4b5f2e96,0.73721,0.86233,0.12512,0.33242,0.27687,-0.05554999999999999,0.05554999999999999,0.13333333333333333,0.06666666666666667,-0.06666666666666667,0.51271,0.55071,0.038000000000000034,task_aware
obliqa,134b0050-73e7-43d1-a63f-3dbefc7da437,0.3701,0.65722,0.28712000000000004,0.02439,0.18308,0.15869,-0.15869,0.1,0.05,-0.05,0.4819,0.50805,0.026150000000000007,task_aware
obliqa,1600509a-d5e1-456e-9e71-18e8b14ace7d,0.02555,0.97605,0.9505,0.97775,0.97764,-0.0001100000000000545,0.0001100000000000545,0.041666666666666664,0.0,-0.041666666666666664,0.02982,0.3328,0.30297999999999997,task_aware
obliqa,168d016c-f958-4e6c-b5c2-6f28c81d4e7a,0.71276,0.7279,0.015140000000000042,0.02881,0.0195,-0.009309999999999999,0.009309999999999999,0.2857142857142857,0.21428571428571427,-0.07142857142857142,0.65655,0.6409,-0.015649999999999942,general
obliqa,17b49545-84f9-46a8-a7f0-1150e8f86170,0.61201,0.72432,0.11230999999999991,0.01035,0.02597,0.01562,-0.01562,0.07407407407407407,0.07407407407407407,0.0,0.55858,0.59081,0.03222999999999998,task_aware
obliqa,17dc6201-7ec3-4a39-92f2-6174141199d2,0.84994,0.66084,-0.18910000000000005,0.0762,0.13744,0.06124,-0.06124,0.4375,0.125,-0.3125,0.73708,0.54947,-0.18760999999999994,general
obliqa,18509a86-4ff8-457d-9d04-2ea36d92c4b2,0.36524,0.49267,0.12743,0.32774,0.41418,0.08644000000000002,-0.08644000000000002,0.16666666666666666,0.20833333333333334,0.041666666666666685,0.40139,0.42894,0.027549999999999963,task_aware
obliqa,18ad7ae1-0392-4860-ae50-891b4f1d3674,0.50356,0.51694,0.013379999999999947,0.58901,0.96617,0.37715999999999994,-0.37715999999999994,0.058823529411764705,0.058823529411764705,0.0,0.32446,0.2032,-0.12126000000000003,general
obliqa,19b25aff-075e-487b-8d0f-32f969da18c3,0.02818,0.02818,0.0,0.99501,0.99501,0.0,0.0,0.0,0.0,0.0,0.01106,0.01106,0.0,equal
obliqa,1ac35f2b-dc11-47c5-a445-5800b70253f6,0.83224,0.97986,0.14761999999999997,0.15932,0.16336,0.004040000000000016,-0.004040000000000016,0.0,0.11538461538461539,0.11538461538461539,0.55764,0.64396,0.08631999999999995,task_aware
obliqa,1b810301-9ad9-41fd-b54d-19505d2a1af4,0.33653,0.37128,0.03475,0.94125,0.35595,-0.5853,0.5853,0.125,0.16666666666666666,0.04166666666666666,0.17343,0.394,0.22057000000000002,task_aware
obliqa,1c5e6df5-a5b4-4c4f-bb1c-1785da803124,0.01992,0.02006,0.00014000000000000123,0.99546,0.99464,-0.0008200000000000429,0.0008200000000000429,0.0,0.0,0.0,0.00815,0.00847,0.00032000000000000084,task_aware
obliqa,1d4c46fd-623e-496d-b794-ab110dc2a15b,0.24923,0.38746,0.13823000000000002,0.4908,0.57768,0.08687999999999996,-0.08687999999999996,0.125,0.0625,-0.0625,0.29448,0.29076,-0.003720000000000001,general
obliqa,1da52f76-853c-47d7-904a-468f42a40ff5,0.9949,0.99527,0.00036999999999998145,0.94076,0.88478,-0.05598000000000003,0.05598000000000003,0.0,0.0,0.0,0.35138,0.37016,0.018779999999999963,task_aware
obliqa,1f1cf043-510d-41f7-8b17-92b3b5e48ae7,0.92365,0.64411,-0.27954,0.44322,0.36415,-0.07907000000000003,0.07907000000000003,0.0,0.0,0.0,0.49348,0.42665,-0.06683,general
obliqa,2295bb91-498a-4052-9d04-09d3642abe57,0.40151,0.30587,-0.09564,0.02142,0.01598,-0.00544,0.00544,0.20833333333333334,0.2916666666666667,0.08333333333333334,0.52947,0.52719,-0.0022799999999999487,general
obliqa,22de1d15-623f-4c1d-a571-0889153fe2a8,0.49282,0.40877,-0.08404999999999996,0.02777,0.02238,-0.005389999999999999,0.005389999999999999,0.038461538461538464,0.038461538461538464,0.0,0.50117,0.47495,-0.02622000000000002,general
obliqa,239394b9-5b11-460a-908d-3bfef7c1efbf,0.87,0.71609,-0.15391,0.52521,0.56621,0.041000000000000036,-0.041000000000000036,0.09523809523809523,0.14285714285714285,0.047619047619047616,0.48001,0.43091,-0.04909999999999998,general
obliqa,25d918a7-2a6b-4590-86e5-6c2fa40dce60,0.70715,0.33891,-0.36823999999999996,0.38318,0.23189,-0.15129,0.15129,0.1111111111111111,0.3333333333333333,0.2222222222222222,0.47836,0.48012,0.0017599999999999838,task_aware
obliqa,266b8e30-e0d2-42b5-91da-6a71d0fba019,0.99269,0.99484,0.0021499999999999853,0.07319,0.16443,0.09123999999999999,-0.09123999999999999,0.0,0.0,0.0,0.63983,0.61014,-0.029689999999999994,general
obliqa,26a579af-77ae-4c1a-b728-f18efe0ab700,0.56386,0.4714,-0.09246000000000004,0.03118,0.15336,0.12218,-0.12218,0.08,0.08,0.0,0.53756,0.46601,-0.07155000000000006,general
obliqa,270bd76f-dfd8-4107-8248-afd60b9b37a2,0.53051,0.77849,0.24797999999999998,0.03184,0.05273,0.02089,-0.02089,0.2777777777777778,0.2222222222222222,-0.05555555555555558,0.59215,0.64933,0.05718000000000001,task_aware
obliqa,27acb29a-d8b9-452f-aae8-9f92f94809da,0.9684,0.95828,-0.010120000000000018,0.24379,0.09792,-0.14587,0.14587,0.0,0.0,0.0,0.57487,0.62012,0.04525000000000001,task_aware
obliqa,280d53b3-e089-49cd-8565-c93bf70ae5ee,0.5653,0.38401,-0.18129,0.37778,0.56829,0.19050999999999996,-0.19050999999999996,0.056338028169014086,0.0,-0.056338028169014086,0.41462,0.27191,-0.14271,general
obliqa,299c2afd-6719-445e-a1f7-766d5a7be12e,0.46506,0.51938,0.05431999999999998,0.51685,0.50729,-0.009560000000000013,0.009560000000000013,0.12,0.06,-0.06,0.35607,0.35736,0.0012900000000000134,task_aware
obliqa,29c72821-4dde-4c3d-b9d2-a556177964d1,0.96221,0.52643,-0.43578000000000006,0.67774,0.34068,-0.33706,0.33706,0.043478260869565216,0.08695652173913043,0.043478260869565216,0.44265,0.42424,-0.018409999999999982,general
obliqa,2a9002cd-d281-4918-ae30-abbd18a08d58,0.9625,0.97291,0.01041000000000003,0.06818,0.08995,0.021769999999999998,-0.021769999999999998,0.0,0.0,0.0,0.63144,0.62765,-0.00378999999999996,general
obliqa,2be91ffc-e5ec-491d-bd7c-8166daff98ce,0.01484,0.01484,0.0,0.997,0.997,0.0,0.0,0.0,0.0,0.0,0.00595,0.00595,0.0,equal
obliqa,2e51f25d-6ecc-4d0e-8e3b-c187a8e628dc,0.40093,0.79348,0.39254999999999995,0.17407,0.33423,0.16016000000000002,-0.16016000000000002,0.14285714285714285,0.2857142857142857,0.14285714285714285,0.45657,0.58165,0.12508000000000002,task_aware
obliqa,2e55518c-5a54-4478-9813-3e8590faf5a6,0.00645,0.48422,0.47777,0.41297,0.37982,-0.03315000000000001,0.03315000000000001,0.06666666666666667,0.2,0.13333333333333336,0.22005,0.4348,0.21475000000000002,task_aware
obliqa,2f53f842-d438-466c-b455-7eb69015b84e,0.28008,0.46134,0.18125999999999998,0.09579,0.36104,0.26525000000000004,-0.26525000000000004,0.21739130434782608,0.17391304347826086,-0.043478260869565216,0.46723,0.42474,-0.04248999999999997,general
obliqa,30d201ce-af6f-4e0a-8ec5-57b5ba73f307,0.06458,0.98826,0.9236800000000001,0.02129,0.10404,0.08274999999999999,-0.08274999999999999,0.06666666666666667,0.06666666666666667,0.0,0.36999,0.6503,0.28031,task_aware
obliqa,313147b7-c591-4d7b-9d4c-da9f3aafe9df,0.88641,0.71938,-0.16703,0.06078,0.52786,0.46708,-0.46708,0.058823529411764705,0.058823529411764705,0.0,0.62815,0.41678,-0.21137,general
obliqa,3147288c-4936-4ce9-bc30-c6a812aa278c,0.85152,0.62994,-0.22158,0.01869,0.6203,0.60161,-0.60161,0.0,0.0,0.0,0.61094,0.33655,-0.27439,general
obliqa,31ba2533-5ae4-4f75-bd54-af35d84c9cce,0.51175,0.46693,-0.044820000000000026,0.81429,0.72395,-0.09033999999999998,0.09033999999999998,0.22988505747126436,0.22988505747126436,0.0,0.30912,0.32429,0.015170000000000017,task_aware
obliqa,322ba7a7-d29c-405f-9aab-2ec74c0de748,0.51454,0.2451,-0.26944,0.03605,0.01168,-0.02437,0.02437,0.029411764705882353,0.029411764705882353,0.0,0.50263,0.42094,-0.08169000000000004,general
obliqa,332d77eb-3be3-4b49-a13d-ad7b0fb7e847,0.01717,0.01717,0.0,0.99168,0.99168,0.0,0.0,0.0,0.0,0.0,0.0085,0.0085,0.0,equal
obliqa,361cb94b-401a-477e-a3cd-ed9e4fafe94e,0.08345,0.00612,-0.07733,0.79714,0.99233,0.19519000000000009,-0.19519000000000009,0.0,0.0,0.0,0.09544,0.0046,-0.09084,general
obliqa,36eecfdb-ec1f-49c2-ac7d-364ca6108f59,0.48485,0.86495,0.3801,0.41632,0.14876,-0.26756,0.26756,0.015625,0.0625,0.046875,0.36138,0.5929,0.23152,task_aware
obliqa,38330ab5-facb-4bb3-a9d0-ff0da0562ff3,0.80526,0.64823,-0.15703,0.10259,0.01365,-0.08894,0.08894,0.22727272727272727,0.22727272727272727,0.0,0.64331,0.62062,-0.0226900000000001,general
obliqa,3a0a6e4d-2c5f-41ff-b88c-575ceaba1001,0.6301,0.42018,-0.20992,0.46095,0.50297,0.04202,-0.04202,0.13636363636363635,0.13636363636363635,0.0,0.43517,0.35119,-0.08398,general
obliqa,3c5a30b7-a782-47c3-906a-860b3bf15215,0.992,0.99411,0.0021100000000000563,0.01277,0.01669,0.00392,-0.00392,0.05555555555555555,0.05555555555555555,0.0,0.67826,0.67766,-0.0005999999999999339,general
obliqa,3c780664-fcc2-4278-9480-833da16226c2,0.07726,0.07726,0.0,0.99741,0.99741,0.0,0.0,0.0,0.0,0.0,0.02662,0.02662,0.0,equal
obliqa,3d548e84-caf5-46f2-a1f1-b2b1591ce394,0.29037,0.00154,-0.28883000000000003,0.50393,0.01131,-0.49262,0.49262,0.058823529411764705,0.0,-0.058823529411764705,0.28175,0.33008,0.048329999999999984,task_aware
obliqa,3d74050e-2804-487f-aaa6-ebe9b9dcb6af,0.49598,0.58696,0.09098000000000006,0.1275,0.98164,0.8541399999999999,-0.8541399999999999,0.05263157894736842,0.05263157894736842,0.0,0.4737,0.21932,-0.25438000000000005,general
obliqa,3d889f53-cf20-4e2e-b693-b4fc3d3cd16c,0.33197,0.57697,0.245,0.81151,0.5099,-0.30160999999999993,0.30160999999999993,0.11428571428571428,0.17142857142857143,0.05714285714285715,0.21158,0.41283,0.20124999999999998,task_aware
obliqa,3e32bd73-84c0-4083-af8c-06db86f1195c,0.56739,0.60022,0.032830000000000026,0.08028,0.22619,0.14590999999999998,-0.14590999999999998,0.17391304347826086,0.21739130434782608,0.043478260869565216,0.55367,0.53047,-0.0232,general
obliqa,3e5c788d-ce4b-4578-83cd-f2d7bdaa414c,0.83868,0.75847,-0.08021,0.10269,0.60732,0.5046299999999999,-0.5046299999999999,0.21739130434782608,0.13043478260869565,-0.08695652173913043,0.65113,0.42719,-0.22393999999999997,general
obliqa,3e5ceee0-9338-473e-8d00-5fc378ac6b3f,0.04482,0.04482,0.0,0.99562,0.99562,0.0,0.0,0.0,0.0,0.0,0.0164,0.0164,0.0,equal
obliqa,4097d393-e386-4704-a1ca-927cab626566,0.3958,0.88691,0.49111,0.87186,0.84202,-0.029839999999999978,0.029839999999999978,0.08333333333333333,0.08333333333333333,0.0,0.20242,0.37607,0.17365000000000003,task_aware
obliqa,414b7ada-90cd-45d2-8019-c072ccce3654,0.32352,0.62193,0.29841,0.96768,0.77468,-0.19299999999999995,0.19299999999999995,0.0,0.07142857142857142,0.07142857142857142,0.11861,0.30623,0.18762,task_aware
obliqa,418d79de-a717-43cc-b648-9da16c1e16ee,0.34795,0.37254,0.02459,0.02162,0.17272,0.1511,-0.1511,0.18181818181818182,0.22727272727272727,0.04545454545454544,0.50272,0.4757,-0.027019999999999933,general
obliqa,43009224-2008-41cf-aec5-10ca5d12881f,0.76258,0.32588,-0.43670000000000003,0.01997,0.00532,-0.014650000000000002,0.014650000000000002,0.11764705882352941,0.0,-0.11764705882352941,0.62009,0.44019,-0.1799,general
obliqa,43d3d0f6-2dd9-442b-94c8-761a0c24f336,0.98238,0.98204,-0.00034000000000000696,0.98689,0.81522,-0.1716700000000001,0.1716700000000001,0.0,0.0,0.0,0.33183,0.38894,0.057109999999999994,task_aware
obliqa,4489c1af-22ee-45b5-b4ff-1ddede0bb159,0.58829,0.55061,-0.037679999999999936,0.2014,0.17513,-0.026269999999999988,0.026269999999999988,0.29411764705882354,0.23529411764705882,-0.05882352941176472,0.56034,0.53692,-0.023419999999999996,general
obliqa,454fab18-30de-4cc5-8a6c-6cfc4caeb253,0.62677,0.27016,-0.35661000000000004,0.17035,0.52935,0.359,-0.359,0.2,0.2,0.0,0.55214,0.3136,-0.23853999999999997,general
obliqa,46034332-ced8-46fc-8f25-0412c8982f70,0.95007,0.91527,-0.03479999999999994,0.76261,0.79228,0.029669999999999974,-0.029669999999999974,0.1,0.1,0.0,0.42915,0.40766,-0.021489999999999954,general
obliqa,461d2359-63dd-409c-9495-d2b298af55ea,0.86577,0.35106,-0.51471,0.35937,0.14915,-0.21022000000000002,0.21022000000000002,0.3125,0.25,-0.0625,0.6063,0.48397,-0.12232999999999994,general
obliqa,46b744b5-89a3-488a-8ac8-9f3a8196dd4a,0.03588,0.03588,0.0,0.9891,0.9891,0.0,0.0,0.0,0.0,0.0,0.01559,0.01559,0.0,equal
obliqa,49044b42-914d-458d-acab-fb7227571b40,0.00525,0.00525,0.0,0.99673,0.99673,0.0,0.0,0.0,0.0,0.0,0.00284,0.00284,0.0,equal
obliqa,4a1e8261-eede-4ce6-9682-ffbdc7de008f,0.91732,0.14931,-0.7680100000000001,0.5013,0.69669,0.19539000000000006,-0.19539000000000006,0.0625,0.0625,0.0,0.49284,0.17171,-0.32113,general
obliqa,4a5a9de2-26cb-4624-b76d-08196b77bf47,0.99355,0.99381,0.00025999999999992696,0.99543,0.99573,0.00029999999999996696,-0.00029999999999996696,0.08,0.08,0.0,0.35937,0.35936,-1.0000000000010001e-05,general
obliqa,4ac308b7-9ec7-4f2c-8010-45e5a12c64d4,0.46573,0.00592,-0.45981,0.86261,0.99677,0.13416000000000006,-0.13416000000000006,0.07142857142857142,0.07142857142857142,0.0,0.22485,0.02686,-0.19799,general
obliqa,4ade1f5f-7c9d-45d0-b321-01940dcbb881,0.33852,0.38748,0.048960000000000004,0.84044,0.71132,-0.12912,0.12912,0.0,0.0,0.0,0.16603,0.22539,0.059359999999999996,task_aware
obliqa,4b2e6ba9-8953-4a39-a0bc-f0aa7e5fb20e,0.04309,0.06722,0.02413,0.93159,0.7673,-0.16429000000000005,0.16429000000000005,0.11764705882352941,0.11764705882352941,0.0,0.07638,0.13919,0.06281,task_aware
obliqa,4d814767-e346-4b20-aaea-065e6a2a64ce,0.02727,0.35564,0.32837,0.96894,0.97143,0.0024899999999999922,-0.0024899999999999922,0.0,0.0,0.0,0.01944,0.12807,0.10862999999999999,task_aware
obliqa,4fb7f750-1159-45f9-8649-615988f69510,0.77527,0.50915,-0.26612,0.40749,0.24734,-0.16015000000000001,0.16015000000000001,0.045454545454545456,0.045454545454545456,0.0,0.47108,0.43575,-0.03532999999999997,general
obliqa,4fcb9d6e-ac54-4d2f-b88a-bba74977389b,0.75376,0.0743,-0.67946,0.18582,0.01304,-0.17278000000000002,0.17278000000000002,0.05555555555555555,0.05555555555555555,0.0,0.54117,0.37227,-0.16890000000000005,general
obliqa,50077e7e-bf69-4791-be46-48efff0c61fb,0.98551,0.4988,-0.48671,0.73331,0.31044,-0.42287,0.42287,0.0,0.0,0.0,0.4174,0.39612,-0.021279999999999966,general
obliqa,517bf92b-dc3d-4935-8eeb-ef98a9ff8b35,0.65636,0.47886,-0.17750000000000005,0.02374,0.45725,0.43351,-0.43351,0.0,0.0,0.0,0.54421,0.34054,-0.20366999999999996,general
obliqa,5235abb8-2f86-44c2-813a-e90081a86cec,0.62624,0.5969,-0.029340000000000033,0.07104,0.37863,0.30759000000000003,-0.30759000000000003,0.07352941176470588,0.0661764705882353,-0.00735294117647059,0.54291,0.42815,-0.11476000000000003,general
obliqa,53af0731-41c0-4fe4-b8b7-41e1e648ccaa,0.8308,0.48486,-0.34593999999999997,0.03956,0.07795,0.03839000000000001,-0.03839000000000001,0.08,0.12,0.039999999999999994,0.62375,0.50897,-0.11478,general
obliqa,541d3172-c10b-4489-b538-e05e8eb65f99,0.61321,0.72959,0.11637999999999993,0.23343,0.0246,-0.20883,0.20883,0.05263157894736842,0.15789473684210525,0.10526315789473684,0.47747,0.62096,0.14348999999999995,task_aware
obliqa,5487dac4-b2e8-4944-a6fd-e67b47b15bf9,0.02099,0.03941,0.01842,0.96403,0.99339,0.02935999999999994,-0.02935999999999994,0.0,0.0,0.0,0.01899,0.01534,-0.0036500000000000005,general
obliqa,5530324b-06de-42ca-939a-2da8590f5a55,0.71393,0.8251,0.11116999999999999,0.00531,0.00624,0.0009300000000000003,-0.0009300000000000003,0.3076923076923077,0.23076923076923078,-0.07692307692307693,0.6721,0.68321,0.011109999999999953,task_aware
obliqa,56e467b7-dc75-40cf-87bb-8080b57ca7a6,0.00757,0.00757,0.0,0.99614,0.99614,0.0,0.0,0.0,0.0,0.0,0.00381,0.00381,0.0,equal
obliqa,59d3b94a-7c6d-4e6f-a03f-412391efcca4,0.85652,0.67429,-0.18223,0.28169,0.52316,0.24146999999999996,-0.24146999999999996,0.11764705882352941,0.11764705882352941,0.0,0.56416,0.42293,-0.14123000000000002,general
obliqa,59d5b5e5-ae51-4e2a-adcd-5eecc40f0bfa,0.52315,0.63942,0.11626999999999998,0.17423,0.01213,-0.1621,0.1621,0.11764705882352941,0.058823529411764705,-0.058823529411764705,0.48886,0.56204,0.07317999999999997,task_aware
obliqa,5a0b47c4-77ae-4abf-9601-d321863466c2,0.98425,0.98667,0.0024200000000000887,0.05196,0.01731,-0.03465,0.03465,0.0,0.0,0.0,0.6441,0.65645,0.012349999999999972,task_aware
obliqa,5b035008-1c3b-40f5-85a0-6732f99a4b0b,0.99219,0.98952,-0.002670000000000061,0.35738,0.41078,0.0534,-0.0534,0.23809523809523808,0.3333333333333333,0.09523809523809523,0.6243,0.63736,0.013060000000000072,task_aware
obliqa,5c0f883e-0f5b-484c-b0ef-be055d96fbc6,0.99265,0.9807,-0.011950000000000016,0.79437,0.45431,-0.34006000000000003,0.34006000000000003,0.0,0.11764705882352941,0.11764705882352941,0.39943,0.54801,0.14858,task_aware
obliqa,5c834c98-605a-4c46-9761-5dcbb564ca1b,0.34334,0.35816,0.01482,0.67997,0.68589,0.005920000000000036,-0.005920000000000036,0.0,0.0625,0.0625,0.22112,0.24492,0.023799999999999988,task_aware
obliqa,5caf4dc7-aa36-4856-961f-3d0b2b0e7755,0.46563,0.0103,-0.45533,0.94506,0.99346,0.0484,-0.0484,0.0,0.0,0.0,0.17352,0.00561,-0.16791,general
obliqa,5cecafa2-dbcd-429f-847b-1a428143dd3e,0.01948,0.01948,0.0,0.99587,0.99587,0.0,0.0,0.0,0.0,0.0,0.00787,0.00787,0.0,equal
obliqa,628c2ab4-e071-4818-bae5-aa6f6193010f,0.98315,0.97197,-0.011179999999999968,0.05127,0.04629,-0.004980000000000005,0.004980000000000005,0.034482758620689655,0.034482758620689655,0.0,0.65545,0.65339,-0.0020599999999999508,general
obliqa,63ce5cfb-e512-4bb6-90c0-8fde2972d944,0.53337,0.41535,-0.11802000000000001,0.00526,0.03263,0.02737,-0.02737,0.15384615384615385,0.11538461538461539,-0.038461538461538464,0.56065,0.49937,-0.06128,general
obliqa,64afda22-1279-47f5-bc91-82609d2e741f,0.94441,0.79178,-0.15262999999999993,0.12292,0.13132,0.00839999999999999,-0.00839999999999999,0.0,0.0,0.0,0.60716,0.55349,-0.053669999999999995,general
obliqa,64ffe606-8491-4601-a361-2aa369b8b5e9,0.33123,0.66702,0.3357899999999999,0.15487,0.0599,-0.09497,0.09497,0.038461538461538464,0.038461538461538464,0.0,0.40494,0.54853,0.14358999999999994,task_aware
obliqa,65fde3e1-8d47-47a9-9163-c0fe9681d5bb,0.71768,0.87101,0.15332999999999997,0.5713,0.63227,0.06096999999999997,-0.06096999999999997,0.24,0.28,0.040000000000000036,0.46213,0.50625,0.04411999999999999,task_aware
obliqa,676ff8cf-b8d7-4929-a183-899a6546a2fe,0.03114,0.03114,0.0,0.99552,0.99552,0.0,0.0,0.0,0.0,0.0,0.01187,0.01187,0.0,equal
obliqa,67a3d634-6906-413a-8d2f-c4d95236f2a0,0.75694,0.75019,-0.006749999999999923,0.79562,0.81079,0.015170000000000017,-0.015170000000000017,0.0273972602739726,0.0273972602739726,0.0,0.32957,0.32227,-0.007299999999999973,general
obliqa,67a7dd45-6989-4acf-837f-0f762f5de1ce,0.01771,0.01771,0.0,0.98511,0.98511,0.0,0.0,0.0,0.0,0.0,0.01087,0.01087,0.0,equal
obliqa,684dfe65-c4b5-4c83-9c0c-a254d54c99fd,0.23257,0.44076,0.20819,0.44365,0.14025,-0.3034,0.3034,0.0,0.0,0.0,0.26297,0.4335,0.17053000000000001,task_aware
obliqa,68cac915-beda-496e-ad6e-11fc4d30aa5a,0.24763,0.03088,-0.21675,0.60318,0.99568,0.39249999999999996,-0.39249999999999996,0.0,0.0,0.0,0.21482,0.01173,-0.20309000000000002,general
obliqa,6909d062-7928-4d5b-ba3b-d6eb259acd92,0.02533,0.04236,0.017030000000000003,0.66949,0.79298,0.12348999999999999,-0.12348999999999999,0.047619047619047616,0.0,-0.047619047619047616,0.13449,0.08313,-0.05136,general
obliqa,6b166127-f60d-47f6-a316-4d491261ed50,0.03626,0.00447,-0.03179,0.36472,0.02,-0.34471999999999997,0.34471999999999997,0.13636363636363635,0.045454545454545456,-0.0909090909090909,0.2693,0.34331,0.07401000000000002,task_aware
obliqa,6b8c3f14-0dc1-45c9-82eb-29e0d857b4db,0.79408,0.42828,-0.3658,0.00758,0.0401,0.03251999999999999,-0.03251999999999999,0.32142857142857145,0.32142857142857145,0.0,0.70264,0.56987,-0.13277000000000005,general
obliqa,6bb37257-e797-49c5-8b98-9c2bbaa37bb4,0.06218,0.25482,0.19263999999999998,0.32927,0.08589,-0.24338,0.24338,0.2608695652173913,0.2608695652173913,0.0,0.33126,0.4766,0.14534000000000002,task_aware
obliqa,6c48cd6e-1da3-46b5-83d7-54f78c4d9790,0.59067,0.37475,-0.21592,0.01441,0.01231,-0.0020999999999999994,0.0020999999999999994,0.3333333333333333,0.42857142857142855,0.09523809523809523,0.63653,0.597,-0.039530000000000065,general
obliqa,6c543070-6939-4357-8e00-9f65384909f9,0.08581,0.02551,-0.06029999999999999,0.63658,0.45855,-0.17803000000000002,0.17803000000000002,0.07692307692307693,0.07692307692307693,0.0,0.17538,0.21463,0.03924999999999998,task_aware
obliqa,6d876d32-7557-4149-875e-8c66f13f3485,0.38363,0.37227,-0.011360000000000037,0.94983,0.94981,-1.999999999990898e-05,1.999999999990898e-05,0.0,0.0,0.0,0.1446,0.14082,-0.0037800000000000056,general
obliqa,6db80283-c87a-40fa-94b1-4f55f125c7c1,0.30798,0.01553,-0.29245,0.84253,0.98804,0.14551000000000003,-0.14551000000000003,0.0,0.0,0.0,0.15515,0.00916,-0.14599,general
obliqa,6f1b7a9a-da0f-41f7-9da0-140285aef7c8,0.98695,0.98547,-0.0014800000000000368,0.03344,0.15503,0.12159,-0.12159,0.0,0.0,0.0,0.65117,0.61015,-0.041020000000000056,general
obliqa,6f4197ca-4473-43a6-80a7-1146b8720714,0.99015,0.98842,-0.0017300000000000093,0.0151,0.01068,-0.00442,0.00442,0.2,0.2,0.0,0.72502,0.72591,0.0008900000000000574,task_aware
obliqa,6f51d354-e1c2-4436-9748-83539c7c7e21,0.4938,0.33246,-0.16134000000000004,0.56159,0.34842,-0.21317000000000003,0.21317000000000003,0.0,0.0,0.0,0.31074,0.32801,0.017270000000000008,task_aware
obliqa,6f8d3d81-bf0a-4758-8ae2-650f78da304a,0.62041,0.81089,0.19047999999999998,0.07032,0.05761,-0.012709999999999992,0.012709999999999992,0.125,0.0625,-0.0625,0.55836,0.60526,0.04690000000000005,task_aware
obliqa,70051a99-e7dd-4661-84c6-88ad027a3f0d,0.58072,0.51467,-0.06605000000000005,0.94175,0.58452,-0.35722999999999994,0.35722999999999994,0.0,0.0,0.0,0.21299,0.31005,0.09705999999999998,task_aware
obliqa,700bb499-59c3-484b-b42c-0d160e77f5cb,0.10978,0.10978,0.0,0.99595,0.99595,0.0,0.0,0.0,0.0,0.0,0.03794,0.03794,0.0,equal
obliqa,714c3059-4663-4549-ae71-27b708bbe4af,0.00517,0.00517,0.0,0.99697,0.99697,0.0,0.0,0.0,0.0,0.0,0.00273,0.00273,0.0,equal
obliqa,7333bd61-d852-41fd-9d4f-2ca2ab533a4b,0.99318,0.97283,-0.02034999999999998,0.16833,0.10848,-0.059850000000000014,0.059850000000000014,0.058823529411764705,0.11764705882352941,0.058823529411764705,0.62789,0.66067,0.03278000000000003,task_aware
obliqa,7334bcf2-be2c-43e0-97d6-6dcb8a8ecb3d,0.01957,0.58317,0.5636,0.66349,0.75804,0.09455000000000002,-0.09455000000000002,0.0,0.21052631578947367,0.21052631578947367,0.11869,0.34522,0.22653,task_aware
obliqa,74844139-6413-4b76-a8f2-c6d9e23f1b0c,0.9506,0.82497,-0.12563000000000002,0.04205,0.07787,0.03582,-0.03582,0.05263157894736842,0.05263157894736842,0.0,0.65373,0.59991,-0.05381999999999998,general
obliqa,74c7d7a9-0b26-42bf-b75e-e096a0a2d7b8,0.01744,0.4923,0.47486,0.99607,0.99476,-0.0013100000000000334,0.0013100000000000334,0.0,0.0,0.0,0.00712,0.16585,0.15873,task_aware
obliqa,751d570d-6f12-430b-89c7-74d6de2add3c,0.30306,0.54838,0.24531999999999998,0.74637,0.76497,0.01860000000000006,-0.01860000000000006,0.14285714285714285,0.23809523809523808,0.09523809523809523,0.23318,0.3405,0.10732000000000003,task_aware
obliqa,75c5ad42-4c72-49cd-ba6e-b73bd0a42d46,0.99271,0.99352,0.0008099999999999774,0.07064,0.07662,0.005979999999999999,-0.005979999999999999,0.09090909090909091,0.09090909090909091,0.0,0.67099,0.66927,-0.0017199999999999438,general
obliqa,7702b23b-0b2c-4a0c-a5df-054a9ca0309d,0.51341,0.59693,0.08351999999999993,0.15712,0.03125,-0.12587,0.12587,0.19230769230769232,0.11538461538461539,-0.07692307692307693,0.5162,0.56035,0.04415000000000002,task_aware
obliqa,773d95a7-890f-480a-baa0-b2b5f8aa9a71,0.67849,0.50067,-0.1778200000000001,0.54029,0.527,-0.013290000000000024,0.013290000000000024,0.023529411764705882,0.023529411764705882,0.0,0.38724,0.3324,-0.05484,general
obliqa,7899bd8e-63f2-432e-a269-7f4f45ee424d,0.74379,0.80678,0.0629900000000001,0.45059,0.61941,0.16882000000000003,-0.16882000000000003,0.07142857142857142,0.07142857142857142,0.0,0.45488,0.4196,-0.035280000000000034,general
obliqa,78b23ee0-54eb-41f5-9966-8655daccfe7c,0.63007,0.2811,-0.34897,0.23436,0.29578,0.061419999999999975,-0.061419999999999975,0.4,0.225,-0.17500000000000002,0.59857,0.40344,-0.19513000000000003,general
obliqa,7a141bbb-e40a-4694-a674-6097711db4d4,0.51324,0.51039,-0.002850000000000019,0.93271,0.90631,-0.02640000000000009,0.02640000000000009,0.0,0.0,0.0,0.19351,0.20136,0.007850000000000024,task_aware
obliqa,7ad09a62-41f0-427f-a0d1-ff7a6321ff16,0.71056,0.64113,-0.06942999999999999,0.02287,0.03208,0.009209999999999996,-0.009209999999999996,0.125,0.125,0.0,0.60423,0.57802,-0.026210000000000067,general
obliqa,7bddf057-b54a-4bb0-8619-6d4107ce4f1c,0.97956,0.98118,0.0016200000000000658,0.07691,0.31697,0.24005999999999997,-0.24005999999999997,0.058823529411764705,0.058823529411764705,0.0,0.65382,0.57434,-0.07948,general
obliqa,7dc9776c-2029-4bfc-919b-3ae5c63dd2f2,0.58509,0.82002,0.23492999999999997,0.45084,0.24536,-0.20548000000000002,0.20548000000000002,0.1,0.2,0.1,0.41142,0.59155,0.18013,task_aware
obliqa,7f2cb9c8-558b-4b71-8c16-aeb266ed192c,0.623,0.75855,0.13554999999999995,0.44398,0.33518,-0.10880000000000001,0.10880000000000001,0.25,0.3125,0.0625,0.47634,0.57862,0.10228000000000004,task_aware
obliqa,7fa94f0d-6a9b-4635-a821-62303b6a15f7,0.89398,0.45834,-0.43563999999999997,0.84818,0.67613,-0.17205000000000004,0.17205000000000004,0.1,0.2,0.1,0.38193,0.3274,-0.05452999999999997,general
obliqa,7fae3838-79ff-4f20-b277-60a49087bad2,0.97646,0.47375,-0.50271,0.06903,0.21619,0.14716,-0.14716,0.08333333333333333,0.08333333333333333,0.0,0.66359,0.44696,-0.21663,general
obliqa,81810e12-e076-4e54-9a74-730d56a4c011,0.08755,0.19137,0.10382000000000001,0.01704,0.02044,0.0034000000000000002,-0.0034000000000000002,0.2,0.16,-0.04000000000000001,0.4235,0.44364,0.02013999999999999,task_aware
obliqa,81a17309-b63b-48d7-b588-3ab0408dbb06,0.48751,0.37806,-0.10944999999999999,0.54054,0.84382,0.30328,-0.30328,0.0625,0.0625,0.0,0.33649,0.19891,-0.13758,general
obliqa,82a5d231-d2b2-4b77-8828-76411b4fb211,0.77302,0.53442,-0.23860000000000003,0.14839,0.22209,0.07370000000000002,-0.07370000000000002,0.0,0.0,0.0,0.54154,0.43744,-0.10410000000000003,general
obliqa,841639bb-5e91-4328-ae06-329fd0471767,0.00617,0.0065,0.00032999999999999956,0.99833,0.99857,0.00023999999999990695,-0.00023999999999990695,0.0,0.0,0.0,0.00261,0.00264,3.000000000000008e-05,task_aware
obliqa,84ff09b4-0578-44ce-96b3-d0fad022fe20,0.12352,0.03671,-0.08681,0.09352,0.52189,0.42837,-0.42837,0.1,0.1,0.0,0.37667,0.20494,-0.17173,general
obliqa,8577ff98-0539-44af-8c10-b68f6e30788b,0.64615,0.6676,0.02144999999999997,0.36616,0.17027,-0.19588999999999998,0.19588999999999998,0.02666666666666667,0.02666666666666667,0.0,0.43555,0.508,0.07245000000000001,task_aware
obliqa,85c841e8-8525-49b3-b0a3-c41478ddb561,0.20091,0.02501,-0.1759,0.72396,0.02259,-0.70137,0.70137,0.08333333333333333,0.08333333333333333,0.0,0.18676,0.36192,0.17516,task_aware
obliqa,862fd4cd-d2b2-4ac2-bbac-6a92fbaf959d,0.6919,0.67205,-0.019849999999999923,0.0549,0.0395,-0.015399999999999997,0.015399999999999997,0.0,0.0,0.0,0.54567,0.54418,-0.0014899999999999913,general
obliqa,86544c7c-895f-46d4-8020-209516361d2d,0.84241,0.78955,-0.05286000000000002,0.08426,0.07867,-0.005589999999999998,0.005589999999999998,0.0,0.0,0.0,0.58605,0.57029,-0.015759999999999996,general
obliqa,874909e3-155b-4253-8f4e-00efc761557b,0.61009,0.60514,-0.00495000000000001,0.87936,0.7506,-0.12875999999999999,0.12875999999999999,0.058823529411764705,0.0,-0.058823529411764705,0.26318,0.28485,0.021669999999999967,task_aware
obliqa,88fcf242-366c-4574-9381-24ad9fb34ff5,0.97143,0.61589,-0.35553999999999997,0.99122,0.53606,-0.45516,0.45516,0.013157894736842105,0.02631578947368421,0.013157894736842105,0.33112,0.36872,0.03759999999999997,task_aware
obliqa,8913b451-a139-4ebb-a22c-c3daace77db2,0.99563,0.99591,0.00027999999999994696,0.04295,0.07071,0.027759999999999993,-0.027759999999999993,0.014705882352941176,0.014705882352941176,0.0,0.6558,0.64664,-0.009160000000000057,general
obliqa,8985b5e7-8c65-456e-a63c-30cd0633282c,0.53994,0.507,-0.03293999999999997,0.59681,0.60968,0.012870000000000048,-0.012870000000000048,0.038461538461538464,0.038461538461538464,0.0,0.3272,0.31193,-0.015270000000000006,general
obliqa,89982811-16a2-4e14-bca1-237fa24ad9d9,0.986,0.97905,-0.006950000000000012,0.94402,0.9788,0.03478000000000003,-0.03478000000000003,0.0,0.0,0.0,0.34733,0.33342,-0.013910000000000033,general
obliqa,8a723103-24f7-46fe-ac9c-e35009da1d64,0.00798,0.00798,0.0,0.99733,0.99733,0.0,0.0,0.0,0.0,0.0,0.00355,0.00355,0.0,equal
obliqa,8acafb94-e262-4ede-8743-a8d710d6d1db,0.83573,0.83601,0.000280000000000058,0.51861,0.51679,-0.0018200000000000438,0.0018200000000000438,0.0,0.0,0.0,0.43904,0.43974,0.0007000000000000339,task_aware
obliqa,8b0ab48e-9447-4d79-b8e8-8298cf040a42,0.6035,0.74076,0.13725999999999994,0.53625,0.48756,-0.04869000000000001,0.04869000000000001,0.0,0.0,0.0,0.35575,0.41773,0.06197999999999998,task_aware
obliqa,8bac47f6-f822-440e-9fdc-6c743ca843a1,0.00581,0.06612,0.060309999999999996,0.35633,0.99151,0.6351800000000001,-0.6351800000000001,0.07142857142857142,0.0,-0.07142857142857142,0.2403,0.02487,-0.21543,general
obliqa,8c4976b3-2059-42cc-b682-67ef9629ff97,0.93406,0.83102,-0.10304000000000002,0.13456,0.35264,0.21808,-0.21808,0.07142857142857142,0.07142857142857142,0.0,0.62364,0.5166,-0.10704000000000002,general
obliqa,8c5a2baa-c28e-4847-b2d3-c668fd64bffe,0.5844,0.58668,0.0022799999999999487,0.83274,0.96696,0.13422,-0.13422,0.0,0.08333333333333333,0.08333333333333333,0.25055,0.23435,-0.016199999999999992,general
obliqa,8da7b6ca-b369-4bea-91c7-8a418e287463,0.07859,0.06343,-0.015159999999999993,0.48424,0.50652,0.022279999999999966,-0.022279999999999966,0.0,0.043478260869565216,0.043478260869565216,0.19812,0.20013,0.0020100000000000118,task_aware
obliqa,8ed87629-9937-475e-84f8-9a766e78e766,0.64267,0.39993,-0.24273999999999996,0.03051,0.00804,-0.022469999999999997,0.022469999999999997,0.0,0.05,0.05,0.53739,0.48063,-0.05676000000000003,general
obliqa,8fe0fc5e-1800-4ebe-84e4-b40046edb706,0.00373,0.00701,0.00328,0.99667,0.9952,-0.0014699999999999713,0.0014699999999999713,0.0,0.0,0.0,0.00235,0.00394,0.0015899999999999998,task_aware
obliqa,91e7dd0d-b9ec-4bd8-b384-c437b0b09819,0.1549,0.17607,0.021169999999999994,0.5359,0.51095,-0.024950000000000028,0.024950000000000028,0.08333333333333333,0.16666666666666666,0.08333333333333333,0.23411,0.27726,0.043149999999999994,task_aware
obliqa,92578312-de5f-4d6d-81e9-f947b4eb1fc2,0.30647,0.72541,0.41894,0.07057,0.03497,-0.03559999999999999,0.03559999999999999,0.21052631578947367,0.15789473684210525,-0.05263157894736842,0.48214,0.61611,0.13397000000000003,task_aware
obliqa,92b257d8-c20e-4d4c-9617-5de39cd0eba1,0.35465,0.40811,0.05345999999999995,0.1271,0.0308,-0.0963,0.0963,0.2222222222222222,0.1111111111111111,-0.1111111111111111,0.48326,0.49614,0.012880000000000003,task_aware
obliqa,931b0a3d-8191-48da-898b-472e7b2e9817,0.11425,0.15345,0.0392,0.52615,0.73767,0.21152000000000004,-0.21152000000000004,0.19047619047619047,0.14285714285714285,-0.047619047619047616,0.25953,0.18621,-0.07332,general
obliqa,95d58b1e-6376-4eb4-9f3e-f7bd8defee80,0.65173,0.65891,0.007179999999999964,0.68837,0.62121,-0.06716,0.06716,0.0,0.0,0.0,0.32112,0.3459,0.02477999999999997,task_aware
obliqa,95e54a00-a22f-40b1-a7d1-93338856d922,0.528,0.41062,-0.11738000000000004,0.33617,0.18483,-0.15134000000000003,0.15134000000000003,0.0,0.0,0.0,0.39728,0.4086,0.011319999999999997,task_aware
obliqa,9a905269-0b11-4c27-8fb8-c95360c7fe1b,0.02818,0.02818,0.0,0.99639,0.99639,0.0,0.0,0.0,0.0,0.0,0.0106,0.0106,0.0,equal
obliqa,9aa9b6fc-7943-4e0b-84db-6fb68aeb69ae,0.42927,0.27947,-0.1498,0.8369,0.56004,-0.27686,0.27686,0.0625,0.0,-0.0625,0.21829,0.23981,0.021519999999999984,task_aware
obliqa,9b251094-1ef7-4b59-8294-965352d085ee,0.93534,0.92568,-0.009660000000000002,0.33229,0.15158,-0.18070999999999998,0.18070999999999998,0.06060606060606061,0.06060606060606061,0.0,0.55455,0.61157,0.05701999999999996,task_aware
obliqa,9b9f8588-2458-48e0-af7b-7e17b91d9de3,0.98282,0.56305,-0.41977,0.19897,0.10275,-0.09622000000000001,0.09622000000000001,0.07692307692307693,0.15384615384615385,0.07692307692307693,0.62026,0.53805,-0.08221,general
obliqa,9bbe10d0-e99f-431d-80c5-5f0ab9ff5ba9,0.20548,0.07085,-0.13463,0.66956,0.75667,0.08710999999999991,-0.08710999999999991,0.0,0.0,0.0,0.17864,0.10473,-0.07390999999999999,general
obliqa,9bd38f26-b6ac-4062-b076-500c38063b1f,0.96502,0.96371,-0.0013100000000000334,0.9484,0.98125,0.032849999999999935,-0.032849999999999935,0.0,0.0,0.0,0.33887,0.32749,-0.011380000000000001,general
obliqa,9ca93bde-c138-47f8-a8ef-08c544ce4bed,0.98302,0.9744,-0.008619999999999961,0.92531,0.29184,-0.63347,0.63347,0.0,0.0,0.0,0.35257,0.56085,0.20827999999999997,task_aware
obliqa,9cb2db59-4d4e-49c0-bf60-fa00256bf0eb,0.07638,0.07638,0.0,0.99783,0.99783,0.0,0.0,0.0,0.0,0.0,0.02618,0.02618,0.0,equal
obliqa,9d92f7ec-2b65-4bef-9933-aaf5d4bc2b43,0.26361,0.37208,0.10847000000000001,0.05946,0.11132,0.05186,-0.05186,0.09523809523809523,0.047619047619047616,-0.047619047619047616,0.43313,0.43613,0.0030000000000000027,task_aware
obliqa,9da6a87b-8c68-498f-8543-082d60295b2a,0.99479,0.73659,-0.2582,0.17655,0.06348,-0.11307000000000002,0.11307000000000002,0.03125,0.03125,0.0,0.6165,0.56812,-0.04838000000000009,general
obliqa,9df1f42a-a37f-435a-b619-3ebe74b485e1,0.9945,0.99454,3.999999999992898e-05,0.50172,0.52014,0.018419999999999992,-0.018419999999999992,0.0,0.0,0.0,0.49759,0.49147,-0.006119999999999959,general
obliqa,9e0cfffd-f826-41c1-8d59-a2a9e6eb7b12,0.06796,0.20583,0.13787,0.25515,0.62178,0.36663,-0.36663,0.0,0.013333333333333334,0.013333333333333334,0.27094,0.19913,-0.07181000000000001,general
obliqa,9f25a5e6-9c85-4fbb-9889-7055898cd7d0,0.97263,0.73911,-0.23351999999999995,0.88081,0.58031,-0.3005,0.3005,0.23529411764705882,0.11764705882352941,-0.11764705882352941,0.44237,0.42548,-0.01688999999999996,general
obliqa,a1bae149-fdb2-4f97-8554-697bd700d489,0.88425,0.99268,0.10843000000000003,0.01851,0.012,-0.006509999999999998,0.006509999999999998,0.16666666666666666,0.16666666666666666,0.0,0.67747,0.71578,0.038309999999999955,task_aware
obliqa,a2bbafbd-3eeb-49de-89fa-ef6f5ba42dbc,0.29785,0.65503,0.35718,0.28771,0.30102,0.013309999999999989,-0.013309999999999989,0.045454545454545456,0.09090909090909091,0.045454545454545456,0.35186,0.48164,0.12978,task_aware
obliqa,a31e28ce-6473-4535-b0a3-99b2a5d3cb0b,0.04369,0.04369,0.0,0.9952,0.9952,0.0,0.0,0.0,0.0,0.0,0.01616,0.01616,0.0,equal
obliqa,a4818cdd-3ca2-439e-975b-3b3960852f45,0.65509,0.53837,-0.11671999999999993,0.03237,0.14505,0.11268,-0.11268,0.05405405405405406,0.16216216216216217,0.10810810810810811,0.55892,0.51849,-0.040429999999999966,general
obliqa,a4849e59-2a24-44cf-875f-dc4eff25a48d,0.56468,0.86275,0.29807000000000006,0.17817,0.55427,0.37610000000000005,-0.37610000000000005,0.1875,0.25,0.0625,0.52467,0.51949,-0.005179999999999962,general
obliqa,a4c6c2e0-e40e-47c2-834e-ae8bdf7b131c,0.28618,0.22964,-0.05653999999999998,0.65421,0.81226,0.15805000000000002,-0.15805000000000002,0.05263157894736842,0.0,-0.05263157894736842,0.2282,0.13913,-0.08906999999999998,general
obliqa,a6226307-af46-4a5d-be8d-9b59aefd2143,0.93679,0.98005,0.043259999999999965,0.28913,0.44789,0.15876,-0.15876,0.1,0.05,-0.05,0.58255,0.52739,-0.05515999999999999,general
obliqa,a6a25d55-a060-4d71-a1a9-c2858649305d,0.96907,0.97942,0.01034999999999997,0.34407,0.34715,0.003080000000000027,-0.003080000000000027,0.0,0.0,0.0,0.54167,0.54409,0.0024199999999999777,task_aware
obliqa,a725e5c3-ce01-443d-9b15-3a5fcc23f981,0.5449,0.61716,0.07225999999999999,0.03515,0.08886,0.053709999999999994,-0.053709999999999994,0.15384615384615385,0.15384615384615385,0.0,0.55453,0.56072,0.006190000000000029,task_aware
obliqa,a884894d-b67f-4e53-8ce5-224028c008bc,0.02877,0.04078,0.012009999999999996,0.04016,0.99738,0.9572200000000001,-0.9572200000000001,0.045454545454545456,0.0,-0.045454545454545456,0.34469,0.01447,-0.33022,general
obliqa,aacdb4ee-528c-417b-8b83-f87b03859395,0.77032,0.55502,-0.21530000000000005,0.22352,0.24629,0.022770000000000012,-0.022770000000000012,0.11538461538461539,0.11538461538461539,0.0,0.55406,0.4747,-0.07935999999999999,general
obliqa,ab5590f0-4339-402f-b3d3-b773a5551d20,0.02372,0.02372,0.0,0.99339,0.99339,0.0,0.0,0.0,0.0,0.0,0.01011,0.01011,0.0,equal
obliqa,ac062f33-6d86-433d-89dd-239ea7a49020,0.10205,0.14183,0.03978000000000001,0.55829,0.30055,-0.25773999999999997,0.25773999999999997,0.05555555555555555,0.0,-0.05555555555555555,0.19977,0.28043,0.08066000000000001,task_aware
obliqa,acaed041-7586-4154-a0f1-f79e9fb014e6,0.01578,0.01578,0.0,0.99447,0.99447,0.0,0.0,0.0,0.0,0.0,0.0071,0.0071,0.0,equal
obliqa,ae5a3561-31e9-4072-bcdd-d9f1a9c49abb,0.87441,0.95993,0.08551999999999993,0.02665,0.01243,-0.01422,0.01422,0.07692307692307693,0.07692307692307693,0.0,0.64156,0.67481,0.03325,task_aware
obliqa,aea0eb13-1959-4a68-838c-068219dcabf5,0.35801,0.75107,0.39306,0.15534,0.42406,0.26871999999999996,-0.26871999999999996,0.16666666666666666,0.2222222222222222,0.05555555555555555,0.45645,0.51641,0.05996000000000001,task_aware
obliqa,aeb7b10e-74ff-4dfd-a1b1-3e74c2b48d58,0.71121,0.0038,-0.70741,0.36577,0.99747,0.6316999999999999,-0.6316999999999999,0.0,0.0,0.0,0.44848,0.00211,-0.44637,general
obliqa,af36dc58-130a-45b5-9c5a-eac3d3e69c88,0.45456,0.44913,-0.005430000000000046,0.03718,0.02557,-0.011609999999999999,0.011609999999999999,0.14285714285714285,0.21428571428571427,0.07142857142857142,0.52008,0.54595,0.02587000000000006,task_aware
obliqa,b06586d3-6681-4179-b3cc-81970620ee12,0.56265,0.3226,-0.24004999999999999,0.97709,0.94268,-0.03441000000000005,0.03441000000000005,0.4444444444444444,0.5,0.05555555555555558,0.34333,0.29331,-0.05002000000000001,general
obliqa,b09fc77c-ab4a-4656-9662-185c35a2ec0b,0.02424,0.02424,0.0,0.99588,0.99588,0.0,0.0,0.0,0.0,0.0,0.00945,0.00945,0.0,equal
obliqa,b15febfd-7251-4e97-9b83-4467f47c3f86,0.66056,0.67068,0.010120000000000018,0.63643,0.50174,-0.1346900000000001,0.1346900000000001,0.11764705882352941,0.23529411764705882,0.11764705882352941,0.38059,0.46808,0.08749000000000001,task_aware
obliqa,b1eedf94-4219-4ae0-b9f6-5e8e9c793032,0.99509,0.99437,-0.0007200000000000539,0.2339,0.16899,-0.06491,0.06491,0.05555555555555555,0.05555555555555555,0.0,0.60558,0.62698,0.021399999999999975,task_aware
obliqa,b2c1e20e-fa70-4632-8624-a5cbbde45c40,0.99457,0.99029,-0.0042799999999999505,0.06093,0.05294,-0.007989999999999997,0.007989999999999997,0.0,0.0,0.0,0.64455,0.64578,0.0012300000000000644,task_aware
obliqa,b3f2f260-9e0d-4f3e-96f3-d699a6e22191,0.84303,0.92334,0.0803100000000001,0.58333,0.01784,-0.56549,0.56549,0.05,0.1,0.05,0.43657,0.6685,0.23192999999999997,task_aware
obliqa,b6ef3bda-3419-406d-9992-7a44a280853d,0.83861,0.90765,0.06903999999999999,0.46714,0.34784,-0.11930000000000002,0.11930000000000002,0.0,0.0,0.0,0.45716,0.51994,0.06277999999999995,task_aware
obliqa,b96a881f-ca52-420f-b53a-2682b5fe903f,0.00555,0.01119,0.00564,0.18803,0.99049,0.80246,-0.80246,0.0,0.0,0.0,0.27251,0.0069,-0.26560999999999996,general
obliqa,ba14de33-789f-4a9a-a188-981cfb22d447,0.00128,0.00187,0.0005899999999999998,0.01625,0.01518,-0.0010699999999999998,0.0010699999999999998,0.0,0.0,0.0,0.32834,0.3289,0.0005600000000000049,task_aware
obliqa,ba3f060d-bcc3-4a0c-bc7a-1d1cc478c661,0.48171,0.3732,-0.10851000000000005,0.51772,0.39761,-0.12010999999999994,0.12010999999999994,0.23809523809523808,0.19047619047619047,-0.047619047619047616,0.4007,0.38869,-0.01201000000000002,general
obliqa,baed2f1d-76e5-4840-8e19-cc5297499f9a,0.02158,0.02752,0.005940000000000001,0.00838,0.00814,-0.00024000000000000063,0.00024000000000000063,0.0625,0.0625,0.0,0.35857,0.36063,0.0020600000000000063,task_aware
obliqa,bb42dfe9-eb4d-4042-a3c5-70f0da82a79c,0.54797,0.48776,-0.06020999999999993,0.01039,0.48019,0.4698,-0.4698,0.0,0.0,0.0,0.51253,0.33586,-0.17667000000000005,general
obliqa,bd0cf33d-e089-4a0f-b6d9-184d9fc6d54d,0.00994,0.00994,0.0,0.99677,0.99677,0.0,0.0,0.0,0.0,0.0,0.00439,0.00439,0.0,equal
obliqa,bf69914c-c162-48de-99ef-54a03e823055,0.53891,0.72749,0.18857999999999997,0.53217,0.4852,-0.04697000000000001,0.04697000000000001,0.11764705882352941,0.11764705882352941,0.0,0.3748,0.45331,0.07850999999999997,task_aware
obliqa,bfb4ad04-f085-4a02-9890-a01a0b80fc75,0.46653,0.59301,0.12648000000000004,0.27476,0.54196,0.2672,-0.2672,0.0,0.0,0.0,0.39726,0.35035,-0.04691000000000001,general
obliqa,c30ea844-8692-46a4-b0f1-a48b90e25b98,0.13024,0.57294,0.4427,0.85283,0.76655,-0.08628000000000002,0.08628000000000002,0.1111111111111111,0.1111111111111111,0.0,0.12951,0.30583,0.17632,task_aware
obliqa,c4bc7f3d-322f-42b3-b6b9-38fa87483bd3,0.70623,0.52105,-0.18518,0.20965,0.3807,0.17104999999999998,-0.17104999999999998,0.08333333333333333,0.16666666666666666,0.08333333333333333,0.52664,0.43567,-0.09097,general
obliqa,c512fb21-73b1-4eba-8f1c-e0f9b8709cdc,0.41724,0.00216,-0.41508,0.50558,0.94665,0.44106999999999996,-0.44106999999999996,0.0,0.0,0.0,0.30389,0.0185,-0.28539,general
obliqa,c591c2a1-3754-444b-a4ce-7bef1416944d,0.98261,0.98716,0.004550000000000054,0.53575,0.70914,0.17339000000000004,-0.17339000000000004,0.09090909090909091,0.18181818181818182,0.09090909090909091,0.51259,0.48661,-0.025980000000000003,general
obliqa,c5c6b51a-ea2a-4f35-9e19-c496c55d580d,0.05105,0.16639,0.11534000000000001,0.02406,0.13416,0.1101,-0.1101,0.0,0.25,0.25,0.34233,0.42741,0.08507999999999999,task_aware
obliqa,c650d57a-0d0e-4618-abb2-bc31b78db0c3,0.98967,0.53442,-0.45525000000000004,0.97166,0.49919,-0.47246999999999995,0.47246999999999995,0.4,0.06666666666666667,-0.33333333333333337,0.47267,0.3673,-0.10536999999999996,general
obliqa,c67834e9-24be-4935-942d-bd515729ce80,0.36249,0.21014,-0.15234999999999999,0.41662,0.556,0.13938000000000006,-0.13938000000000006,0.045454545454545456,0.0,-0.045454545454545456,0.33044,0.21805,-0.11239000000000002,general
obliqa,c69d69ad-026c-4931-8a8b-03bc5e8170b5,0.02913,0.2958,0.26667,0.32443,0.34857,0.024139999999999995,-0.024139999999999995,0.08333333333333333,0.027777777777777776,-0.05555555555555555,0.26268,0.325,0.062319999999999987,task_aware
obliqa,c72a3ee7-2dc6-42cb-9b33-917f363d9676,0.98899,0.42273,-0.56626,0.33533,0.03554,-0.29979,0.29979,0.0,0.2222222222222222,0.2222222222222222,0.55122,0.53647,-0.01475000000000004,general
obliqa,c7ab44ca-a393-4987-96e1-5f7f92e53c0b,0.71105,0.62372,-0.08732999999999991,0.16225,0.01383,-0.14842,0.14842,0.14814814814814814,0.18518518518518517,0.037037037037037035,0.56565,0.59836,0.03271000000000002,task_aware
obliqa,c8693ee6-a812-4721-b216-97377dcf77e2,0.48815,0.51181,0.023660000000000014,0.02174,0.01211,-0.00963,0.00963,0.3888888888888889,0.2222222222222222,-0.16666666666666669,0.61843,0.57397,-0.044460000000000055,general
obliqa,c8b65ec8-2d56-4dff-83b8-658bae9d5c0b,0.02507,0.68147,0.6564,0.88434,0.44362,-0.44072,0.44072,0.0,0.1111111111111111,0.1111111111111111,0.04691,0.44965,0.40274,task_aware
obliqa,c96c5d3c-258b-4a08-b83f-87dacae29a41,0.592,0.49145,-0.10054999999999997,0.00852,0.00973,0.001210000000000001,-0.001210000000000001,0.05555555555555555,0.05555555555555555,0.0,0.54635,0.51243,-0.03391999999999995,general
obliqa,c979ac53-3eff-4d5b-bdf7-7ced7c5cf71e,0.51722,0.02325,-0.49397,0.47569,0.35968,-0.11601,0.11601,0.07692307692307693,0.07692307692307693,0.0,0.37282,0.24683,-0.12599,general
obliqa,ca444fe7-720d-4ef7-bfcd-df781a95fe5d,0.04497,0.04497,0.0,0.99676,0.99676,0.0,0.0,0.0,0.0,0.0,0.01607,0.01607,0.0,equal
obliqa,ca4903c9-4fb6-4f94-ae6b-a1f3c25bdb3d,0.98877,0.99063,0.0018599999999999728,0.22147,0.39082,0.16935,-0.16935,0.06451612903225806,0.12903225806451613,0.06451612903225806,0.61061,0.57628,-0.03432999999999997,general
obliqa,ca6a9ba0-ea6d-42e5-b5ee-4dcc13cbec2f,0.65471,0.96632,0.31160999999999994,0.1544,0.04688,-0.10752,0.10752,0.16666666666666666,0.16666666666666666,0.0,0.55566,0.69537,0.13971,task_aware
obliqa,ca77b4e6-4d8b-4db8-baab-67bd0aed18e2,0.98874,0.98779,-0.0009500000000000064,0.57339,0.5482,-0.025189999999999935,0.025189999999999935,0.0,0.0,0.0,0.47178,0.47986,0.008080000000000032,task_aware
obliqa,cadff9b9-5dcb-4460-9379-67e859fb7325,0.79325,0.5192,-0.27405,0.95219,0.57,-0.38219000000000003,0.38219000000000003,0.0,0.16666666666666666,0.16666666666666666,0.28035,0.37196,0.09161000000000002,task_aware
obliqa,cbb55e00-e3ad-4953-bf46-75388bab5ba5,0.8738,0.24084,-0.63296,0.88555,0.98615,0.10060000000000002,-0.10060000000000002,0.0,0.047619047619047616,0.047619047619047616,0.32942,0.10077,-0.22865,general
obliqa,ccc56abc-8b73-4f31-aaae-08c12a89e16b,0.98697,0.95113,-0.03583999999999998,0.23009,0.20581,-0.024279999999999996,0.024279999999999996,0.0,0.0625,0.0625,0.58563,0.60261,0.016979999999999995,task_aware
obliqa,cd8b132c-30b0-4322-bd65-e685a5237ad9,0.61484,0.72934,0.11449999999999994,0.62269,0.44764,-0.17504999999999998,0.17504999999999998,0.05,0.05,0.0,0.34738,0.4439,0.09652,task_aware
obliqa,cdbddc86-6662-41ff-8544-f15135b04f5f,0.66503,0.77471,0.10968,0.49935,0.65375,0.15440000000000004,-0.15440000000000004,0.05,0.0,-0.05,0.40523,0.37365,-0.03158,general
obliqa,ce03005b-eb3b-4a63-ae9f-46cce54f23f9,0.10251,0.45178,0.34927,0.98248,0.48269,-0.49979,0.49979,0.0,0.0,0.0,0.04001,0.32303,0.28302,task_aware
obliqa,ce16acab-6297-4b18-b573-0ebdb715d393,0.99435,0.9933,-0.0010499999999999954,0.10289,0.52061,0.41772000000000004,-0.41772000000000004,0.11764705882352941,0.17647058823529413,0.05882352941176472,0.6697,0.54972,-0.11997999999999998,general
obliqa,d0d90199-f757-4667-a276-21b80b36d279,0.27869,0.53136,0.25267000000000006,0.01632,0.04102,0.0247,-0.0247,0.0,0.04,0.04,0.42079,0.51011,0.08931999999999995,task_aware
obliqa,d10e788d-9975-4696-b75b-67122f6a1331,0.01256,0.21753,0.20497,0.72122,0.64414,-0.07707999999999993,0.07707999999999993,0.013888888888888888,0.013888888888888888,0.0,0.10174,0.19576,0.09401999999999999,task_aware
obliqa,d3bac484-fdcf-4cd2-9272-a62658967b36,0.86773,0.79818,-0.06955,0.3853,0.28505,-0.10024999999999995,0.10024999999999995,0.125,0.125,0.0,0.53581,0.54604,0.010229999999999961,task_aware
obliqa,d43a602a-3351-4efa-9650-bdc036d3b9da,0.50457,0.21582,-0.28874999999999995,0.41589,0.57693,0.16104000000000007,-0.16104000000000007,0.05,0.15,0.09999999999999999,0.37956,0.26296,-0.11659999999999998,general
obliqa,d46dbdfd-c277-4d12-b1d9-a5e2a39fc43e,0.31382,0.24125,-0.07257,0.04313,0.17747,0.13434,-0.13434,0.1,0.05,-0.05,0.4569,0.37126,-0.08564,general
obliqa,d49e1a21-3804-490e-bcd6-24414957de6a,0.60186,0.75793,0.15607000000000004,0.06767,0.17695,0.10928,-0.10928,0.18181818181818182,0.045454545454545456,-0.13636363636363635,0.572,0.54214,-0.029859999999999998,general
obliqa,d5c5ede1-0442-45a8-bef0-387b0437128d,0.98132,0.86234,-0.11897999999999997,0.49617,0.10616,-0.39000999999999997,0.39000999999999997,0.0,0.0,0.0,0.49505,0.58539,0.09033999999999998,task_aware
obliqa,d5ecd563-5636-4007-9229-ab9bd9282a02,0.98667,0.9681,-0.018570000000000086,0.54535,0.39596,-0.14939000000000002,0.14939000000000002,0.058823529411764705,0.058823529411764705,0.0,0.50005,0.54365,0.04359999999999997,task_aware
obliqa,d73f177b-7e15-4845-89f2-97f045bcc258,0.13739,0.26328,0.12589,0.72303,0.61196,-0.11107,0.11107,0.0,0.05555555555555555,0.05555555555555555,0.13812,0.23563,0.09751000000000001,task_aware
obliqa,d8069bdf-3ac9-41fa-871a-f1f31537f67a,0.84168,0.38514,-0.45654,0.18701,0.0433,-0.14371,0.14371,0.0,0.06666666666666667,0.06666666666666667,0.55156,0.4695,-0.08206000000000008,general
obliqa,d9ef2eb4-874f-4345-be91-0fd99f946814,0.10119,0.08821,-0.012980000000000005,0.02222,0.02128,-0.0009399999999999999,0.0009399999999999999,0.0625,0.0625,0.0,0.38049,0.37648,-0.0040100000000000136,general
obliqa,dae50736-3cbf-487a-abc3-37b751a25d38,0.01368,0.2554,0.24172000000000002,0.63504,0.53253,-0.1025100000000001,0.1025100000000001,0.25,0.3,0.04999999999999999,0.20955,0.34096,0.13141,task_aware
obliqa,dafbf2aa-01dc-4c72-b5c7-cc3d70ebc39e,0.69533,0.46373,-0.23160000000000003,0.52837,0.3387,-0.18967,0.18967,0.058823529411764705,0.11764705882352941,0.058823529411764705,0.40859,0.41423,0.005639999999999978,task_aware
obliqa,df0a92b6-68eb-4036-a116-5f1987b65b1a,0.77438,0.9014,0.12702000000000002,0.05174,0.0689,0.01716,-0.01716,0.125,0.125,0.0,0.61588,0.6525,0.036619999999999986,task_aware
obliqa,df0ec692-c070-4f68-8337-522f5aab0ca1,0.0448,0.0448,0.0,0.99394,0.99394,0.0,0.0,0.0,0.0,0.0,0.01695,0.01695,0.0,equal
obliqa,df2750df-6333-4a8e-94f0-be7345154a00,0.66522,0.67391,0.008689999999999976,0.15336,0.11796,-0.0354,0.0354,0.2,0.2,0.0,0.57062,0.58532,0.014699999999999935,task_aware
obliqa,df3430f2-eac5-4871-94e0-904e490c9aad,0.45565,0.49643,0.04077999999999998,0.00554,0.01526,0.00972,-0.00972,0.09523809523809523,0.14285714285714285,0.047619047619047616,0.51512,0.54134,0.02622000000000002,task_aware
obliqa,e05c3ba5-d1fc-4c60-9731-544444130ef3,0.1337,0.01444,-0.11926000000000002,0.66731,0.99448,0.32717000000000007,-0.32717000000000007,0.08333333333333333,0.0,-0.08333333333333333,0.18324,0.00665,-0.17659,general
obliqa,e07141c0-5416-4313-90cb-4d07b32c4874,0.60797,0.02017,-0.5878,0.49243,0.50645,0.014019999999999977,-0.014019999999999977,0.0,0.058823529411764705,0.058823529411764705,0.37185,0.19085,-0.18100000000000002,general
obliqa,e08e445e-37e9-498f-a977-50d171f18ce3,0.42169,0.27472,-0.14697,0.21666,0.02506,-0.1916,0.1916,0.2,0.28,0.08000000000000002,0.46834,0.50989,0.041549999999999976,task_aware
obliqa,e0fcf38c-e5fe-430b-8f66-5d6b6d3041e6,0.52843,0.52658,-0.0018499999999999073,0.50533,0.51103,0.005700000000000038,-0.005700000000000038,0.0,0.0,0.0,0.34103,0.33852,-0.0025100000000000122,general
obliqa,e28b2b21-d43b-4a55-8558-3aefbde59a18,0.5414,0.0311,-0.5103,0.93206,0.11899,-0.81307,0.81307,0.0625,0.03125,-0.03125,0.22395,0.31445,0.0905,task_aware
obliqa,e44faeaf-e039-4f30-8840-95e3111d140c,0.48703,0.49445,0.007419999999999982,0.50087,0.50223,0.0013599999999999168,-0.0013599999999999168,0.0,0.0,0.0,0.32872,0.33074,0.0020199999999999663,task_aware
obliqa,e584b338-4f99-4c26-ad72-d84659eaaebb,0.97931,0.97721,-0.0020999999999999908,0.98256,0.98946,0.006900000000000017,-0.006900000000000017,0.0,0.0,0.0,0.33225,0.32925,-0.0030000000000000027,general
obliqa,e5b8ccf8-6b6c-4a59-93de-4329e93e86ad,0.99182,0.99066,-0.0011600000000000499,0.13575,0.06549,-0.07026,0.07026,0.05263157894736842,0.05263157894736842,0.0,0.63623,0.65927,0.02304000000000006,task_aware
obliqa,e614185e-9903-4c7c-97ab-9a7401364599,0.02899,0.02899,0.0,0.99339,0.99339,0.0,0.0,0.0,0.0,0.0,0.01187,0.01187,0.0,equal
obliqa,e61a4af8-19ac-475e-95e1-901ad33ac9c9,0.01273,0.99182,0.97909,0.91188,0.99379,0.08190999999999993,-0.08190999999999993,0.09523809523809523,0.09523809523809523,0.0,0.06536,0.36442,0.29906,task_aware
obliqa,e68b765f-1a24-4c17-9bae-2f472279bd0b,0.31652,0.34558,0.029059999999999975,0.7028,0.53529,-0.16750999999999994,0.16750999999999994,0.039473684210526314,0.09210526315789473,0.05263157894736842,0.21773,0.3008,0.08307,task_aware
obliqa,e707303f-0667-4f1a-a09b-0216279a0447,0.88225,0.96827,0.08601999999999999,0.0129,0.95465,0.94175,-0.94175,0.09090909090909091,0.0,-0.09090909090909091,0.65342,0.33787,-0.31555,general
obliqa,e8db9b43-4254-4520-a058-17bb7d06c2ef,0.66524,0.56806,-0.09718000000000004,0.38972,0.05386,-0.33586,0.33586,0.03333333333333333,0.03333333333333333,0.0,0.43628,0.51584,0.07955999999999996,task_aware
obliqa,eab3deb4-8c99-4842-9920-6f60606d4128,0.49332,0.48771,-0.005610000000000004,0.51553,0.95464,0.43911,-0.43911,0.0125,0.0125,0.0,0.3301,0.18186,-0.14824,general
obliqa,eb26b6f6-12e8-4a9a-9adc-00e2bd9b8ee7,0.49052,0.85428,0.36376000000000003,0.23302,0.42702,0.194,-0.194,0.08,0.08,0.0,0.44583,0.50242,0.056589999999999974,task_aware
obliqa,ed1cfb3a-352a-4a51-a061-ad79a1a9ce3b,0.37498,0.50685,0.13187000000000004,0.19768,0.13566,-0.06201999999999999,0.06201999999999999,0.2,0.13333333333333333,-0.06666666666666668,0.4591,0.50151,0.04241,task_aware
obliqa,ee8663b6-817f-4bd1-bd14-d870d9737087,0.88707,0.66518,-0.22189000000000003,0.16359,0.28869,0.1251,-0.1251,0.05,0.2,0.15000000000000002,0.59116,0.5255,-0.06566000000000005,general
obliqa,ef439d88-a2b6-4421-8f47-c1e869e2a2d2,0.01973,0.03065,0.01092,0.8613,0.98885,0.12755000000000005,-0.12755000000000005,0.0,0.0,0.0,0.05281,0.01393,-0.038880000000000005,general
obliqa,f0695519-e5c9-4252-b30a-44a8b908ae90,0.46467,0.55838,0.09370999999999996,0.00845,0.0483,0.039850000000000003,-0.039850000000000003,0.15789473684210525,0.21052631578947367,0.05263157894736842,0.53804,0.57354,0.03550000000000009,task_aware
obliqa,f1f40819-70f5-4429-b4bc-0fd0d133c42b,0.43078,0.33493,-0.09584999999999999,0.45719,0.4076,-0.04958999999999997,0.04958999999999997,0.25,0.3125,0.0625,0.40786,0.41328,0.00541999999999998,task_aware
obliqa,f5e217b5-c1c8-4a5d-996b-47bdd239fd94,0.84055,0.68671,-0.15383999999999998,0.41442,0.41696,0.0025399999999999867,-0.0025399999999999867,0.05555555555555555,0.16666666666666666,0.1111111111111111,0.4939,0.47881,-0.015089999999999992,general
obliqa,f60bb4b1-51da-4a99-974c-c965ea4b5942,0.39723,0.33499,-0.06224000000000002,0.35242,0.39926,0.04683999999999999,-0.04683999999999999,0.23076923076923078,0.15384615384615385,-0.07692307692307693,0.42519,0.36319,-0.062,general
obliqa,f818dcf9-a6e2-4552-8923-0fba947e3ac1,0.04,0.6193,0.5792999999999999,0.98236,0.99626,0.013900000000000023,-0.013900000000000023,0.043478260869565216,0.08695652173913043,0.043478260869565216,0.03371,0.23667,0.20296,task_aware
obliqa,f84ed1cb-b907-407b-a89e-709f3ee4f16f,0.59718,0.03909,-0.5580900000000001,0.03489,0.99235,0.95746,-0.95746,0.11764705882352941,0.0,-0.11764705882352941,0.55998,0.01558,-0.5444,general
obliqa,f86e8496-fe17-4391-83b6-0ba0a4593911,0.55225,0.57249,0.020240000000000036,0.0251,0.17968,0.15458,-0.15458,0.16666666666666666,0.16666666666666666,0.0,0.56461,0.51983,-0.04477999999999993,general
obliqa,f8f9fca3-e455-4c97-966b-6cacf770ef04,0.99119,0.98704,-0.004149999999999987,0.00831,0.42058,0.41227,-0.41227,0.0,0.0,0.0,0.66096,0.52215,-0.13881,general
obliqa,f902d073-aef2-405f-8f75-d8e87e9417aa,0.84487,0.8475,0.002630000000000021,0.37265,0.41477,0.042120000000000046,-0.042120000000000046,0.18840579710144928,0.11594202898550725,-0.07246376811594203,0.55354,0.51622,-0.03732000000000002,general
obliqa,f9cf61bd-2c9b-4323-a80d-8341e1364bc4,0.53657,0.83013,0.29356000000000004,0.48292,0.42416,-0.058760000000000034,0.058760000000000034,0.047619047619047616,0.047619047619047616,0.0,0.36709,0.48453,0.11743999999999999,task_aware
obliqa,fb2ac9aa-efe6-47c0-a2c7-c89ebbef47cf,0.63154,0.95475,0.32321,0.18367,0.00491,-0.17876,0.17876,0.0,0.09090909090909091,0.09090909090909091,0.48262,0.68025,0.19763000000000003,task_aware
obliqa,fbcda55a-13c2-45d7-a40b-e025ddab13f3,0.48817,0.0057,-0.48247,0.28495,0.64189,0.35694,-0.35694,0.21428571428571427,0.21428571428571427,0.0,0.4725,0.1927,-0.27979999999999994,general
obliqa,fc535834-d668-48cf-8113-56732e6b0f85,0.01468,0.04162,0.02694,0.00817,0.99291,0.98474,-0.98474,0.21052631578947367,0.0,-0.21052631578947367,0.40568,0.01624,-0.38944,general
obliqa,fde33e91-0eba-4b69-a232-022aa8fbeac8,0.01195,0.01195,0.0,0.99611,0.99611,0.0,0.0,0.0,0.0,0.0,0.00528,0.00528,0.0,equal
obliqa,fe491dcb-3424-4f22-9b4b-015413c9e1df,0.08854,0.08854,0.0,0.99269,0.99269,0.0,0.0,0.0,0.0,0.0,0.03195,0.03195,0.0,equal
obliqa,fe515374-4abe-4841-937f-5d5c1937b9d5,0.65874,0.59338,-0.06535999999999997,0.97798,0.99003,0.012050000000000005,-0.012050000000000005,0.08823529411764706,0.058823529411764705,-0.02941176470588236,0.25633,0.22072,-0.03561,general
obliqa,ff29c71e-2b2d-4713-9d41-1b8a9ae0a400,0.50155,0.58527,0.0837199999999999,0.19236,0.06139,-0.13097,0.13097,0.4583333333333333,0.5416666666666666,0.08333333333333331,0.58917,0.68852,0.09935000000000005,task_aware
obliqa,ffb8ab74-8b2e-408e-82fc-e68a532f0067,0.01717,0.01717,0.0,0.99469,0.99469,0.0,0.0,0.0,0.0,0.0,0.00749,0.00749,0.0,equal
obliqa_mp,0050f26e-1640-4e1a-92b4-9eb1222e9b81,0.33421,0.81903,0.48482000000000003,0.0591,0.05151,-0.0075899999999999995,0.0075899999999999995,0.0625,0.0,-0.0625,0.44587,0.58917,0.14329999999999998,task_aware
obliqa_mp,007dbc17-1b9a-4fb1-a274-8923eb777a0e,0.74467,0.9027,0.1580299999999999,0.50319,0.52162,0.018429999999999946,-0.018429999999999946,0.0,0.0,0.0,0.41383,0.46036,0.046530000000000016,task_aware
obliqa_mp,0094bdbf-e00a-4e8b-b3de-7148844dfd2d,0.41295,0.42271,0.009759999999999991,0.00721,0.00921,0.001999999999999999,-0.001999999999999999,0.12,0.4,0.28,0.50858,0.6045,0.09592,task_aware
obliqa_mp,017e3146-7e38-4a23-a456-457b1306dca2,0.39232,0.07271,-0.31961,0.55724,0.3954,-0.16183999999999998,0.16183999999999998,0.3,0.3,0.0,0.37836,0.32577,-0.05258999999999997,general
obliqa_mp,047ab632-44f5-44cb-954f-29092a375f47,0.62272,0.65601,0.03328999999999993,0.09633,0.19845,0.10211999999999999,-0.10211999999999999,0.13636363636363635,0.2727272727272727,0.13636363636363635,0.55425,0.57676,0.02251000000000003,task_aware
obliqa_mp,05184585-328f-491a-9c66-cb306e684198,0.50112,0.49959,-0.0015300000000000313,0.20965,0.32305,0.1134,-0.1134,0.0625,0.0625,0.0,0.45132,0.41301,-0.03831000000000001,general
obliqa_mp,05bed25a-b5f2-4649-a3dd-95a1dd5a62cb,0.97946,0.66701,-0.31245,0.02609,0.50898,0.48289,-0.48289,0.0,0.0,0.0,0.65112,0.38601,-0.26511,general
obliqa_mp,05c61b5d-da36-44f2-bc61-3c9100c222e4,0.27167,0.28497,0.013299999999999979,0.21314,0.2866,0.07346000000000003,-0.07346000000000003,0.3125,0.3125,0.0,0.45701,0.43696,-0.020050000000000012,general
obliqa_mp,05cda38b-dcf5-4e75-aeac-14c6fd9ad47d,0.25058,0.25944,0.008859999999999979,0.02256,0.26177,0.23921,-0.23921,0.05555555555555555,0.0,-0.05555555555555555,0.42786,0.33256,-0.0953,general
obliqa_mp,05cf4f68-af07-4f04-8721-91497a9370ad,0.22551,0.5889,0.36339,0.2671,0.02424,-0.24286,0.24286,0.34782608695652173,0.34782608695652173,0.0,0.43541,0.6375,0.20208999999999994,task_aware
obliqa_mp,066ed020-b7e5-4229-bd5f-e5ac1fca6369,0.46927,0.52562,0.056349999999999956,0.49474,0.45896,-0.035780000000000034,0.035780000000000034,0.10526315789473684,0.10526315789473684,0.0,0.35993,0.39064,0.03070999999999996,task_aware
obliqa_mp,076de581-8d8b-4076-945e-0754fe3a8711,0.37559,0.01553,-0.36006,0.01799,0.01001,-0.00798,0.00798,0.08695652173913043,0.21739130434782608,0.13043478260869565,0.48152,0.40764,-0.07388,general
obliqa_mp,07972be3-5c7b-4a7f-9c42-4ff4c0077a00,0.37286,0.58153,0.20866999999999997,0.09694,0.01928,-0.07766,0.07766,0.125,0.0625,-0.0625,0.46697,0.54158,0.07460999999999995,task_aware
obliqa_mp,0821ea59-02ed-4937-9e30-935180113383,0.98821,0.82232,-0.16588999999999998,0.00791,0.4122,0.40429000000000004,-0.40429000000000004,0.058823529411764705,0.11764705882352941,0.058823529411764705,0.67971,0.50926,-0.17045,general
obliqa_mp,0844ca37-54be-4a08-98e0-cb6725dace15,0.41701,0.26848,-0.14853,0.14991,0.56691,0.41700000000000004,-0.41700000000000004,0.14285714285714285,0.25,0.10714285714285715,0.46999,0.31719,-0.1528,general
obliqa_mp,0a1dfcd5-855d-4a9e-9e4a-59e9b2180691,0.44621,0.34946,-0.09675,0.05585,0.00884,-0.047009999999999996,0.047009999999999996,0.043478260869565216,0.08695652173913043,0.043478260869565216,0.47795,0.47586,-0.0020899999999999808,general
obliqa_mp,0acb1e99-e70e-4ea6-abfc-6dd783be972f,0.50494,0.9779,0.47295999999999994,0.5229,0.00515,-0.51775,0.51775,0.0,0.0,0.0,0.32735,0.65758,0.3302300000000001,task_aware
obliqa_mp,0cf7c629-1ace-4220-ae69-1f9140e3040f,0.09815,0.74477,0.6466200000000001,0.0472,0.04799,0.000789999999999999,-0.000789999999999999,0.17647058823529413,0.058823529411764705,-0.11764705882352942,0.40914,0.5852,0.17606000000000005,task_aware
obliqa_mp,0ed65563-60b7-4c8d-97ac-45c531189895,0.51842,0.30774,-0.21067999999999998,0.06121,0.024,-0.03721,0.03721,0.0,0.043478260869565216,0.043478260869565216,0.48574,0.44241,-0.04332999999999998,general
obliqa_mp,1030b65c-963e-4247-a83e-706dd41b92e2,0.651,0.78306,0.13205999999999996,0.28204,0.09171,-0.19033,0.19033,0.14285714285714285,0.21428571428571427,0.07142857142857142,0.50394,0.63521,0.13127,task_aware
obliqa_mp,106679c9-2275-461d-861e-a95bf3a1a95d,0.41914,0.27046,-0.14868000000000003,0.17629,0.25303,0.07673999999999997,-0.07673999999999997,0.13333333333333333,0.16666666666666666,0.033333333333333326,0.45873,0.3947,-0.06403000000000003,general
obliqa_mp,10ac7e12-b81d-46f9-8c40-a3823cda2b87,0.67177,0.65248,-0.01929000000000003,0.01751,0.21212,0.19461,-0.19461,0.1111111111111111,0.3333333333333333,0.2222222222222222,0.58846,0.59123,0.00277000000000005,task_aware
obliqa_mp,10e8b5ac-6473-4301-84d4-dd09a7fbbada,0.50974,0.5146,0.0048599999999999755,0.90467,0.57223,-0.33243999999999996,0.33243999999999996,0.0,0.07142857142857142,0.07142857142857142,0.20169,0.33793,0.13624,task_aware
obliqa_mp,12b81d4c-1727-43cf-87a4-d7457918eaae,0.88695,0.83844,-0.04851000000000005,0.01612,0.01373,-0.0023899999999999998,0.0023899999999999998,0.15384615384615385,0.15384615384615385,0.0,0.67489,0.65952,-0.015369999999999995,general
obliqa_mp,12d21aad-3da3-4a29-8bda-0ab8265af7a8,0.25473,0.2459,-0.008830000000000005,0.13614,0.09329,-0.04285000000000001,0.04285000000000001,0.14285714285714285,0.14285714285714285,0.0,0.42048,0.43182,0.011339999999999961,task_aware
obliqa_mp,1353590c-3304-4038-986f-4d083fb2e2e9,0.36836,0.7277,0.35934,0.23781,0.25212,0.014310000000000017,-0.014310000000000017,0.043478260869565216,0.17391304347826086,0.13043478260869565,0.39134,0.54983,0.15849000000000002,task_aware
obliqa_mp,13705b29-5bca-41b0-876d-f45f4f1520e1,0.92615,0.95259,0.02644000000000002,0.97194,0.92386,-0.04808000000000001,0.04808000000000001,0.0625,0.03125,-0.03125,0.3389,0.35333,0.014429999999999998,task_aware
obliqa_mp,13723c0f-8764-4741-90bf-341847084a51,0.44902,0.18287,-0.26615,0.36138,0.3748,0.013420000000000043,-0.013420000000000043,0.11627906976744186,0.11627906976744186,0.0,0.40131,0.30812,-0.09319,general
obliqa_mp,137243b4-096f-4525-8c87-ecc1312085d9,0.9554,0.9792,0.023799999999999932,0.66744,0.06616,-0.60128,0.60128,0.058823529411764705,0.11764705882352941,0.058823529411764705,0.44893,0.6769,0.22796999999999995,task_aware
obliqa_mp,1482d9e3-b7c1-4810-a118-e13f2c2b7d53,0.11252,0.25795,0.14543,0.5102,0.24793,-0.26227,0.26227,0.0625,0.1875,0.125,0.22161,0.39917,0.17756000000000002,task_aware
obliqa_mp,14e50df2-bf3e-442b-b85e-6343b505baec,0.05576,0.58495,0.5291899999999999,0.90335,0.10621,-0.79714,0.79714,0.14814814814814814,0.2222222222222222,0.07407407407407407,0.10019,0.56699,0.4668,task_aware
obliqa_mp,1531bd8d-a59e-4ab7-b204-a4966d400b97,0.20838,0.39385,0.18546999999999997,0.63225,0.4767,-0.15554999999999997,0.15554999999999997,0.0,0.10526315789473684,0.10526315789473684,0.19204,0.3408,0.14876,task_aware
obliqa_mp,163426b4-ce2f-4cd9-ba06-2641ad483aed,0.75438,0.54566,-0.20872000000000002,0.59551,0.6354,0.03988999999999998,-0.03988999999999998,0.16666666666666666,0.16666666666666666,0.0,0.44185,0.35898,-0.08287,general
obliqa_mp,1642d721-7654-4fc8-b93d-b583fe070ea9,0.20867,0.20816,-0.0005099999999999827,0.01377,0.00821,-0.005559999999999999,0.005559999999999999,0.075,0.05,-0.024999999999999994,0.4233,0.41665,-0.006649999999999989,general
obliqa_mp,167e6763-22ff-41d6-a6e9-728ffe31dcb6,0.57652,0.00729,-0.56923,0.34524,0.8441,0.49885999999999997,-0.49885999999999997,0.012195121951219513,0.012195121951219513,0.0,0.41449,0.05846,-0.35603,general
obliqa_mp,17031098-e217-40e4-ac3b-85034d86f6fe,0.58763,0.77865,0.19101999999999997,0.85945,0.58935,-0.2701,0.2701,0.0,0.0,0.0,0.24273,0.39643,0.1537,task_aware
obliqa_mp,176d3f66-58fe-4fe5-81ab-4a2cfc586f44,0.49856,0.54585,0.04728999999999994,0.22984,0.2414,0.011560000000000015,-0.011560000000000015,0.1875,0.125,-0.0625,0.48541,0.47648,-0.008929999999999993,general
obliqa_mp,18214714-b29c-41aa-a098-d2ce5718580b,0.17987,0.27793,0.09806000000000001,0.0808,0.01459,-0.06620999999999999,0.06620999999999999,0.07407407407407407,0.07407407407407407,0.0,0.39105,0.4458,0.054749999999999965,task_aware
obliqa_mp,18e6214f-f9c1-4a30-86bc-b4e03e561034,0.98736,0.4896,-0.49776000000000004,0.2365,0.02728,-0.20922,0.20922,0.0,0.0,0.0,0.58362,0.48744,-0.09618000000000004,general
obliqa_mp,19da4f1e-eed6-4b67-9ca6-c7c2a7f4a126,0.09768,0.48116,0.38348,0.00956,0.01201,0.002449999999999999,-0.002449999999999999,0.0,0.0,0.0,0.36271,0.48972,0.12701,task_aware
obliqa_mp,1a8146d6-bf5f-44e8-aca7-3831116d312a,0.92264,0.46861,-0.45403,0.0097,0.02309,0.013389999999999999,-0.013389999999999999,0.058823529411764705,0.058823529411764705,0.0,0.65725,0.50145,-0.15580000000000005,general
obliqa_mp,1aa88316-16ea-4497-843b-620c56951d6b,0.69323,0.9819,0.28867,0.66582,0.73349,0.06767000000000001,-0.06767000000000001,0.35714285714285715,0.14285714285714285,-0.2142857142857143,0.46152,0.46376,0.0022400000000000198,task_aware
obliqa_mp,1c7b5cde-dee8-4135-b3f0-e6e49cbaa5f5,0.68284,0.68788,0.0050400000000000444,0.20065,0.39777,0.19712000000000002,-0.19712000000000002,0.29411764705882354,0.17647058823529413,-0.11764705882352941,0.5921,0.48886,-0.10323999999999994,general
obliqa_mp,1d42237c-43a0-453e-8d7b-867192c787aa,0.61974,0.3405,-0.27923999999999993,0.09101,0.34254,0.25153000000000003,-0.25153000000000003,0.1,0.1,0.0,0.54291,0.36599,-0.17692000000000002,general
obliqa_mp,1d6197bc-e841-4d71-8221-15f1e82f5d00,0.83964,0.8727,0.03305999999999998,0.60246,0.3513,-0.25116,0.25116,0.09090909090909091,0.045454545454545456,-0.045454545454545456,0.4427,0.52228,0.07957999999999998,task_aware
obliqa_mp,1eaf12d5-4602-4b6d-8234-9c04530a6277,0.70311,0.87621,0.17310000000000003,0.05934,0.37146,0.31212,-0.31212,0.125,0.125,0.0,0.58959,0.54325,-0.04633999999999994,general
obliqa_mp,1f8d2a27-c427-4ae5-b595-604d7bc628ce,0.58933,0.44897,-0.14036000000000004,0.28828,0.20793,-0.08034999999999998,0.08034999999999998,0.23529411764705882,0.23529411764705882,0.0,0.51211,0.49211,-0.019999999999999962,general
obliqa_mp,200532a1-f2db-4b6e-a58b-a25f0c06bda0,0.79224,0.78384,-0.008400000000000074,0.06113,0.03812,-0.023009999999999996,0.023009999999999996,0.3125,0.375,0.0625,0.6812,0.70691,0.02571000000000001,task_aware
obliqa_mp,2099fd8a-e1d4-4a69-aeaa-c942dc266703,0.46594,0.63495,0.16901,0.02333,0.47434,0.45100999999999997,-0.45100999999999997,0.0,0.043478260869565216,0.043478260869565216,0.48087,0.40136,-0.07951000000000003,general
obliqa_mp,21688063-6dbc-4b74-8e16-7b7b33376552,0.98239,0.74297,-0.23941999999999997,0.77935,0.4931,-0.28625,0.28625,0.17647058823529413,0.11764705882352941,-0.05882352941176472,0.45984,0.45584,-0.0040000000000000036,general
obliqa_mp,21f351d7-95ce-4270-8a24-e8568e7d2e1e,0.96771,0.64681,-0.32089999999999996,0.02832,0.04774,0.019419999999999996,-0.019419999999999996,0.19047619047619047,0.14285714285714285,-0.047619047619047616,0.70996,0.58064,-0.12932,general
obliqa_mp,23db6332-6783-4bdf-adc9-f0684577f8af,0.56772,0.44721,-0.12051,0.17638,0.00937,-0.16701000000000002,0.16701000000000002,0.20833333333333334,0.20833333333333334,0.0,0.53322,0.54872,0.015499999999999958,task_aware
obliqa_mp,25fab00f-fc70-4e20-af7c-989b8340ecd5,0.78903,0.9045,0.11546999999999996,0.6127,0.25189,-0.36081,0.36081,0.015037593984962405,0.007518796992481203,-0.007518796992481203,0.39712,0.55338,0.15626,task_aware
obliqa_mp,26ef58b3-43cf-4edf-b24c-3a4dd7ed3520,0.81978,0.48437,-0.33540999999999993,0.38876,0.31548,-0.07328000000000001,0.07328000000000001,0.04285714285714286,0.04285714285714286,0.0,0.49129,0.40392,-0.08737,general
obliqa_mp,2ade1fca-075a-4fe6-aa3e-3fbb9b95bef7,0.5182,0.19799,-0.32021,0.45843,0.76558,0.30715000000000003,-0.30715000000000003,0.15,0.15,0.0,0.40326,0.19414,-0.20912,general
obliqa_mp,2ccc7524-979e-40ea-9f6c-dae62906fdee,0.55016,0.51872,-0.031440000000000023,0.273,0.48666,0.21365999999999996,-0.21365999999999996,0.21428571428571427,0.14285714285714285,-0.07142857142857142,0.49715,0.39164,-0.10550999999999999,general
obliqa_mp,2d4705fe-2608-4f8c-abed-07e7ef1ad299,0.56913,0.58563,0.01649999999999996,0.03833,0.54527,0.5069400000000001,-0.5069400000000001,0.36363636363636365,0.18181818181818182,-0.18181818181818182,0.63148,0.40739,-0.22409000000000007,general
obliqa_mp,2d56d6c1-d066-4e1a-9144-8d0908ea04fa,0.53697,0.63595,0.09898000000000007,0.15316,0.15163,-0.0015300000000000036,0.0015300000000000036,0.125,0.125,0.0,0.50294,0.53644,0.033499999999999974,task_aware
obliqa_mp,2de15b5b-5e2d-42a9-a6c8-b95abba1f11b,0.13911,0.59344,0.45432999999999996,0.50679,0.67323,0.16644000000000003,-0.16644000000000003,0.12,0.12,0.0,0.25077,0.34674,0.09597,task_aware
obliqa_mp,2e514766-1279-49e7-b86d-39203b384801,0.33253,0.73814,0.40561,0.848,0.15481,-0.69319,0.69319,0.0,0.0,0.0,0.16151,0.52778,0.36627000000000004,task_aware
obliqa_mp,2ee37de1-627c-4561-add5-5f1d5e60abf3,0.33937,0.60148,0.26211,0.33559,0.11902,-0.21656999999999998,0.21656999999999998,0.15384615384615385,0.15384615384615385,0.0,0.38588,0.54544,0.15956000000000004,task_aware
obliqa_mp,2f04d1c2-7069-42af-8938-f95419db7174,0.9956,0.9956,0.0,0.01617,0.01617,0.0,0.0,0.14285714285714285,0.14285714285714285,0.0,0.70743,0.70743,0.0,equal
obliqa_mp,3009b78c-1195-4d22-a5a5-f43f2044d93c,0.74812,0.94884,0.20072,0.53154,0.5224,-0.009140000000000037,0.009140000000000037,0.0,0.058823529411764705,0.058823529411764705,0.40553,0.49509,0.08955999999999997,task_aware
obliqa_mp,31488c4e-8315-4ccb-a433-bed265f4f997,0.81081,0.5333,-0.27751000000000003,0.46546,0.38186,-0.08360000000000001,0.08360000000000001,0.14285714285714285,0.14285714285714285,0.0,0.49607,0.43143,-0.06464000000000003,general
obliqa_mp,315b546d-af20-43d1-9f22-d4f9f22fe342,0.87634,0.93389,0.05754999999999999,0.09145,0.01761,-0.07384,0.07384,0.0,0.11764705882352941,0.11764705882352941,0.59496,0.67798,0.08301999999999998,task_aware
obliqa_mp,32265eb3-6b9b-42b1-a082-d31e9ccf5c05,0.97388,0.89471,-0.07916999999999996,0.00436,0.00523,0.0008700000000000001,-0.0008700000000000001,0.1111111111111111,0.1111111111111111,0.0,0.69354,0.66686,-0.026680000000000037,general
obliqa_mp,342ea2ef-943c-4180-991b-33ff8b4e2ea1,0.3763,0.1278,-0.24850000000000003,0.50173,0.50957,0.007839999999999958,-0.007839999999999958,0.047619047619047616,0.0,-0.047619047619047616,0.3074,0.20608,-0.10132,general
obliqa_mp,34cea842-367e-4d9f-8635-256c932f9fa3,0.38126,0.45581,0.07455,0.56095,0.57862,0.017670000000000075,-0.017670000000000075,0.075,0.125,0.05,0.29844,0.33406,0.03562000000000004,task_aware
obliqa_mp,373b317b-740a-4a6e-a35c-94306e53f4aa,0.84593,0.95241,0.10648000000000002,0.66028,0.7235,0.06322000000000005,-0.06322000000000005,0.0,0.0,0.0,0.39522,0.40964,0.014419999999999988,task_aware
obliqa_mp,374a828e-e7c9-41d1-866b-3a70a28e27fa,0.49713,0.49225,-0.0048799999999999955,0.68037,0.6406,-0.03977000000000008,0.03977000000000008,0.3125,0.1875,-0.125,0.37642,0.34638,-0.030039999999999956,general
obliqa_mp,37a89932-772a-44b7-8e57-e8bd6207fee8,0.43074,0.45735,0.026609999999999967,0.2839,0.26146,-0.02243999999999996,0.02243999999999996,0.4166666666666667,0.4166666666666667,0.0,0.52117,0.53752,0.016349999999999976,task_aware
obliqa_mp,38bf74b9-af9b-4d0f-be21-c4430aee6477,0.75196,0.6908,-0.06115999999999999,0.12596,0.48286,0.3569,-0.3569,0.02702702702702703,0.013513513513513514,-0.013513513513513514,0.55101,0.40715,-0.14386,general
obliqa_mp,39260b57-2ef4-45e2-b042-707e526694aa,0.36344,0.29331,-0.07012999999999997,0.08908,0.27479,0.18571,-0.18571,0.1875,0.0625,-0.125,0.48729,0.36034,-0.12695,general
obliqa_mp,3954e338-1903-4436-8fd5-c0b6e87a952b,0.11454,0.12286,0.008319999999999994,0.07397,0.05714,-0.01682999999999999,0.01682999999999999,0.07692307692307693,0.0641025641025641,-0.01282051282051283,0.3725,0.37661,0.0041100000000000025,task_aware
obliqa_mp,3a372668-3b9d-4908-a88d-449bf95e353d,0.24613,0.1086,-0.13752999999999999,0.00669,0.00246,-0.004229999999999999,0.004229999999999999,0.20833333333333334,0.125,-0.08333333333333334,0.48259,0.41038,-0.07221,general
obliqa_mp,3a4d9467-16ec-481a-9110-e00122210005,0.50114,0.50427,0.003129999999999966,0.68732,0.49877,-0.18855000000000005,0.18855000000000005,0.2727272727272727,0.2727272727272727,0.0,0.36218,0.42608,0.06390000000000001,task_aware
obliqa_mp,3bddbc9f-47d5-417d-8dbd-40dfdce0e797,0.64672,0.59596,-0.050759999999999916,0.03261,0.08501,0.0524,-0.0524,0.045454545454545456,0.09090909090909091,0.045454545454545456,0.55319,0.53395,-0.019239999999999924,general
obliqa_mp,3e9f3ca0-e88a-4bab-9835-bb840b340f2d,0.64846,0.40155,-0.24691000000000002,0.0187,0.00912,-0.009580000000000002,0.009580000000000002,0.09090909090909091,0.12121212121212122,0.030303030303030304,0.57356,0.50455,-0.0690099999999999,general
obliqa_mp,4110e921-daa0-4643-ae3b-c9897feb225f,0.36127,0.51431,0.15304000000000006,0.00846,0.01876,0.010299999999999998,-0.010299999999999998,0.034482758620689655,0.06896551724137931,0.034482758620689655,0.46243,0.52151,0.05908000000000002,task_aware
obliqa_mp,4391bc64-f7a4-419d-8ffb-c2d74655cca4,0.40787,0.80445,0.39658,0.00754,0.02767,0.020130000000000002,-0.020130000000000002,0.13043478260869565,0.08695652173913043,-0.043478260869565216,0.51025,0.62125,0.11099999999999999,task_aware
obliqa_mp,43e80ea6-7f3e-4480-99a8-6abcb2c99445,0.69295,0.78062,0.08767000000000003,0.44412,0.3708,-0.07332,0.07332,0.19047619047619047,0.19047619047619047,0.0,0.47977,0.53343,0.053659999999999985,task_aware
obliqa_mp,448cdd65-02fa-4972-a37a-9acec1439530,0.70838,0.90054,0.19216,0.4124,0.22711,-0.18528999999999998,0.18528999999999998,0.05263157894736842,0.05263157894736842,0.0,0.44954,0.57535,0.12581000000000003,task_aware
obliqa_mp,44d36fba-1d46-4589-a9e3-69d9577144f3,0.32722,0.24021,-0.08701,0.00709,0.01586,0.00877,-0.00877,0.0,0.0,0.0,0.44004,0.40812,-0.031920000000000004,general
obliqa_mp,4552e16b-6b3f-49a3-a7a3-6957f71ef2e8,0.05436,0.42071,0.36634999999999995,0.38805,0.50728,0.11922999999999995,-0.11922999999999995,0.045454545454545456,0.0,-0.045454545454545456,0.23725,0.30448,0.06722999999999998,task_aware
obliqa_mp,456cc22d-51a1-4e06-85f7-4a7536ca5b9d,0.49125,0.1553,-0.33595,0.0465,0.00388,-0.04262,0.04262,0.034482758620689655,0.06896551724137931,0.034482758620689655,0.49308,0.4068,-0.08628000000000002,general
obliqa_mp,456d18b3-0fb0-4878-97bb-c9a6c191763a,0.97273,0.76183,-0.21089999999999998,0.00853,0.01347,0.00494,-0.00494,0.16666666666666666,0.16666666666666666,0.0,0.71029,0.63834,-0.07194999999999996,general
obliqa_mp,46123f91-0876-4090-8488-f8dc3aa311cd,0.00581,0.98593,0.98012,0.49172,0.03817,-0.45355,0.45355,0.0,0.0,0.0,0.17136,0.64925,0.47789,task_aware
obliqa_mp,48d882b3-4a4b-49f8-960d-9fcef6fd016f,0.78789,0.77116,-0.016730000000000023,0.54805,0.49811,-0.04994000000000004,0.04994000000000004,0.11538461538461539,0.07692307692307693,-0.038461538461538464,0.45174,0.44999,-0.0017499999999999738,general
obliqa_mp,4981984b-385e-4a7e-8b14-4d01878a4ce8,0.12007,0.4212,0.30113,0.13685,0.56976,0.43291,-0.43291,0.13636363636363635,0.13636363636363635,0.0,0.37319,0.32927,-0.043920000000000015,general
obliqa_mp,4a82eb85-9266-409a-b76e-41b9dd184c8c,0.70358,0.70689,0.003310000000000035,0.05852,0.08002,0.02149999999999999,-0.02149999999999999,0.2727272727272727,0.3181818181818182,0.04545454545454547,0.63926,0.64835,0.009089999999999931,task_aware
obliqa_mp,4ba14165-b219-4945-8247-813327a94f7e,0.81453,0.74774,-0.06679000000000002,0.56376,0.42673,-0.13703000000000004,0.13703000000000004,0.25,0.3125,0.0625,0.50026,0.5445,0.044239999999999946,task_aware
obliqa_mp,4ba25b73-6ef9-4a35-8de5-eab8c7422b71,0.01556,0.01556,0.0,0.99444,0.99444,0.0,0.0,0.0,0.0,0.0,0.00704,0.00704,0.0,equal
obliqa_mp,4c2459b9-c097-4725-96b3-08c6609c7d69,0.78019,0.97131,0.19111999999999996,0.012,0.01132,-0.00068,0.00068,0.18181818181818182,0.09090909090909091,-0.09090909090909091,0.65,0.68363,0.03362999999999994,task_aware
obliqa_mp,4c31388a-4d30-4c9e-b1f5-1b02b3efae62,0.84517,0.91149,0.06632000000000005,0.19403,0.31562,0.12159,-0.12159,0.0,0.07142857142857142,0.07142857142857142,0.55038,0.55577,0.005390000000000006,task_aware
obliqa_mp,4ea34994-27d8-4c14-94e6-8a043680920f,0.38949,0.51182,0.12233000000000005,0.29652,0.03868,-0.25784,0.25784,0.034482758620689655,0.10344827586206896,0.06896551724137931,0.37582,0.52553,0.14971000000000007,task_aware
obliqa_mp,4f2dee76-92ea-41fd-b327-445a4620a8be,0.51795,0.52718,0.00922999999999996,0.79112,0.96401,0.17289,-0.17289,0.2222222222222222,0.1388888888888889,-0.08333333333333331,0.31635,0.23402,-0.08233000000000001,general
obliqa_mp,510758d7-1f99-4a6a-8a66-60386959fd7d,0.92268,0.59878,-0.32389999999999997,0.33676,0.01859,-0.31817,0.31817,0.0,0.1,0.1,0.52864,0.56006,0.031420000000000003,task_aware
obliqa_mp,51a7dcd6-2bfa-4d60-a31f-a6863dde18db,0.73847,0.57811,-0.16035999999999995,0.00936,0.0052,-0.0041600000000000005,0.0041600000000000005,0.06666666666666667,0.0,-0.06666666666666667,0.59859,0.5243,-0.07428999999999997,general
obliqa_mp,52cd62b1-eaff-45f0-a019-031a2dfdd640,0.86433,0.75034,-0.11399000000000004,0.10678,0.08265,-0.02413,0.02413,0.125,0.125,0.0,0.62752,0.59756,-0.029959999999999987,general
obliqa_mp,53303a64-ae64-43ab-94ac-73ecefc76af2,0.77872,0.72084,-0.05787999999999993,0.022,0.04761,0.02561,-0.02561,0.0,0.0,0.0,0.58557,0.55774,-0.02783000000000002,general
obliqa_mp,5344de9c-c25f-4245-93d3-cc03dcff5458,0.67208,0.90826,0.23617999999999995,0.9225,0.99405,0.07155,-0.07155,0.0,0.0,0.0,0.24986,0.30474,0.05488000000000001,task_aware
obliqa_mp,54f515db-c7ce-4d0b-8f41-34f40ec60cfd,0.0298,0.0298,0.0,0.99643,0.99643,0.0,0.0,0.0,0.0,0.0,0.01112,0.01112,0.0,equal
obliqa_mp,5687e9d6-af99-468a-9efe-8e9451c75382,0.68054,0.01212,-0.66842,0.33019,0.99479,0.6646,-0.6646,0.07692307692307693,0.0,-0.07692307692307693,0.47576,0.00578,-0.46998,general
obliqa_mp,56fce183-19dc-4235-90d0-74aadc422116,0.52202,0.25032,-0.27170000000000005,0.7495,0.93321,0.18370999999999993,-0.18370999999999993,0.19047619047619047,0.19047619047619047,0.0,0.321,0.1692,-0.15180000000000002,general
obliqa_mp,57011c02-090b-4934-80b9-a9a2d45510e0,0.50632,0.33702,-0.1693,0.01067,0.01241,0.0017399999999999985,-0.0017399999999999985,0.05555555555555555,0.1111111111111111,0.05555555555555555,0.51707,0.47857,-0.038500000000000034,general
obliqa_mp,5884e413-0c30-466c-bffc-563783022033,0.91676,0.4598,-0.45696000000000003,0.89856,0.96207,0.06350999999999996,-0.06350999999999996,0.125,0.0625,-0.0625,0.38107,0.18674,-0.19433000000000003,general
obliqa_mp,5be406aa-6830-41ee-9c34-dbfc845b5643,0.36946,0.39737,0.02790999999999999,0.38491,0.31514,-0.06977,0.06977,0.4782608695652174,0.34782608695652173,-0.13043478260869568,0.4876,0.47669,-0.010909999999999975,general
obliqa_mp,5dab69b0-00db-4e9b-a4e1-47ad8ae6732b,0.35267,0.19628,-0.15638999999999997,0.04018,0.05311,0.012929999999999997,-0.012929999999999997,0.041666666666666664,0.08333333333333333,0.041666666666666664,0.45139,0.40883,-0.04255999999999999,general
obliqa_mp,5e16f37b-2a3a-4c50-8565-f636add04ffb,0.50947,0.5033,-0.006170000000000009,0.00629,0.02085,0.01456,-0.01456,0.13636363636363635,0.2727272727272727,0.13636363636363635,0.54651,0.58506,0.03854999999999997,task_aware
obliqa_mp,5eab80e5-55b9-4aaf-950d-e8ae92baa32c,0.69609,0.76321,0.06712000000000007,0.31835,0.19661,-0.12174000000000001,0.12174000000000001,0.05333333333333334,0.06666666666666667,0.013333333333333329,0.47702,0.54442,0.06740000000000002,task_aware
obliqa_mp,5ef07a1d-2ce7-47c6-a1fd-d0198dcf2a42,0.60597,0.26167,-0.3443,0.76494,0.30144,-0.46349999999999997,0.46349999999999997,0.19047619047619047,0.19047619047619047,0.0,0.34384,0.38357,0.03973000000000004,task_aware
obliqa_mp,5f6a7e8c-47b1-487b-83c2-e5656cb00939,0.37933,0.40808,0.028749999999999998,0.03019,0.0069,-0.02329,0.02329,0.17391304347826086,0.17391304347826086,0.0,0.50768,0.52503,0.017349999999999977,task_aware
obliqa_mp,5f984be0-e080-479d-8abc-4294b8a4125a,0.81079,0.69312,-0.11767000000000005,0.26621,0.18473,-0.08148,0.08148,0.18181818181818182,0.36363636363636365,0.18181818181818182,0.57547,0.62401,0.04853999999999992,task_aware
obliqa_mp,619bd1ef-969f-486a-86ab-4e6e4f414bb2,0.94569,0.98807,0.04237999999999997,0.23432,0.28217,0.047849999999999976,-0.047849999999999976,0.09090909090909091,0.09090909090909091,0.0,0.60076,0.59894,-0.0018199999999999328,general
obliqa_mp,61a9dab4-5eda-4f61-9f43-9d2ec693b135,0.75549,0.11165,-0.64384,0.06324,0.14366,0.08042,-0.08042,0.3103448275862069,0.27586206896551724,-0.03448275862068967,0.66753,0.41462,-0.25290999999999997,general
obliqa_mp,6496e68d-7dc8-4dba-9eff-f922aa1a45b6,0.47755,0.05264,-0.42490999999999995,0.46685,0.24833,-0.21852,0.21852,0.05263157894736842,0.05263157894736842,0.0,0.35444,0.28565,-0.06878999999999996,general
obliqa_mp,654f6cef-dc0c-498b-8998-ee573444139b,0.95861,0.70194,-0.25666999999999995,0.02724,0.1256,0.09835999999999999,-0.09835999999999999,0.1111111111111111,0.16666666666666666,0.05555555555555555,0.68083,0.581,-0.09983000000000009,general
obliqa_mp,666f5fa2-e4fc-4736-9b43-9a920d60bedb,0.37877,0.51674,0.13796999999999998,0.17423,0.41565,0.24142000000000002,-0.24142000000000002,0.26666666666666666,0.3333333333333333,0.06666666666666665,0.4904,0.47814,-0.012259999999999993,general
obliqa_mp,69156e50-f90e-4220-8daf-eba2b8967875,0.55291,0.5942,0.04128999999999994,0.02963,0.06095,0.03132,-0.03132,0.05,0.05,0.0,0.52443,0.52775,0.0033200000000001006,task_aware
obliqa_mp,692291a4-7d57-4f0e-bd65-e430057fe713,0.68095,0.65322,-0.027730000000000032,0.41973,0.01819,-0.40154,0.40154,0.2857142857142857,0.23809523809523808,-0.047619047619047616,0.51564,0.62438,0.10874000000000006,task_aware
obliqa_mp,6982036f-1aeb-4b64-971b-9ea473e362fb,0.77816,0.69756,-0.0806,0.35289,0.21207,-0.14081999999999997,0.14081999999999997,0.2857142857142857,0.14285714285714285,-0.14285714285714285,0.57033,0.54278,-0.027549999999999963,general
obliqa_mp,69cb374c-e1aa-45e5-8946-0c905a172b92,0.71043,0.92032,0.20989000000000002,0.15324,0.37677,0.22353,-0.22353,0.42105263157894735,0.15789473684210525,-0.2631578947368421,0.65941,0.56715,-0.09226000000000001,general
obliqa_mp,6bf354ec-6290-48d7-a0c5-8647756392a0,0.2319,0.24905,0.01715,0.31296,0.61102,0.29806,-0.29806,0.20833333333333334,0.25,0.04166666666666666,0.37576,0.29601,-0.07974999999999999,general
obliqa_mp,6c0064c5-32f2-4327-adc3-e7c319432735,0.84607,0.57564,-0.27042999999999995,0.35146,0.35335,0.0018900000000000028,-0.0018900000000000028,0.043478260869565216,0.08695652173913043,0.043478260869565216,0.5127,0.43642,-0.07628000000000007,general
obliqa_mp,6ca54ae7-f87d-48a3-8633-95a986e7f84e,0.44114,0.34132,-0.09981999999999996,0.01066,0.07934,0.06867999999999999,-0.06867999999999999,0.0,0.0,0.0,0.47683,0.42066,-0.05617,general
obliqa_mp,6f111ef6-aeca-4b18-ba55-5cfa466a3380,0.42049,0.26627,-0.15421999999999997,0.92518,0.77738,-0.14780000000000004,0.14780000000000004,0.17647058823529413,0.058823529411764705,-0.11764705882352942,0.22393,0.18257,-0.04135999999999998,general
obliqa_mp,6f97498b-c0d0-4b46-af69-0d77bc122c02,0.91201,0.94178,0.029769999999999963,0.03228,0.02909,-0.003190000000000002,0.003190000000000002,0.05,0.05,0.0,0.64324,0.65423,0.010989999999999944,task_aware
obliqa_mp,704198ff-5623-4702-908c-e6d7ed6dff38,0.49993,0.50112,0.0011900000000000244,0.56464,0.32665,-0.23799000000000003,0.23799000000000003,0.45,0.45,0.0,0.46176,0.54149,0.07973000000000002,task_aware
obliqa_mp,70425a5c-a569-4daa-942d-aeb0d7e8502a,0.50215,0.99103,0.48888,0.17005,0.16203,-0.00802,0.00802,0.13333333333333333,0.13333333333333333,0.0,0.48848,0.65411,0.16562999999999994,task_aware
obliqa_mp,7120ee60-617b-4f78-9990-0af917bf53fc,0.82352,0.74091,-0.08261000000000007,0.01182,0.00747,-0.004350000000000001,0.004350000000000001,0.05,0.05,0.0,0.62057,0.59448,-0.026089999999999947,general
obliqa_mp,728537e7-005d-4c74-be80-1b6cf3e751c7,0.59109,0.58847,-0.0026199999999999557,0.32887,0.22518,-0.10369,0.10369,0.16666666666666666,0.1,-0.06666666666666665,0.4763,0.48776,0.011460000000000026,task_aware
obliqa_mp,7295dab1-6bd0-4e6c-b94c-131637edb99b,0.00447,0.07705,0.07257999999999999,0.99099,0.99286,0.0018699999999999273,-0.0018699999999999273,0.0,0.0,0.0,0.00449,0.02806,0.02357,task_aware
obliqa_mp,730d5b91-6bb4-4af0-9fa3-523d21277502,0.98082,0.67825,-0.30257,0.29945,0.12508,-0.17437,0.17437,0.02564102564102564,0.05128205128205128,0.02564102564102564,0.569,0.53482,-0.03417999999999999,general
obliqa_mp,7460d74d-ce67-4c69-9792-21cbe6545624,0.86143,0.81466,-0.04676999999999998,0.0104,0.01785,0.007450000000000002,-0.007450000000000002,0.0,0.047619047619047616,0.047619047619047616,0.61701,0.61481,-0.0021999999999999797,general
obliqa_mp,74ad5f04-333c-4415-97e4-7a07605bc7b7,0.59139,0.59835,0.006960000000000077,0.18205,0.21107,0.029020000000000018,-0.029020000000000018,0.4090909090909091,0.45454545454545453,0.045454545454545414,0.60614,0.61394,0.007800000000000029,task_aware
obliqa_mp,75a512c0-f01a-4eac-abbd-9109310db698,0.6514,0.7414,0.08999999999999997,0.02108,0.01853,-0.00255,0.00255,0.07792207792207792,0.06493506493506493,-0.012987012987012991,0.56941,0.59594,0.026530000000000054,task_aware
obliqa_mp,76995f30-2cbb-4a9c-90c6-25b17c3f47c1,0.66194,0.49397,-0.16796999999999995,0.19496,0.41313,0.21817,-0.21817,0.35714285714285715,0.35714285714285715,0.0,0.60804,0.47933,-0.12871000000000005,general
obliqa_mp,78a281b1-4897-4481-a6d6-7297bc65325c,0.78189,0.78924,0.007350000000000079,0.01383,0.06518,0.05135,-0.05135,0.2,0.4,0.2,0.65602,0.70802,0.051999999999999935,task_aware
obliqa_mp,78e54409-9d00-4234-9f13-35ff700dfd2f,0.11747,0.08749,-0.029980000000000007,0.01507,0.10094,0.08587,-0.08587,0.05263157894736842,0.05263157894736842,0.0,0.38501,0.34639,-0.03862000000000004,general
obliqa_mp,79241943-e633-489b-8e07-e225a877fbd3,0.86396,0.78371,-0.08024999999999993,0.35464,0.04156,-0.31308,0.31308,0.03571428571428571,0.03571428571428571,0.0,0.51501,0.59262,0.07761000000000007,task_aware
obliqa_mp,79c49b8e-a523-4bce-825d-a20499966fe1,0.6674,0.99262,0.32521999999999995,0.39708,0.49339,0.09631,-0.09631,0.047619047619047616,0.047619047619047616,0.0,0.43931,0.51562,0.07630999999999999,task_aware
obliqa_mp,7a141bbb-e40a-4694-a674-6097711db4d4,0.49851,0.51754,0.01902999999999999,0.56217,0.93472,0.37255000000000005,-0.37255000000000005,0.0,0.0,0.0,0.31211,0.19427,-0.11784,general
obliqa_mp,7a662e45-3bd8-4d4a-a920-2172e34d35c0,0.45876,0.49831,0.039549999999999974,0.55491,0.30417,-0.25074,0.25074,0.15,0.2,0.05000000000000002,0.35128,0.46471,0.11343000000000003,task_aware
obliqa_mp,7afdd71f-5231-4295-bf54-0279612b19e7,0.92477,0.83653,-0.08823999999999999,0.02166,0.01478,-0.006879999999999999,0.006879999999999999,0.0,0.05555555555555555,0.05555555555555555,0.63437,0.62577,-0.008599999999999941,general
obliqa_mp,7c12fa9a-0c50-45c2-bb1f-52ea6a8b4372,0.34649,0.04004,-0.30645,0.17885,0.29176,0.11291000000000001,-0.11291000000000001,0.3333333333333333,0.3333333333333333,0.0,0.50032,0.36054,-0.13977999999999996,general
obliqa_mp,7cc9abd1-c5e8-4533-aa0f-f00e4318c92d,0.00999,0.00999,0.0,0.99511,0.99511,0.0,0.0,0.0,0.0,0.0,0.00496,0.00496,0.0,equal
obliqa_mp,7ccd6d14-af20-4d5a-b138-4d3909ea6628,0.72295,0.87381,0.15086,0.01084,0.11965,0.10881,-0.10881,0.07142857142857142,0.14285714285714285,0.07142857142857142,0.59451,0.63234,0.03783000000000003,task_aware
obliqa_mp,7cd26ada-3ae5-47f1-8784-c56e6fbdaa4b,0.89001,0.92265,0.03264,0.04904,0.04187,-0.007170000000000003,0.007170000000000003,0.0,0.0,0.0,0.61366,0.62693,0.013270000000000004,task_aware
obliqa_mp,7db9f42d-057c-47b4-aa37-89840fd340da,0.98675,0.73397,-0.25278,0.01263,0.14305,0.13042,-0.13042,0.125,0.1875,0.0625,0.69971,0.59281,-0.1069000000000001,general
obliqa_mp,7fc1282a-1c57-4eb8-9ef1-3881e0328af1,0.81589,0.78489,-0.031000000000000028,0.00867,0.0093,0.0006299999999999986,-0.0006299999999999986,0.3333333333333333,0.25,-0.08333333333333331,0.71352,0.6752,-0.03832000000000002,general
obliqa_mp,7fd823d6-1ec2-4eec-9c63-08ba7b4d2b8a,0.87078,0.8159,-0.05488000000000004,0.34394,0.02172,-0.32222,0.32222,0.0,0.0,0.0,0.50895,0.59806,0.08911000000000002,task_aware
obliqa_mp,80a47c6c-df34-4712-a076-6bc91e66b539,0.73493,0.25726,-0.47767,0.48601,0.32989,-0.15611999999999998,0.15611999999999998,0.09523809523809523,0.047619047619047616,-0.047619047619047616,0.44805,0.325,-0.12304999999999999,general
obliqa_mp,81043461-1c55-4a56-a249-b0d09769572b,0.48196,0.42809,-0.05386999999999997,0.01932,0.012,-0.00732,0.00732,0.06666666666666667,0.06666666666666667,0.0,0.50977,0.49425,-0.015519999999999923,general
obliqa_mp,81b2c647-cc81-4281-bb28-1d8e1b837489,0.39089,0.29725,-0.09364,0.02375,0.0608,0.03705,-0.03705,0.21739130434782608,0.21739130434782608,0.0,0.52818,0.48461,-0.04357,general
obliqa_mp,81d37844-9586-4292-9240-dc00b4103be2,0.68166,0.32424,-0.35742000000000007,0.46004,0.54701,0.08696999999999999,-0.08696999999999999,0.054945054945054944,0.15384615384615385,0.09890109890109891,0.42552,0.31036,-0.11515999999999998,general
obliqa_mp,823e06a7-aecd-4667-b1a3-a836c605f9ad,0.83255,0.89518,0.06262999999999996,0.25927,0.13794,-0.12133,0.12133,0.038461538461538464,0.038461538461538464,0.0,0.53725,0.59857,0.06132000000000004,task_aware
obliqa_mp,82c99cb2-fbf3-4b28-9ee3-3e0113152579,0.32724,0.17525,-0.15199,0.95029,0.95115,0.0008600000000000829,-0.0008600000000000829,0.0375,0.0375,0.0,0.13815,0.0872,-0.050949999999999995,general
obliqa_mp,82f9372e-26b3-4403-a5d2-4fbdafad9e95,0.64321,0.68223,0.039020000000000055,0.78988,0.61197,-0.17791,0.17791,0.12121212121212122,0.12121212121212122,0.0,0.32485,0.39716,0.07230999999999999,task_aware
obliqa_mp,835245df-3585-4913-a460-730158048891,0.30249,0.38555,0.08306000000000002,0.34876,0.15656,-0.1922,0.1922,0.02857142857142857,0.02857142857142857,0.0,0.32743,0.41919,0.09176000000000001,task_aware
obliqa_mp,836e4514-df1a-45f3-9224-d50362e2b640,0.68339,0.43264,-0.25075000000000003,0.31614,0.36888,0.05274000000000001,-0.05274000000000001,0.12,0.08,-0.039999999999999994,0.49575,0.38125,-0.11450000000000005,general
obliqa_mp,84464afb-8901-4918-bc9e-59326113fbbf,0.98717,0.90317,-0.08399999999999996,0.168,0.05564,-0.11236000000000002,0.11236000000000002,0.07692307692307693,0.15384615384615385,0.07692307692307693,0.63203,0.66713,0.03510000000000002,task_aware
obliqa_mp,84e1bfe1-2536-4ae3-aa08-33fdc2506347,0.29609,0.34647,0.05037999999999998,0.01171,0.25498,0.24327,-0.24327,0.0,0.0,0.0,0.42813,0.36383,-0.06430000000000002,general
obliqa_mp,85b02775-d94f-4b2d-a703-b08159791d16,0.34351,0.40123,0.057719999999999994,0.19205,0.39621,0.20416,-0.20416,0.05263157894736842,0.05263157894736842,0.0,0.40136,0.35255,-0.04881000000000002,general
obliqa_mp,85c20743-cf37-4e25-a97e-9edaa6d02b3f,0.46386,0.27841,-0.18545,0.00883,0.02103,0.0122,-0.0122,0.0,0.14285714285714285,0.14285714285714285,0.48501,0.46675,-0.01826,general
obliqa_mp,894564f2-7d27-43d7-a41f-4fe93275684a,0.60846,0.62479,0.016329999999999956,0.95524,0.9813,0.026059999999999972,-0.026059999999999972,0.05555555555555555,0.05555555555555555,0.0,0.23626,0.23302,-0.003239999999999993,general
obliqa_mp,89ec31aa-5373-4eed-83d8-18615a2ac51f,0.67733,0.73188,0.05454999999999999,0.24042,0.32936,0.08893999999999999,-0.08893999999999999,0.05555555555555555,0.05555555555555555,0.0,0.49749,0.48603,-0.01145999999999997,general
obliqa_mp,89fec980-7945-417b-8580-69ff3d6bfed3,0.44854,0.15664,-0.2919,0.01231,0.02224,0.00993,-0.00993,0.0,0.0,0.0,0.47874,0.37813,-0.10060999999999998,general
obliqa_mp,8b0ab48e-9447-4d79-b8e8-8298cf040a42,0.51236,0.93321,0.42084999999999995,0.39073,0.1245,-0.26623,0.26623,0.0,0.0,0.0,0.37388,0.6029,0.22902,task_aware
obliqa_mp,8c15c7d5-51f9-4075-8928-dcb1c989e12a,0.35382,0.30303,-0.05079,0.44545,0.29927,-0.14618000000000003,0.14618000000000003,0.21739130434782608,0.34782608695652173,0.13043478260869565,0.37525,0.45053,0.07528000000000001,task_aware
obliqa_mp,8c2aa09c-1515-48ad-9896-8619683cd6c3,0.62282,0.61761,-0.005210000000000048,0.24098,0.08721,-0.15377000000000002,0.15377000000000002,0.07692307692307693,0.07692307692307693,0.0,0.48625,0.53577,0.04951999999999995,task_aware
obliqa_mp,8d958b26-0680-420d-a4ab-b3976d0f387e,0.60035,0.64216,0.0418099999999999,0.21455,0.24084,0.026290000000000008,-0.026290000000000008,0.18181818181818182,0.18181818181818182,0.0,0.52254,0.52771,0.005170000000000008,task_aware
obliqa_mp,8db8e727-6e95-4c50-896e-1b2cffe1451e,0.84778,0.55665,-0.29113,0.05717,0.00562,-0.05155,0.05155,0.125,0.1875,0.0625,0.63854,0.57951,-0.05903000000000003,general
obliqa_mp,8e6a4d9a-0b1b-437a-857b-520dce4cab81,0.70542,0.96686,0.26144,0.04118,0.3407,0.29952,-0.29952,0.0,0.0,0.0,0.55475,0.54205,-0.012699999999999934,general
obliqa_mp,8fe50108-ad3a-43ce-bcab-b473e482018c,0.00525,0.94188,0.9366300000000001,0.35178,0.02027,-0.33150999999999997,0.33150999999999997,0.0625,0.0625,0.0,0.23866,0.66137,0.42271000000000003,task_aware
obliqa_mp,90b20e72-13c3-4dfd-85d5-17f65660395b,0.77815,0.70036,-0.07779000000000003,0.35724,0.35672,-0.0005200000000000204,0.0005200000000000204,0.09090909090909091,0.09090909090909091,0.0,0.50394,0.47818,-0.02576000000000006,general
obliqa_mp,90ca7581-00a6-4c97-aa02-1848d2199d06,0.96101,0.28254,-0.67847,0.06852,0.14829,0.07977000000000001,-0.07977000000000001,0.0,0.0,0.0,0.63083,0.37808,-0.25275,general
obliqa_mp,911e53be-1d9f-408b-b562-211efa65e29c,0.8648,0.83732,-0.02748000000000006,0.94564,0.66338,-0.28226000000000007,0.28226000000000007,0.037037037037037035,0.0,-0.037037037037037035,0.31873,0.39131,0.07257999999999998,task_aware
obliqa_mp,923bf975-b219-47eb-a942-983cbae63081,0.5081,0.7696,0.26149999999999995,0.5626,0.42324,-0.13935999999999998,0.13935999999999998,0.1875,0.125,-0.0625,0.37767,0.49045,0.11277999999999999,task_aware
obliqa_mp,9258cd6b-b917-46d4-b2ba-375b233f7e65,0.3873,0.99255,0.6052500000000001,0.05332,0.41762,0.3643,-0.3643,0.0,0.0625,0.0625,0.44466,0.54581,0.10115000000000002,task_aware
obliqa_mp,94dcc743-13b8-484d-ad87-b2eac150ad4e,0.79659,0.61801,-0.17858000000000007,0.27047,0.28011,0.009640000000000037,-0.009640000000000037,0.17647058823529413,0.29411764705882354,0.11764705882352941,0.56753,0.54401,-0.023519999999999985,general
obliqa_mp,95658c00-9216-4b25-a55b-78f9139e7796,0.69683,0.81857,0.12174000000000007,0.12151,0.35703,0.23552,-0.23552,0.08,0.12,0.039999999999999994,0.55177,0.52718,-0.02459,general
obliqa_mp,9735e488-197f-4335-9c90-8d5df23e2ee9,0.34445,0.32702,-0.01743,0.35379,0.01888,-0.33491,0.33491,0.14285714285714285,0.047619047619047616,-0.09523809523809523,0.37784,0.45192,0.07407999999999998,task_aware
obliqa_mp,97cdb96f-a5df-4c63-800a-2447b2e97f4b,0.7416,0.72468,-0.016920000000000046,0.9006,0.90476,0.0041600000000000525,-0.0041600000000000525,0.041666666666666664,0.041666666666666664,0.0,0.29422,0.2872,-0.007019999999999971,general
obliqa_mp,982fbf03-8cc9-4167-9f2d-50f38c942cda,0.46504,0.42254,-0.04249999999999998,0.81649,0.59716,-0.21933000000000002,0.21933000000000002,0.1875,0.1875,0.0,0.27868,0.33763,0.05895,task_aware
obliqa_mp,98feff80-f9b0-42f3-89f0-6e38d05520ec,0.22779,0.0829,-0.14489,0.02641,0.02787,0.0014599999999999995,-0.0014599999999999995,0.05555555555555555,0.1111111111111111,0.05555555555555555,0.41898,0.38871,-0.03027000000000002,general
obliqa_mp,996f0f7a-df70-4f56-9d64-736259596399,0.73848,0.7551,0.016619999999999968,0.19131,0.28625,0.09494,-0.09494,0.06666666666666667,0.13333333333333333,0.06666666666666667,0.53795,0.53406,-0.00389000000000006,general
obliqa_mp,9998c48c-2508-4060-b330-d8e6b4071459,0.07692,0.66861,0.59169,0.9127,0.75343,-0.1592699999999999,0.1592699999999999,0.125,0.125,0.0,0.09641,0.34673,0.25032,task_aware
obliqa_mp,9a4d8625-a214-4dfa-a4e2-ce31ae2cc40e,0.32569,0.48407,0.15838000000000002,0.31454,0.21619,-0.09834999999999999,0.09834999999999999,0.3,0.15,-0.15,0.43705,0.47263,0.03558,task_aware
obliqa_mp,9b0e1abf-3efa-470e-831e-87308d8d0cf4,0.51459,0.60327,0.08867999999999998,0.03001,0.0179,-0.01211,0.01211,0.11764705882352941,0.11764705882352941,0.0,0.53408,0.56767,0.03359000000000001,task_aware
obliqa_mp,9bb0b3a7-ebc8-4499-a997-7e0cbafbe0eb,0.069,0.14981,0.08080999999999999,0.63123,0.60036,-0.030869999999999953,0.030869999999999953,0.05263157894736842,0.05263157894736842,0.0,0.16347,0.20069,0.03722,task_aware
obliqa_mp,9c05f990-363c-4cc6-9de5-0602245dead0,0.64923,0.83713,0.18790000000000007,0.21727,0.16706,-0.050210000000000005,0.050210000000000005,0.24,0.08,-0.15999999999999998,0.55732,0.58336,0.026039999999999952,task_aware
obliqa_mp,9c22e971-eb04-402d-96a4-ddc9f873e80b,0.78054,0.45393,-0.32661,0.62204,0.49861,-0.12343000000000004,0.12343000000000004,0.13636363636363635,0.18181818181818182,0.04545454545454547,0.43162,0.37905,-0.052570000000000006,general
obliqa_mp,9d406373-34e0-484c-91a2-68d8b477819c,0.98751,0.98819,0.0006800000000000139,0.69111,0.60396,-0.08714999999999995,0.08714999999999995,0.0,0.0,0.0,0.43213,0.46141,0.029279999999999973,task_aware
obliqa_mp,9eabf785-5fab-4e74-aae6-9f101dc90541,0.77642,0.91564,0.13922,0.03394,0.25881,0.22487,-0.22487,0.09090909090909091,0.09090909090909091,0.0,0.61113,0.58258,-0.028549999999999964,general
obliqa_mp,9eac0cdc-ed43-4f58-bc04-dc56bb06a19e,0.66427,0.49472,-0.16955000000000003,0.66321,0.05173,-0.61148,0.61148,0.0,0.05,0.05,0.33369,0.49766,0.16397,task_aware
obliqa_mp,9f536c91-e740-4bf3-b1d0-37d348273efe,0.72635,0.86549,0.13913999999999993,0.17839,0.12357,-0.054819999999999994,0.054819999999999994,0.07692307692307693,0.038461538461538464,-0.038461538461538464,0.54163,0.59346,0.05183000000000004,task_aware
obliqa_mp,9f64fe19-6d24-44e9-9b04-67f4132efc01,0.53301,0.56404,0.031030000000000002,0.38923,0.14569,-0.24354000000000003,0.24354000000000003,0.3333333333333333,0.3333333333333333,0.0,0.49237,0.58389,0.09152000000000005,task_aware
obliqa_mp,9f84555b-c578-4103-9dba-e76a7d20194e,0.80155,0.91371,0.11216000000000004,0.024,0.36171,0.33770999999999995,-0.33770999999999995,0.05,0.05,0.0,0.60918,0.534,-0.07518000000000002,general
obliqa_mp,a185f9c6-8454-441e-8db4-381c95247ed8,0.71678,0.63728,-0.07950000000000002,0.66507,0.79031,0.1252399999999999,-0.1252399999999999,0.0,0.0,0.0,0.35057,0.28232,-0.06824999999999998,general
obliqa_mp,a2c0a9ed-db0a-452f-a008-bbd7f92daf04,0.98846,0.98525,-0.003210000000000046,0.01774,0.01886,0.0011199999999999995,-0.0011199999999999995,0.08333333333333333,0.08333333333333333,0.0,0.68468,0.68324,-0.0014399999999999968,general
obliqa_mp,a4bd0423-f434-4623-a11f-2b322bb5ec9b,0.60666,0.40676,-0.19989999999999997,0.0078,0.26703,0.25923,-0.25923,0.23529411764705882,0.29411764705882354,0.05882352941176472,0.61138,0.47795,-0.13343000000000005,general
obliqa_mp,a52e6f76-723d-442b-9e8b-76de2042da7b,0.19503,0.36872,0.17368999999999998,0.00854,0.05554,0.047,-0.047,0.038461538461538464,0.038461538461538464,0.0,0.40832,0.45055,0.04222999999999999,task_aware
obliqa_mp,a53da4ce-8a87-4711-8719-d325595ef374,0.7265,0.74024,0.013739999999999974,0.80653,0.15352,-0.65301,0.65301,0.16666666666666666,0.2222222222222222,0.05555555555555555,0.36221,0.60298,0.24076999999999998,task_aware
obliqa_mp,a5aae7d3-ed3d-4ccd-8ed5-8a8209af5bd1,0.01534,0.46016,0.44482,0.96189,0.87934,-0.08255000000000001,0.08255000000000001,0.0625,0.0625,0.0,0.03865,0.21444,0.17579,task_aware
obliqa_mp,a6ab057b-dad3-4db4-aa04-1dd04fc3788d,0.01532,0.25978,0.24446,0.68187,0.32407,-0.35779999999999995,0.35779999999999995,0.037037037037037035,0.07407407407407407,0.037037037037037035,0.1235,0.33659,0.21309,task_aware
obliqa_mp,a6d3627e-2a76-4672-a128-c1f5547271db,0.9908,0.99086,5.999999999994898e-05,0.08686,0.13037,0.04351000000000001,-0.04351000000000001,0.0,0.0,0.0,0.63465,0.62016,-0.014490000000000003,general
obliqa_mp,a8cca64d-f303-40f9-8155-f2051c76db8f,0.4769,0.90138,0.42447999999999997,0.97227,0.99278,0.020510000000000028,-0.020510000000000028,0.0,0.0,0.0,0.16821,0.30287,0.13465999999999997,task_aware
obliqa_mp,ab06d173-f0cd-42f0-b8ad-cc27f29836b0,0.78745,0.68477,-0.10268,0.16815,0.14615,-0.021999999999999992,0.021999999999999992,0.125,0.125,0.0,0.58143,0.55454,-0.02688999999999997,general
obliqa_mp,ab638d55-4f4b-49e0-a834-2646542df9ea,0.53194,0.02833,-0.50361,0.12967,0.01511,-0.11456000000000001,0.11456000000000001,0.23809523809523808,0.3333333333333333,0.09523809523809523,0.54679,0.44885,-0.09793999999999997,general
obliqa_mp,abb25359-7dc6-40aa-a963-2f4335946f0f,0.35459,0.39455,0.039959999999999996,0.3607,0.4923,0.1316,-0.1316,0.15384615384615385,0.20512820512820512,0.051282051282051266,0.38258,0.36913,-0.013449999999999962,general
obliqa_mp,ac67835e-ad79-449a-8964-064e6d80a54f,0.44542,0.04681,-0.39860999999999996,0.60224,0.5751,-0.027140000000000053,0.027140000000000053,0.22727272727272727,0.22727272727272727,0.0,0.35682,0.23299,-0.12383000000000002,general
obliqa_mp,ac870d99-6094-413a-be51-c03917d0bd8d,0.50661,0.29639,-0.21022000000000002,0.32894,0.405,0.07606000000000002,-0.07606000000000002,0.25,0.25,0.0,0.47589,0.38046,-0.09542999999999996,general
obliqa_mp,adbc2b20-a5b6-435d-9e92-334fa6ff349b,0.65757,0.52205,-0.13551999999999997,0.04707,0.01897,-0.0281,0.0281,0.08333333333333333,0.08333333333333333,0.0,0.56461,0.5288,-0.0358099999999999,general
obliqa_mp,ade0547d-e65f-4070-abe4-206ad71d399e,0.11276,0.33755,0.22479000000000002,0.51835,0.50496,-0.013390000000000013,0.013390000000000013,0.05128205128205128,0.05128205128205128,0.0,0.21523,0.29462,0.07938999999999999,task_aware
obliqa_mp,b0ff1f05-157e-4328-b55f-bdd278403dc1,0.0092,0.47904,0.46984000000000004,0.99647,0.98999,-0.00647999999999993,0.00647999999999993,0.0,0.0,0.0,0.00424,0.16302,0.15878,task_aware
obliqa_mp,b128ec3c-d872-474d-9a7f-8b150cf9ae55,0.88063,0.93455,0.05391999999999997,0.17113,0.4741,0.30297,-0.30297,0.03614457831325301,0.024096385542168676,-0.012048192771084335,0.58188,0.49485,-0.08702999999999994,general
obliqa_mp,b3a62abb-31ec-400e-bde7-5f19c14939a6,0.98243,0.89109,-0.09133999999999998,0.18107,0.33661,0.15554,-0.15554,0.1,0.05,-0.05,0.63379,0.53483,-0.09895999999999994,general
obliqa_mp,b40e8abc-d7cb-44ba-908f-68eda3118d8b,0.85177,0.69634,-0.15543000000000007,0.01425,0.0052,-0.00905,0.00905,0.041666666666666664,0.041666666666666664,0.0,0.6264,0.5776,-0.048799999999999955,general
obliqa_mp,b47a3d65-1398-43ee-8ad6-95a639e74f21,0.45397,0.38257,-0.07139999999999996,0.18693,0.28976,0.10283,-0.10283,0.11538461538461539,0.5,0.3846153846153846,0.46081,0.53094,0.07012999999999997,task_aware
obliqa_mp,b5a32e93-df29-4742-ab0d-e0c07d6f40e0,0.98892,0.98644,-0.0024800000000000377,0.20288,0.22079,0.01790999999999998,-0.01790999999999998,0.0,0.047619047619047616,0.047619047619047616,0.59535,0.60442,0.009069999999999911,task_aware
obliqa_mp,b6b189f5-31eb-4599-a91c-2eae70d8afff,0.94452,0.9425,-0.0020200000000000218,0.29995,0.2213,-0.07865,0.07865,0.0,0.0,0.0,0.54819,0.57373,0.025540000000000007,task_aware
obliqa_mp,b6d8ce77-1e25-415a-92ec-7da432f80913,0.47284,0.15774,-0.3151,0.07281,0.07197,-0.0008399999999999935,0.0008399999999999935,0.06666666666666667,0.03333333333333333,-0.03333333333333333,0.4889,0.37303,-0.11587000000000003,general
obliqa_mp,b98af158-fb04-406f-a08e-8a004423b5fe,0.41762,0.47333,0.05570999999999998,0.12055,0.21641,0.09585999999999999,-0.09585999999999999,0.0,0.0,0.0,0.43236,0.41897,-0.013390000000000013,general
obliqa_mp,ba6fe16e-f8be-4667-b47b-571fadcacaf1,0.84737,0.49516,-0.35220999999999997,0.78741,0.74178,-0.04563000000000006,0.04563000000000006,0.23943661971830985,0.19718309859154928,-0.04225352112676056,0.43313,0.31685,-0.11628,general
obliqa_mp,ba94e1ba-d499-4569-8f33-4ddecdad2c6f,0.65366,0.6961,0.04244000000000003,0.01466,0.22367,0.20901,-0.20901,0.2857142857142857,0.0,-0.2857142857142857,0.64157,0.49081,-0.15075999999999995,general
obliqa_mp,bbaf8848-85f6-40a5-8b61-3f3e5cadfcf9,0.90739,0.78494,-0.12245000000000006,0.20668,0.03935,-0.16733,0.16733,0.15384615384615385,0.15384615384615385,0.0,0.61819,0.63315,0.014959999999999973,task_aware
obliqa_mp,bc5fe092-daa3-4b0f-9cc9-edc843862102,0.176,0.96354,0.7875399999999999,0.06467,0.069,0.0043300000000000005,-0.0043300000000000005,0.1875,0.125,-0.0625,0.43294,0.67318,0.24024,task_aware
obliqa_mp,bc6caf3a-4f87-411e-9232-9dd6b5f52609,0.88831,0.96746,0.07914999999999994,0.5023,0.93865,0.43635,-0.43635,0.0,0.0,0.0,0.462,0.34294,-0.11906,general
obliqa_mp,bd0f09ed-cbcb-4bf6-95b2-4d3943a20d79,0.56524,0.539,-0.02623999999999993,0.77954,0.81269,0.03315000000000001,-0.03315000000000001,0.06666666666666667,0.2,0.13333333333333336,0.28412,0.30877,0.024650000000000005,task_aware
obliqa_mp,bd4232de-c7c9-461e-b8d9-f2fdb0f8f249,0.64559,0.81792,0.17232999999999998,0.01663,0.26677,0.25014000000000003,-0.25014000000000003,0.0,0.0,0.0,0.54299,0.51705,-0.025939999999999963,general
obliqa_mp,bd704b13-e647-4877-8979-ab3b4fc3cdff,0.55599,0.66118,0.10519,0.5596,0.37936,-0.18024,0.18024,0.3333333333333333,0.3888888888888889,0.05555555555555558,0.44324,0.5569,0.11365999999999993,task_aware
obliqa_mp,bdeadb0e-6114-4239-92b7-d5f9e9d49953,0.03113,0.03113,0.0,0.99239,0.99239,0.0,0.0,0.0,0.0,0.0,0.01291,0.01291,0.0,equal
obliqa_mp,bdecb293-93cf-4989-933f-3fbf836f6cb0,0.00967,0.46493,0.45526,0.88711,0.34053,-0.54658,0.54658,0.0,0.0,0.0,0.04085,0.3748,0.33395,task_aware
obliqa_mp,bf773693-855b-4097-b3e4-c7a66f76f0c2,0.49942,0.83651,0.33709,0.71251,0.42305,-0.28946,0.28946,0.2894736842105263,0.05263157894736842,-0.2368421052631579,0.35879,0.4887,0.12991000000000003,task_aware
obliqa_mp,bfaf2978-01f2-446c-a906-e1b834130d58,0.59337,0.84674,0.2533700000000001,0.02902,0.05211,0.023089999999999996,-0.023089999999999996,0.047619047619047616,0.14285714285714285,0.09523809523809523,0.53732,0.64583,0.10851,task_aware
obliqa_mp,bff79987-54a2-4b7e-8004-f6becde57ea1,0.71764,0.55149,-0.1661499999999999,0.17409,0.03029,-0.14379999999999998,0.14379999999999998,0.08333333333333333,0.125,0.04166666666666667,0.54229,0.54873,0.006440000000000001,task_aware
obliqa_mp,c0e8d69e-b824-43f7-af07-dfbd9eb2b7a1,0.9874,0.90082,-0.0865800000000001,0.30008,0.4442,0.14411999999999997,-0.14411999999999997,0.2857142857142857,0.21428571428571427,-0.07142857142857142,0.65768,0.55697,-0.10071000000000008,general
obliqa_mp,c237b935-9d0b-4a9d-8ee5-0e2757282548,0.43434,0.48689,0.052549999999999986,0.78406,0.73854,-0.045520000000000005,0.045520000000000005,0.11764705882352941,0.14705882352941177,0.02941176470588236,0.25598,0.29847,0.04249000000000003,task_aware
obliqa_mp,c4a1a718-6e97-4eea-a68f-f4b58a27be7d,0.66102,0.33479,-0.3262300000000001,0.18599,0.03151,-0.15447999999999998,0.15447999999999998,0.2222222222222222,0.14814814814814814,-0.07407407407407407,0.56575,0.48381,-0.08193999999999996,general
obliqa_mp,c4ab4de4-dea7-4b6e-a5fc-04feecbb8751,0.62267,0.51598,-0.10668999999999995,0.28117,0.59252,0.31135000000000007,-0.31135000000000007,0.14285714285714285,0.19047619047619047,0.047619047619047616,0.49479,0.37131,-0.12348000000000003,general
obliqa_mp,c62386f2-163b-46be-880b-843e83f235a9,0.60353,0.65946,0.055930000000000035,0.18175,0.00725,-0.1745,0.1745,0.0,0.0,0.0,0.47393,0.55074,0.07680999999999999,task_aware
obliqa_mp,c6244050-c9cc-475d-920d-2a5a54d9d0f1,0.28545,0.0058,-0.27964999999999995,0.67307,0.82406,0.15099000000000007,-0.15099000000000007,0.0,0.0,0.0,0.20413,0.06058,-0.14355,general
obliqa_mp,c87178f5-e660-4d1f-85c8-f36f45b63b5a,0.64654,0.49441,-0.15213,0.31751,0.02453,-0.29298,0.29298,0.11764705882352941,0.17647058823529413,0.05882352941176472,0.48223,0.54878,0.06655000000000005,task_aware
obliqa_mp,cb6d2e13-e387-4746-ad0a-a2dbeddbcf2f,0.89038,0.14161,-0.7487699999999999,0.18783,0.29374,0.10591,-0.10591,0.14814814814814814,0.2222222222222222,0.07407407407407407,0.6169,0.3567,-0.2602,general
obliqa_mp,cbbed4fc-aab9-4a94-b5cd-f98aaba437d8,0.20444,0.56343,0.35899,0.02845,0.05517,0.026719999999999997,-0.026719999999999997,0.15789473684210525,0.15789473684210525,0.0,0.44463,0.55538,0.11074999999999996,task_aware
obliqa_mp,cc1c433b-52f8-4594-842f-dcc07477791b,0.90979,0.95204,0.04225000000000001,0.00687,0.01361,0.00674,-0.00674,0.16,0.12,-0.04000000000000001,0.68764,0.68614,-0.0015000000000000568,general
obliqa_mp,cf3bceac-7b9a-464a-b3c2-782b019989c7,0.27931,0.34292,0.06361,0.05436,0.43303,0.37867,-0.37867,0.04285714285714286,0.05714285714285714,0.014285714285714284,0.4226,0.32234,-0.10025999999999996,general
obliqa_mp,cfce3725-78f5-450b-8c61-94b67f9c6b23,0.80172,0.84827,0.04654999999999998,0.62753,0.66547,0.037939999999999974,-0.037939999999999974,0.26666666666666666,0.26666666666666666,0.0,0.48029,0.48316,0.0028699999999999837,task_aware
obliqa_mp,d0ff21d7-5354-45ff-b40b-e1d3b496a0da,0.67624,0.6808,0.0045600000000000085,0.33971,0.33891,-0.0008000000000000229,0.0008000000000000229,0.35714285714285715,0.35714285714285715,0.0,0.56456,0.56634,0.0017800000000000038,task_aware
obliqa_mp,d101b1a4-7a0e-44a4-8221-7afb163d9180,0.56493,0.77585,0.21092,0.19046,0.31639,0.12593000000000001,-0.12593000000000001,0.2,0.26666666666666666,0.06666666666666665,0.52482,0.57538,0.05056000000000005,task_aware
obliqa_mp,d11041a8-2850-4577-858d-d5532f12865f,0.31576,0.24918,-0.06657999999999997,0.60399,0.78128,0.17728999999999995,-0.17728999999999995,0.05660377358490566,0.03773584905660377,-0.01886792452830189,0.25612,0.16855,-0.08757000000000001,general
obliqa_mp,d37329cb-088a-4677-9086-dd788b3219a6,0.94467,0.57188,-0.37278999999999995,0.35903,0.22734,-0.13169000000000003,0.13169000000000003,0.38461538461538464,0.5384615384615384,0.1538461538461538,0.65675,0.62767,-0.029079999999999995,general
obliqa_mp,d41ce381-13ae-443a-b756-73ef41af209d,0.49011,0.60627,0.11615999999999999,0.32415,0.01709,-0.30706,0.30706,0.06666666666666667,0.13333333333333333,0.06666666666666667,0.41088,0.57417,0.16328999999999994,task_aware
obliqa_mp,d428c66b-205e-40f7-a0f7-26be6488b03e,0.50461,0.59655,0.09194000000000002,0.69551,0.348,-0.34751,0.34751,0.19047619047619047,0.19047619047619047,0.0,0.33319,0.47968,0.14649,task_aware
obliqa_mp,d48afd1e-1e08-4dd1-b17c-adee515652c2,0.50613,0.53019,0.02406000000000008,0.01279,0.01954,0.006749999999999999,-0.006749999999999999,0.047619047619047616,0.09523809523809523,0.047619047619047616,0.51365,0.5353,0.021649999999999947,task_aware
obliqa_mp,d54b7b69-a4a2-4a7b-9477-81197c690f71,0.603,0.89547,0.29247,0.56904,0.63105,0.06201000000000001,-0.06201000000000001,0.0,0.06896551724137931,0.06896551724137931,0.34465,0.44446,0.09981000000000001,task_aware
obliqa_mp,d597b584-9fd6-4af7-b6b1-dbec8b1c392d,0.03231,0.03231,0.0,0.99512,0.99512,0.0,0.0,0.0,0.0,0.0,0.0124,0.0124,0.0,equal
obliqa_mp,d6e4577b-8bd5-4979-b06c-1a4c71deff03,0.65707,0.99016,0.33309,0.3528,0.08502,-0.26778,0.26778,0.08695652173913043,0.08695652173913043,0.0,0.46374,0.66403,0.20029000000000002,task_aware
obliqa_mp,d8027f28-3f7a-4d0d-8ecf-97d3658996ae,0.9498,0.94264,-0.007159999999999944,0.0074,0.01032,0.002919999999999999,-0.002919999999999999,0.05555555555555555,0.1111111111111111,0.05555555555555555,0.66599,0.68114,0.015149999999999997,task_aware
obliqa_mp,d81c5240-41f6-4610-9631-2b8dd199b527,0.98089,0.85311,-0.12778,0.20608,0.3674,0.16132,-0.16132,0.11764705882352941,0.0,-0.11764705882352941,0.63082,0.49524,-0.13558000000000003,general
obliqa_mp,d8c25e45-6fe5-41c1-8aab-28fb3766c69b,0.66722,0.56856,-0.09866000000000008,0.21843,0.20931,-0.009120000000000017,0.009120000000000017,0.08695652173913043,0.08695652173913043,0.0,0.51192,0.48207,-0.029850000000000043,general
obliqa_mp,d90dad14-0696-42cd-a33c-af281fa2c4b6,0.66816,0.85916,0.19100000000000006,0.16438,0.28846,0.12408,-0.12408,0.5238095238095238,0.6190476190476191,0.09523809523809523,0.67586,0.72992,0.05406,task_aware
obliqa_mp,dbae7494-4eef-4cfc-a594-336c8a729842,0.88065,0.78368,-0.09697,0.14989,0.69512,0.54523,-0.54523,0.013333333333333334,0.02666666666666667,0.013333333333333334,0.58136,0.37174,-0.20961999999999997,general
obliqa_mp,dbda5e67-3fce-4f6f-a1bb-de53920d15eb,0.25716,0.1481,-0.10905999999999999,0.01062,0.02922,0.0186,-0.0186,0.07142857142857142,0.07142857142857142,0.0,0.43932,0.39677,-0.04254999999999998,general
obliqa_mp,dbfd02d6-64ee-4bfe-abe4-f153a75bf0e8,0.39654,0.47032,0.07378000000000001,0.08745,0.02695,-0.0605,0.0605,0.2631578947368421,0.21052631578947367,-0.05263157894736842,0.52408,0.5513,0.027220000000000022,task_aware
obliqa_mp,dc3f6aaa-e82b-4df8-ac77-e213d483289d,0.02379,0.37084,0.34705,0.64767,0.74638,0.09871000000000008,-0.09871000000000008,0.043478260869565216,0.13043478260869565,0.08695652173913043,0.13987,0.25163,0.11176000000000003,task_aware
obliqa_mp,dc7ead8e-a7cf-4593-913e-1bfb03fc3d05,0.54119,0.85073,0.30954000000000004,0.02997,0.02297,-0.006999999999999999,0.006999999999999999,0.08,0.08,0.0,0.53041,0.63592,0.10550999999999999,task_aware
obliqa_mp,dcaec28b-69a3-445f-af14-70d7bc23ab45,0.74513,0.66571,-0.07941999999999994,0.04664,0.0627,0.016060000000000005,-0.016060000000000005,0.09090909090909091,0.09090909090909091,0.0,0.59647,0.56464,-0.031829999999999914,general
obliqa_mp,ddec06ae-0715-4d9c-9f26-38eb233ed998,0.56128,0.49132,-0.06996000000000002,0.03202,0.0258,-0.00622,0.00622,0.25,0.25,0.0,0.59309,0.57184,-0.02124999999999999,general
obliqa_mp,dffda07f-449f-48b8-bc67-3ddb44a44aa3,0.99002,0.91752,-0.07250000000000001,0.01878,0.03116,0.012379999999999999,-0.012379999999999999,0.15,0.15,0.0,0.70708,0.67879,-0.028290000000000037,general
obliqa_mp,e105b9a5-989e-4202-8691-3be85553b3ad,0.95423,0.66646,-0.28776999999999997,0.00754,0.00547,-0.00207,0.00207,0.0625,0.0,-0.0625,0.66973,0.55366,-0.11607,general
obliqa_mp,e1f63bd8-6c72-43a6-8bba-d3814d4e7917,0.64758,0.72938,0.08179999999999998,0.65675,0.60533,-0.05141999999999991,0.05141999999999991,0.2777777777777778,0.2777777777777778,0.0,0.42287,0.46728,0.04440999999999995,task_aware
obliqa_mp,e290a447-26ab-43df-bea4-7827abba7198,0.33208,0.48274,0.15066000000000002,0.47796,0.14954,-0.32842,0.32842,0.045454545454545456,0.045454545454545456,0.0,0.29986,0.45955,0.15969,task_aware
obliqa_mp,e29ebd05-a552-463a-9128-c3a0d40c1651,0.40395,0.03547,-0.36848,0.34777,0.02939,-0.31838,0.31838,0.043478260869565216,0.0,-0.043478260869565216,0.36655,0.33536,-0.031189999999999996,general
obliqa_mp,e34930ad-fbf1-48a8-bd77-0e977260d70b,0.99349,0.96633,-0.027159999999999962,0.3405,0.03695,-0.30355000000000004,0.30355000000000004,0.1875,0.1875,0.0,0.6135,0.70563,0.09212999999999993,task_aware
obliqa_mp,e59144e6-08d2-43a7-bfad-9ed42635794c,0.61153,0.56992,-0.041610000000000036,0.36815,0.30708,-0.06106999999999996,0.06106999999999996,0.1875,0.1875,0.0,0.47696,0.48345,0.006489999999999996,task_aware
obliqa_mp,e64bc01e-ed7f-4c9b-a597-184b46ad10c4,0.60354,0.65526,0.05171999999999999,0.20318,0.00805,-0.19513,0.19513,0.03333333333333333,0.0,-0.03333333333333333,0.4779,0.54907,0.07116999999999996,task_aware
obliqa_mp,e742bae1-ee9d-4ba5-8da4-36605b0dfd41,0.96627,0.73419,-0.23207999999999995,0.0192,0.24834,0.22914,-0.22914,0.1,0.3,0.19999999999999998,0.68236,0.59528,-0.08707999999999994,general
obliqa_mp,e7a92d34-fe41-41ee-b1aa-e60b774c87da,0.51287,0.394,-0.11887000000000003,0.62588,0.32351,-0.30236999999999997,0.30236999999999997,0.18181818181818182,0.2727272727272727,0.09090909090909088,0.35627,0.44774,0.09147000000000005,task_aware
obliqa_mp,e94cbac5-91bc-4b91-9a6a-ef354d4ac8c6,0.96695,0.89456,-0.07238999999999995,0.32277,0.01605,-0.30672,0.30672,0.09523809523809523,0.09523809523809523,0.0,0.57981,0.65792,0.0781099999999999,task_aware
obliqa_mp,ea1eec5e-809c-4fc6-8d77-2d9f6e53ee16,0.30583,0.37285,0.06702000000000002,0.65343,0.71976,0.06633,-0.06633,0.16666666666666666,0.1111111111111111,-0.05555555555555555,0.27302,0.25473,-0.018289999999999973,general
obliqa_mp,eac75ab8-410f-42de-80a6-5961cd67195a,0.916,0.91412,-0.0018799999999999928,0.20811,0.31346,0.10535000000000003,-0.10535000000000003,0.23076923076923078,0.19230769230769232,-0.038461538461538464,0.64622,0.59766,-0.04856000000000005,general
obliqa_mp,ec2f5ec8-3240-480d-aed7-f9b2dc065f8d,0.99517,0.75413,-0.24104000000000003,0.09197,0.00951,-0.08245999999999999,0.08245999999999999,0.0,0.13333333333333333,0.13333333333333333,0.6344,0.62598,-0.008419999999999983,general
obliqa_mp,ed8a642d-acc5-46df-b3a0-4aaddbb6e100,0.6597,0.56713,-0.09256999999999993,0.64866,0.73442,0.08575999999999995,-0.08575999999999995,0.16666666666666666,0.1111111111111111,-0.05555555555555555,0.39257,0.31461,-0.07795999999999997,general
obliqa_mp,ede849ae-c69d-4cea-8c03-91e16d65a8ef,0.84642,0.84924,0.0028200000000000447,0.16856,0.00995,-0.15860999999999997,0.15860999999999997,0.16666666666666666,0.3333333333333333,0.16666666666666666,0.61484,0.72421,0.10936999999999997,task_aware
obliqa_mp,f04e66ec-d9bc-4913-8eef-3fdd108ba087,0.41372,0.51611,0.10238999999999998,0.00682,0.03673,0.02991,-0.02991,0.125,0.08333333333333333,-0.04166666666666667,0.51063,0.5209,0.010270000000000001,task_aware
obliqa_mp,f0769cda-c408-45d8-b1e2-4ae57fa0e601,0.65331,0.40016,-0.25314999999999993,0.03136,0.37214,0.34078,-0.34078,0.0,0.11764705882352941,0.11764705882352941,0.54065,0.38189,-0.15875999999999996,general
obliqa_mp,f1163aa1-ff76-4976-855c-a0df24290005,0.24375,0.19853,-0.04521999999999998,0.37067,0.41838,0.047709999999999975,-0.047709999999999975,0.13333333333333333,0.13333333333333333,0.0,0.33547,0.30449,-0.030980000000000008,general
obliqa_mp,f3e2a2d6-00ac-4895-a883-3ac6ed8969cb,0.32501,0.15996,-0.16505000000000003,0.95358,0.90811,-0.04547000000000001,0.04547000000000001,0.10526315789473684,0.10526315789473684,0.0,0.1589,0.11904,-0.03986000000000001,general
obliqa_mp,f422284a-ff23-4327-9333-fd484b159610,0.04192,0.06448,0.022559999999999997,0.50229,0.49879,-0.003500000000000003,0.003500000000000003,0.19047619047619047,0.19047619047619047,0.0,0.24337,0.25206,0.008690000000000003,task_aware
obliqa_mp,f51d3490-9a58-4382-a37b-af7e2e9e1178,0.86689,0.97234,0.10544999999999993,0.01547,0.23355,0.21808,-0.21808,0.0,0.0,0.0,0.61714,0.5796,-0.03754000000000002,general
obliqa_mp,f7f6bac4-3fc4-49dc-bcb2-70a171e25a46,0.90673,0.90624,-0.0004899999999999904,0.22169,0.22137,-0.00031999999999998696,0.00031999999999998696,0.0,0.0,0.0,0.56168,0.56162,-5.999999999994898e-05,general
obliqa_mp,f87cef34-f7cb-42df-aa11-d8ffbba29835,0.9684,0.41286,-0.55554,0.43199,0.03733,-0.39466,0.39466,0.0,0.13333333333333333,0.13333333333333333,0.51214,0.50295,-0.009190000000000031,general
obliqa_mp,f993d5a3-56a0-47de-81cb-3126aba7b2db,0.96426,0.98203,0.017769999999999953,0.1166,0.15582,0.03921999999999999,-0.03921999999999999,0.06666666666666667,0.06666666666666667,0.0,0.63811,0.63096,-0.00714999999999999,general
obliqa_mp,faf83f7d-9a34-4c75-b552-fc9a4acf8f05,0.78326,0.87053,0.08727000000000007,0.01671,0.0136,-0.00311,0.00311,0.1111111111111111,0.1111111111111111,0.0,0.62589,0.65601,0.030120000000000036,task_aware
obliqa_mp,fbc28272-a215-4a1b-8aaa-940b38d4a8e8,0.8427,0.95446,0.11175999999999997,0.0203,0.06588,0.045579999999999996,-0.045579999999999996,0.0,0.0,0.0,0.60747,0.62953,0.02206000000000008,task_aware
obliqa_mp,fcd56757-b8e3-4c66-8b5c-26a0a4c0077b,0.27217,0.26597,-0.006200000000000039,0.17178,0.03586,-0.13591999999999999,0.13591999999999999,0.1,0.15,0.04999999999999999,0.40013,0.46004,0.05991000000000002,task_aware
obliqa_mp,fd7ddace-39fc-4b7c-bf42-87d7e7331a15,0.21307,0.4515,0.23843,0.09573,0.0052,-0.09053,0.09053,0.047619047619047616,0.047619047619047616,0.0,0.38832,0.49797,0.10965000000000003,task_aware
obliqa_mp,fd9a94c5-2745-473b-94e2-0589dba3f7c6,0.38493,0.52429,0.13936000000000004,0.45994,0.41351,-0.04643000000000003,0.04643000000000003,0.0,0.043478260869565216,0.043478260869565216,0.30833,0.38475,0.07641999999999999,task_aware
obliqa_mp,fdf603fc-c92f-4c75-91c9-eb131dd2c331,0.63217,0.01643,-0.61574,0.02932,0.68951,0.6601899999999999,-0.6601899999999999,0.05,0.05,0.0,0.55095,0.12564,-0.4253100000000001,general
xref_adgm,02b67492c978af4c,0.49612,0.19228,-0.30384,0.93821,0.92882,-0.00939000000000001,0.00939000000000001,0.1875,0.1875,0.0,0.24847,0.15032,-0.09814999999999999,general
xref_adgm,0349b702678a33b4,0.9617,0.9527,-0.009000000000000008,0.86003,0.77085,-0.08917999999999993,0.08917999999999993,0.15789473684210525,0.10526315789473684,-0.05263157894736842,0.41985,0.42904,0.009189999999999976,task_aware
xref_adgm,0591aa3d477da3ff,0.90073,0.71906,-0.18167,0.37368,0.48007,0.10638999999999998,-0.10638999999999998,0.058823529411764705,0.058823529411764705,0.0,0.52862,0.4326,-0.09602,general
xref_adgm,05c4049981e21ee1,0.05688,0.02861,-0.02827,0.62467,0.72037,0.09570000000000001,-0.09570000000000001,0.0,0.05555555555555555,0.05555555555555555,0.14407,0.12127,-0.0228,general
xref_adgm,069c4ebac76382fa,0.52451,0.67988,0.15537,0.23741,0.37595,0.13854,-0.13854,0.04838709677419355,0.04838709677419355,0.0,0.44516,0.45077,0.005610000000000004,task_aware
xref_adgm,09838b9f6c8bfde6,0.7046,0.64436,-0.06023999999999996,0.66932,0.60766,-0.06166000000000005,0.06166000000000005,0.09375,0.0625,-0.03125,0.37634,0.3664,-0.009940000000000004,general
xref_adgm,09ed83603d5c9d13,0.30569,0.45312,0.14743,0.97861,0.81915,-0.15945999999999994,0.15945999999999994,0.21428571428571427,0.21428571428571427,0.0,0.18046,0.28275,0.10228999999999999,task_aware
xref_adgm,0aa43bdd4fa0aeef,0.96576,0.61338,-0.3523799999999999,0.92565,0.76009,-0.16555999999999993,0.16555999999999993,0.02857142857142857,0.05714285714285714,0.02857142857142857,0.35623,0.30348,-0.052749999999999964,general
xref_adgm,0b86a8dd09b7f6a1,0.34047,0.30664,-0.03382999999999997,0.35939,0.37459,0.015199999999999991,-0.015199999999999991,0.058823529411764705,0.029411764705882353,-0.029411764705882353,0.34663,0.32049,-0.026139999999999997,general
xref_adgm,0c391a5aaaadf674,0.7772,0.91347,0.13627,0.0616,0.1965,0.13490000000000002,-0.13490000000000002,0.07142857142857142,0.07142857142857142,0.0,0.59568,0.59613,0.00045000000000006146,task_aware
xref_adgm,0cbcd1ed70cdbfc4,0.63207,0.4869,-0.14517000000000002,0.01806,0.02255,0.004490000000000001,-0.004490000000000001,0.07142857142857142,0.14285714285714285,0.07142857142857142,0.56181,0.53574,-0.026070000000000038,general
xref_adgm,0d4d5d0951a0c7ba,0.8508,0.97669,0.12588999999999995,0.07733,0.62368,0.54635,-0.54635,0.08695652173913043,0.08695652173913043,0.0,0.62014,0.47999,-0.14015,general
xref_adgm,0dde26d5c3d14aaa,0.62948,0.72778,0.09829999999999994,0.50961,0.68085,0.17123999999999995,-0.17123999999999995,0.0,0.029411764705882353,0.029411764705882353,0.37329,0.35878,-0.014510000000000023,general
xref_adgm,0dfaae193077e415,0.4798,0.90896,0.42916,0.3507,0.69862,0.34792,-0.34792,0.19047619047619047,0.19047619047619047,0.0,0.43986,0.46694,0.02708000000000005,task_aware
xref_adgm,0e8344d7fde15d88,0.99173,0.98229,-0.009440000000000004,0.02375,0.29305,0.2693,-0.2693,0.17647058823529413,0.17647058823529413,0.0,0.71482,0.6219,-0.09292,general
xref_adgm,0fb7f44dff94bc01,0.77359,0.39218,-0.38141,0.44298,0.24798,-0.19499999999999998,0.19499999999999998,0.0,0.13333333333333333,0.13333333333333333,0.44354,0.42584,-0.017699999999999994,general
xref_adgm,0ff015d349726e19,0.7103,0.95583,0.24552999999999991,0.22242,0.41974,0.19732,-0.19732,0.15789473684210525,0.15789473684210525,0.0,0.54859,0.56466,0.01607000000000003,task_aware
xref_adgm,107e53c83dd8a087,0.59346,0.64224,0.048780000000000046,0.1436,0.37978,0.23618,-0.23618,0.2222222222222222,0.2777777777777778,0.05555555555555558,0.55736,0.51341,-0.043949999999999934,general
xref_adgm,108e5fb362447202,0.00693,0.0086,0.0016699999999999996,0.95894,0.98243,0.02349000000000001,-0.02349000000000001,0.11764705882352941,0.11764705882352941,0.0,0.05521,0.04794,-0.007269999999999999,general
xref_adgm,11657f7a0addd5b0,0.51446,0.51046,-0.0040000000000000036,0.08112,0.16018,0.07905999999999999,-0.07905999999999999,0.0,0.0,0.0,0.47778,0.45009,-0.027689999999999992,general
xref_adgm,11bd174931ad861f,0.61435,0.62861,0.01426000000000005,0.56561,0.45467,-0.11093999999999993,0.11093999999999993,0.10526315789473684,0.10526315789473684,0.0,0.38467,0.4264,0.04172999999999999,task_aware
xref_adgm,12a98ee480c6eb4d,0.98576,0.97176,-0.014000000000000012,0.58733,0.56877,-0.01856000000000002,0.01856000000000002,0.06153846153846154,0.046153846153846156,-0.015384615384615385,0.48666,0.48305,-0.003610000000000002,general
xref_adgm,13e2c6dabc37e810,0.65036,0.52957,-0.12079000000000006,0.35729,0.72565,0.36836,-0.36836,0.35,0.25,-0.09999999999999998,0.54769,0.35131,-0.19638,general
xref_adgm,16109e0c76cd2530,0.61635,0.51628,-0.10006999999999999,0.22742,0.01693,-0.21049,0.21049,0.16666666666666666,0.08333333333333333,-0.08333333333333333,0.51853,0.52756,0.009029999999999982,task_aware
xref_adgm,1740610f84067dba,0.71673,0.89982,0.18308999999999997,0.50158,0.42373,-0.07785000000000003,0.07785000000000003,0.05263157894736842,0.05263157894736842,0.0,0.42259,0.50957,0.08697999999999995,task_aware
xref_adgm,19898a90634ce333,0.65823,0.64759,-0.010639999999999983,0.96822,0.96637,-0.0018500000000000183,0.0018500000000000183,0.0,0.13333333333333333,0.13333333333333333,0.23,0.27152,0.041519999999999974,task_aware
xref_adgm,1b15ffd901c4255c,0.19052,0.07688,-0.11363999999999999,0.87945,0.98336,0.10391000000000006,-0.10391000000000006,0.09523809523809523,0.0,-0.09523809523809523,0.13544,0.03117,-0.10427,general
xref_adgm,1cf29adbe60ceff9,0.11532,0.10123,-0.014090000000000005,0.29699,0.47829,0.18130000000000002,-0.18130000000000002,0.3125,0.375,0.0625,0.37694,0.33265,-0.044289999999999996,general
xref_adgm,1d36db0da27f8524,0.9944,0.79037,-0.20402999999999993,0.7654,0.68437,-0.08102999999999994,0.08102999999999994,0.2727272727272727,0.2727272727272727,0.0,0.50058,0.45958,-0.041000000000000036,general
xref_adgm,1d401bad230c5d15,0.73019,0.76386,0.03366999999999998,0.63228,0.56734,-0.06494,0.06494,0.35294117647058826,0.4117647058823529,0.05882352941176466,0.48362,0.53609,0.05246999999999996,task_aware
xref_adgm,1e44cabdde5dba07,0.02921,0.02921,0.0,0.9932,0.9932,0.0,0.0,0.0,0.0,0.0,0.012,0.012,0.0,equal
xref_adgm,1e6d92a0b27d4f64,0.97465,0.7994,-0.17525000000000002,0.45365,0.33498,-0.11867,0.11867,0.13333333333333333,0.13333333333333333,0.0,0.55144,0.53258,-0.018859999999999988,general
xref_adgm,1ec10fba652a20c5,0.51369,0.52069,0.007000000000000006,0.39373,0.41376,0.020029999999999992,-0.020029999999999992,0.16666666666666666,0.16666666666666666,0.0,0.42888,0.42453,-0.004349999999999965,general
xref_adgm,1edfd83ca5c475d5,0.75479,0.65695,-0.09783999999999993,0.61976,0.20781,-0.41195,0.41195,0.0,0.04,0.04,0.37834,0.49638,0.11803999999999998,task_aware
xref_adgm,1f6db018e2c79b51,0.50045,0.50299,0.0025400000000000977,0.01283,0.00846,-0.004369999999999999,0.004369999999999999,0.3,0.4,0.10000000000000003,0.59587,0.63151,0.035640000000000005,task_aware
xref_adgm,21a2f7ed1583ec34,0.96271,0.86275,-0.09995999999999994,0.66252,0.50314,-0.15937999999999997,0.15937999999999997,0.125,0.125,0.0,0.47506,0.49487,0.019809999999999994,task_aware
xref_adgm,224cb7198e437d1e,0.68536,0.53065,-0.15471000000000001,0.07329,0.34928,0.27598999999999996,-0.27598999999999996,0.4117647058823529,0.47058823529411764,0.05882352941176472,0.67461,0.55065,-0.12396000000000007,general
xref_adgm,24932c97c0aa918f,0.96729,0.70737,-0.25991999999999993,0.56867,0.51281,-0.05586000000000002,0.05586000000000002,0.1111111111111111,0.16666666666666666,0.05555555555555555,0.50324,0.45374,-0.049500000000000044,general
xref_adgm,25e52fcd84fd629a,0.95579,0.68457,-0.27122,0.43055,0.45336,0.022809999999999997,-0.022809999999999997,0.0,0.15384615384615385,0.15384615384615385,0.50841,0.46169,-0.04672000000000004,general
xref_adgm,26116ec473f704e9,0.61503,0.92388,0.30885000000000007,0.03176,0.03419,0.0024300000000000016,-0.0024300000000000016,0.1111111111111111,0.1111111111111111,0.0,0.56479,0.66693,0.10214000000000001,task_aware
xref_adgm,26121bb86357de40,0.52497,0.66757,0.14259999999999995,0.0307,0.36627,0.33557,-0.33557,0.07692307692307693,0.07692307692307693,0.0,0.52373,0.45941,-0.06432000000000004,general
xref_adgm,26521e57b76cc338,0.82978,0.50326,-0.3265199999999999,0.06691,0.01642,-0.05048999999999999,0.05048999999999999,0.5217391304347826,0.08695652173913043,-0.43478260869565216,0.76154,0.5246,-0.23694000000000004,general
xref_adgm,266957e404f83720,0.05553,0.05717,0.0016399999999999956,0.12885,0.19053,0.06168000000000001,-0.06168000000000001,0.07142857142857142,0.07142857142857142,0.0,0.3327,0.31269,-0.020009999999999972,general
xref_adgm,266b20713f27e058,0.97187,0.45519,-0.51668,0.35116,0.46018,0.10901999999999995,-0.10901999999999995,0.2,0.2,0.0,0.6069,0.39834,-0.20855999999999997,general
xref_adgm,27414badd619f00a,0.39402,0.60025,0.20622999999999997,0.00891,0.56599,0.55708,-0.55708,0.06666666666666667,0.13333333333333333,0.06666666666666667,0.48393,0.3892,-0.09473000000000004,general
xref_adgm,29157e6f21af375c,0.32347,0.0337,-0.28976999999999997,0.00573,0.12585,0.12011999999999999,-0.12011999999999999,0.0,0.20833333333333334,0.20833333333333334,0.43925,0.37206,-0.06718999999999997,general
xref_adgm,29ae94415be8f054,0.78419,0.97051,0.18631999999999993,0.51093,0.87012,0.35919,-0.35919,0.2,0.2,0.0,0.49109,0.43346,-0.057630000000000015,general
xref_adgm,2a10ebf428b39285,0.72561,0.97872,0.25311000000000006,0.34424,0.1473,-0.19694,0.19694,0.0,0.13333333333333333,0.13333333333333333,0.46046,0.65492,0.19445999999999997,task_aware
xref_adgm,2c8e3ae3db5d806a,0.82265,0.73518,-0.08747000000000005,0.33608,0.38691,0.050829999999999986,-0.050829999999999986,0.0,0.0,0.0,0.49552,0.44942,-0.04610000000000003,general
xref_adgm,2d1b064c8227dd04,0.61924,0.67426,0.05501999999999996,0.65116,0.81936,0.16820000000000002,-0.16820000000000002,0.35,0.0,-0.35,0.43936,0.28497,-0.15438999999999997,general
xref_adgm,2d5274e4c0f74850,0.70348,0.01654,-0.68694,0.49306,0.21285,-0.28020999999999996,0.28020999999999996,0.09090909090909091,0.09090909090909091,0.0,0.43378,0.2982,-0.13557999999999998,general
xref_adgm,2f7b9ed27bfb4fa0,0.57708,0.52024,-0.05684,0.42638,0.03163,-0.39475,0.39475,0.18181818181818182,0.18181818181818182,0.0,0.44417,0.55681,0.11264000000000002,task_aware
xref_adgm,2fea47a6406ae439,0.55402,0.5728,0.01878000000000002,0.86691,0.88565,0.01874000000000009,-0.01874000000000009,0.2857142857142857,0.2857142857142857,0.0,0.32427,0.32429,2.0000000000020002e-05,task_aware
xref_adgm,308a8cc97e7f0fee,0.76259,0.90581,0.14322000000000001,0.46971,0.57701,0.1073,-0.1073,0.12,0.12,0.0,0.47096,0.48293,0.011970000000000036,task_aware
xref_adgm,31b4069e65e108d7,0.99124,0.66402,-0.32721999999999996,0.471,0.09439,-0.37661,0.37661,0.013888888888888888,0.013888888888888888,0.0,0.51138,0.52784,0.01646000000000003,task_aware
xref_adgm,31e5de7b6bdaf92b,0.25965,0.25848,-0.0011700000000000044,0.74664,0.47483,-0.27181,0.27181,0.0,0.0,0.0,0.171,0.26122,0.09022,task_aware
xref_adgm,32b1a5242936d2d4,0.52385,0.6358,0.11195,0.54859,0.27042,-0.27817000000000003,0.27817000000000003,0.13333333333333333,0.2,0.06666666666666668,0.36953,0.52179,0.15225999999999995,task_aware
xref_adgm,3398a3ba9138a123,0.99398,0.99463,0.0006500000000000394,0.72866,0.8854,0.15674,-0.15674,0.08333333333333333,0.08333333333333333,0.0,0.44955,0.39752,-0.05203000000000002,general
xref_adgm,3468780b54e5798d,0.73468,0.78618,0.05149999999999999,0.32456,0.27208,-0.05248000000000003,0.05248000000000003,0.0,0.0,0.0,0.47004,0.5047,0.034660000000000024,task_aware
xref_adgm,348acdc11e28c28f,0.74898,0.62151,-0.12746999999999997,0.05803,0.02178,-0.03625,0.03625,0.0,0.0,0.0,0.56365,0.53324,-0.030409999999999937,general
xref_adgm,354688e7c414e4d4,0.49294,0.53417,0.041230000000000044,0.98745,0.96893,-0.018520000000000092,0.018520000000000092,0.07142857142857142,0.07142857142857142,0.0,0.19231,0.21222,0.019909999999999983,task_aware
xref_adgm,35d47513e050b822,0.24754,0.02864,-0.2189,0.40478,0.46352,0.058740000000000014,-0.058740000000000014,0.09090909090909091,0.18181818181818182,0.09090909090909091,0.31122,0.24898,-0.06223999999999999,general
xref_adgm,35dbe18a626da3ae,0.52394,0.52949,0.005550000000000055,0.0265,0.02376,-0.0027399999999999994,0.0027399999999999994,0.07692307692307693,0.07692307692307693,0.0,0.52479,0.52755,0.0027599999999999847,task_aware
xref_adgm,36740f41bad100d1,0.73217,0.41598,-0.31618999999999997,0.18052,0.13967,-0.040850000000000025,0.040850000000000025,0.13333333333333333,0.13333333333333333,0.0,0.56166,0.46988,-0.09178000000000003,general
xref_adgm,378e31000801334e,0.96268,0.98032,0.01763999999999999,0.19016,0.01778,-0.17238,0.17238,0.0,0.0,0.0,0.59084,0.65418,0.06333999999999995,task_aware
xref_adgm,378fba00a4757407,0.6432,0.64293,-0.00026999999999999247,0.35293,0.35745,0.0045199999999999685,-0.0045199999999999685,0.15384615384615385,0.15384615384615385,0.0,0.48137,0.47978,-0.0015900000000000358,general
xref_adgm,37f6c7901875ea48,0.50669,0.55806,0.05137000000000003,0.75651,0.66944,-0.08706999999999998,0.08706999999999998,0.05555555555555555,0.16666666666666666,0.1111111111111111,0.26858,0.35176,0.08318000000000003,task_aware
xref_adgm,3a9f52453ae801bb,0.12983,0.09869,-0.03114,0.31608,0.12412,-0.19196000000000002,0.19196000000000002,0.0,0.0,0.0,0.27125,0.32486,0.05360999999999999,task_aware
xref_adgm,3b280fa8fac110ca,0.93223,0.67777,-0.25446,0.98291,0.94719,-0.035719999999999974,0.035719999999999974,0.10526315789473684,0.10526315789473684,0.0,0.35153,0.27861,-0.07291999999999998,general
xref_adgm,3c5da5dead56c7d3,0.10774,0.15255,0.04480999999999999,0.66358,0.51735,-0.14622999999999997,0.14622999999999997,0.07142857142857142,0.07142857142857142,0.0,0.17186,0.23554,0.06367999999999999,task_aware
xref_adgm,3c702c3e6ac64826,0.72252,0.75284,0.030319999999999903,0.67109,0.67906,0.007970000000000033,-0.007970000000000033,0.047619047619047616,0.047619047619047616,0.0,0.36635,0.3738,0.007450000000000012,task_aware
xref_adgm,3e66ebf46248df60,0.3451,0.36858,0.02348,0.64183,0.42217,-0.21966000000000002,0.21966000000000002,0.1,0.1,0.0,0.26776,0.3488,0.08104,task_aware
xref_adgm,3ec2d39910b381b7,0.97914,0.93097,-0.048170000000000046,0.28435,0.45624,0.17189,-0.17189,0.16666666666666666,0.05555555555555555,-0.1111111111111111,0.62049,0.5101,-0.11038999999999999,general
xref_adgm,3f5e0e841b8b5fc5,0.98428,0.98081,-0.003470000000000084,0.47677,0.43827,-0.038500000000000034,0.038500000000000034,0.05555555555555555,0.05555555555555555,0.0,0.52102,0.5327,0.011679999999999913,task_aware
xref_adgm,41ea903fca058cfa,0.99133,0.50171,-0.48962000000000006,0.00817,0.00368,-0.00449,0.00449,0.0,0.07692307692307693,0.07692307692307693,0.66105,0.52498,-0.13607000000000002,general
xref_adgm,425686b143f44a05,0.47528,0.44785,-0.027429999999999954,0.28441,0.29873,0.01432,-0.01432,0.1,0.1,0.0,0.43029,0.41637,-0.013919999999999988,general
xref_adgm,42fad76b1167ac61,0.53171,0.12796,-0.40375000000000005,0.4848,0.40465,-0.08015,0.08015,0.06666666666666667,0.06666666666666667,0.0,0.37119,0.26333,-0.10786000000000001,general
xref_adgm,444ba8af42e3e1fc,0.9118,0.13123,-0.78057,0.74801,0.65097,-0.0970399999999999,0.0970399999999999,0.0,0.0,0.0,0.38793,0.16009,-0.22784,general
xref_adgm,44c4f1a5ad26bebe,0.4995,0.50121,0.0017100000000000448,0.51516,0.51671,0.0015500000000000513,-0.0015500000000000513,0.0625,0.0625,0.0,0.34895,0.349,4.999999999999449e-05,task_aware
xref_adgm,44f10b5136e2eacc,0.80963,0.96027,0.15064,0.52116,0.56283,0.041670000000000096,-0.041670000000000096,0.21428571428571427,0.2857142857142857,0.07142857142857142,0.50092,0.56105,0.06013000000000002,task_aware
xref_adgm,4579ce1811cad194,0.80276,0.77371,-0.02905000000000002,0.56562,0.53809,-0.027530000000000054,0.027530000000000054,0.3125,0.375,0.0625,0.51655,0.53687,0.020320000000000005,task_aware
xref_adgm,45a9a50783eaa7ac,0.81521,0.57733,-0.23787999999999998,0.25775,0.03419,-0.22355999999999998,0.22355999999999998,0.16,0.2,0.04000000000000001,0.57249,0.58105,0.008559999999999901,task_aware
xref_adgm,491213062bd5e280,0.96466,0.76476,-0.19989999999999997,0.97985,0.91247,-0.06738,0.06738,0.043478260869565216,0.13043478260869565,0.08695652173913043,0.34276,0.32757,-0.015190000000000037,general
xref_adgm,49814819a48b39d2,0.8265,0.39145,-0.43505,0.39632,0.04027,-0.35605,0.35605,0.3611111111111111,0.3333333333333333,-0.02777777777777779,0.5971,0.5615,-0.035599999999999965,general
xref_adgm,49ab41f32480f744,0.74265,0.8057,0.06304999999999994,0.53521,0.11093,-0.42428,0.42428,0.0,0.058823529411764705,0.058823529411764705,0.40248,0.58453,0.18205,task_aware
xref_adgm,4b1d13b12d88933b,0.49864,0.5309,0.03226000000000001,0.54044,0.35442,-0.18602000000000002,0.18602000000000002,0.0,0.0,0.0,0.3194,0.39216,0.07275999999999999,task_aware
xref_adgm,4c0e94f1f57e7208,0.78644,0.77,-0.01644000000000001,0.60817,0.65547,0.04730000000000001,-0.04730000000000001,0.03571428571428571,0.03571428571428571,0.0,0.40466,0.38341,-0.021250000000000047,general
xref_adgm,4c3bb302c67d0fe1,0.50339,0.60521,0.10182000000000002,0.4357,0.33994,-0.09575999999999996,0.09575999999999996,0.11764705882352941,0.058823529411764705,-0.058823529411764705,0.39511,0.44136,0.04624999999999996,task_aware
xref_adgm,4ead79e9a98f9022,0.94668,0.794,-0.15267999999999993,0.6804,0.44655,-0.23385,0.23385,0.047619047619047616,0.047619047619047616,0.0,0.43797,0.46502,0.027049999999999963,task_aware
xref_adgm,4ed931fcf684bba4,0.98721,0.98422,-0.002990000000000048,0.24835,0.18896,-0.05939,0.05939,0.0,0.13333333333333333,0.13333333333333333,0.57962,0.64286,0.06323999999999996,task_aware
xref_adgm,5045b60add4db7fc,0.24749,0.40876,0.16127000000000002,0.65764,0.40453,-0.25311,0.25311,0.0,0.0,0.0,0.19662,0.33474,0.13812,task_aware
xref_adgm,5054ad15da0df109,0.4937,0.49524,0.0015399999999999858,0.90815,0.6184,-0.28975000000000006,0.28975000000000006,0.0,0.0,0.0,0.19518,0.29228,0.09709999999999999,task_aware
xref_adgm,517358dc4833af4b,0.47175,0.49469,0.022940000000000016,0.64686,0.72951,0.08265,-0.08265,0.0,0.0,0.0,0.27496,0.25506,-0.019899999999999973,general
xref_adgm,51cefb12bc2986e7,0.00714,0.00714,0.0,0.99445,0.99445,0.0,0.0,0.0,0.0,0.0,0.00423,0.00423,0.0,equal
xref_adgm,52bf9513e7405214,0.50528,0.22326,-0.28201999999999994,0.00252,0.00703,0.00451,-0.00451,0.14285714285714285,0.14285714285714285,0.0,0.54854,0.45303,-0.09551000000000004,general
xref_adgm,52c33eec1da49b69,0.84753,0.77324,-0.07428999999999997,0.36378,0.86536,0.50158,-0.50158,0.0625,0.0625,0.0,0.51542,0.32346,-0.19195999999999996,general
xref_adgm,52e3433641be550d,0.54471,0.67868,0.13396999999999992,0.07212,0.03268,-0.03944,0.03944,0.15,0.05,-0.09999999999999999,0.54086,0.56533,0.024469999999999992,task_aware
xref_adgm,536f2d2c37481d91,0.2526,0.27835,0.025749999999999995,0.12622,0.15257,0.026350000000000012,-0.026350000000000012,0.027777777777777776,0.05555555555555555,0.027777777777777776,0.38472,0.39378,0.009060000000000012,task_aware
xref_adgm,5576453226235339,0.48115,0.32536,-0.15579000000000004,0.50706,0.69857,0.19151000000000007,-0.19151000000000007,0.0,0.0,0.0,0.3247,0.20893,-0.11576999999999998,general
xref_adgm,55eafc2dc939a3ce,0.31723,0.31511,-0.0021200000000000108,0.98344,0.8049,-0.17854000000000003,0.17854000000000003,0.0,0.0,0.0,0.11126,0.17007,0.05881,task_aware
xref_adgm,576667d2163093ae,0.61054,0.62632,0.015780000000000016,0.26944,0.27048,0.0010399999999999854,-0.0010399999999999854,0.2,0.06666666666666667,-0.13333333333333336,0.5137,0.47417,-0.039530000000000065,general
xref_adgm,57a7a47bd0d5c426,0.65406,0.02028,-0.63378,0.60768,0.99419,0.38651,-0.38651,0.07692307692307693,0.0,-0.07692307692307693,0.37443,0.0087,-0.36573,general
xref_adgm,59270874b9e24609,0.50183,0.65216,0.15032999999999996,0.49196,0.16585,-0.32611,0.32611,0.42857142857142855,0.5714285714285714,0.14285714285714285,0.47948,0.68591,0.20643,task_aware
xref_adgm,59512ca82d2a70e9,0.36042,0.32333,-0.03709000000000001,0.29218,0.32429,0.03211000000000003,-0.03211000000000003,0.2,0.1,-0.1,0.42275,0.36635,-0.056400000000000006,general
xref_adgm,59c4164967e3f0d7,0.61044,0.26742,-0.34302,0.66798,0.65445,-0.013530000000000042,0.013530000000000042,0.18181818181818182,0.09090909090909091,-0.09090909090909091,0.37476,0.23463,-0.14012999999999998,general
xref_adgm,59e7f2f71a0f67fa,0.78499,0.78417,-0.0008199999999999319,0.37203,0.29057,-0.08146000000000003,0.08146000000000003,0.2777777777777778,0.2777777777777778,0.0,0.56358,0.59046,0.026880000000000015,task_aware
xref_adgm,5a4337aa28e75bf1,0.01847,0.01847,0.0,0.99407,0.99407,0.0,0.0,0.0,0.0,0.0,0.00813,0.00813,0.0,equal
xref_adgm,5a56c567cdf6cdf0,0.10271,0.08252,-0.02019,0.67181,0.66876,-0.003049999999999997,0.003049999999999997,0.17647058823529413,0.17647058823529413,0.0,0.20246,0.19674,-0.005720000000000003,general
xref_adgm,5af94134a1557808,0.92288,0.95742,0.034540000000000015,0.62138,0.81342,0.19204,-0.19204,0.35714285714285715,0.35714285714285715,0.0,0.55288,0.50038,-0.05249999999999999,general
xref_adgm,5b25e6b288de8e80,0.57879,0.35945,-0.21934000000000003,0.47192,0.20666,-0.26526,0.26526,0.29411764705882354,0.29411764705882354,0.0,0.467,0.4823,0.01529999999999998,task_aware
xref_adgm,5b85f6cf5b6b2326,0.68115,0.97619,0.29503999999999997,0.88492,0.92603,0.04110999999999998,-0.04110999999999998,0.35714285714285715,0.21428571428571427,-0.14285714285714288,0.38446,0.42148,0.03702,task_aware
xref_adgm,5c2d4efc33624145,0.75842,0.64092,-0.11749999999999994,0.46345,0.53215,0.06870000000000004,-0.06870000000000004,0.17647058823529413,0.17647058823529413,0.0,0.49048,0.42841,-0.062070000000000014,general
xref_adgm,5c7fe01566ac14da,0.02071,0.16824,0.14753,0.99756,0.46252,-0.53504,0.53504,0.0,0.07142857142857142,0.07142857142857142,0.00772,0.25905,0.25133,task_aware
xref_adgm,5cd7f28a8f804920,0.01931,0.65716,0.6378499999999999,0.98585,0.69738,-0.28847,0.28847,0.0,0.08333333333333333,0.08333333333333333,0.01115,0.3477,0.33655,task_aware
xref_adgm,5e8c91ac0c1d6ca1,0.65955,0.97632,0.31677,0.48781,0.14519,-0.34262000000000004,0.34262000000000004,0.0,0.08333333333333333,0.08333333333333333,0.39058,0.63815,0.24757,task_aware
xref_adgm,5ee3b0604c3a41aa,0.98833,0.50491,-0.48342000000000007,0.49625,0.49003,-0.006220000000000003,0.006220000000000003,0.0,0.0,0.0,0.49736,0.33829,-0.15907000000000004,general
xref_adgm,5fb853050fce5c39,0.97733,0.44224,-0.5350900000000001,0.65445,0.63065,-0.023799999999999932,0.023799999999999932,0.0,0.06666666666666667,0.06666666666666667,0.44096,0.29275,-0.14821,general
xref_adgm,6095cbce8b3e90c8,0.50517,0.50839,0.0032200000000000006,0.19356,0.21801,0.02445,-0.02445,0.0,0.0,0.0,0.4372,0.43013,-0.007069999999999965,general
xref_adgm,60cf902963e219a3,0.4986,0.49898,0.00037999999999999146,0.12574,0.06452,-0.06122,0.06122,0.07142857142857142,0.07142857142857142,0.0,0.48143,0.50196,0.020529999999999937,task_aware
xref_adgm,6110e9833cd25477,0.50721,0.03215,-0.47506000000000004,0.09552,0.05919,-0.036329999999999994,0.036329999999999994,0.0,0.0,0.0,0.47056,0.32432,-0.14623999999999998,general
xref_adgm,620d45f3d7caef6f,0.9646,0.9342,-0.030399999999999983,0.38684,0.54605,0.15921000000000002,-0.15921000000000002,0.1875,0.1875,0.0,0.58842,0.52522,-0.06320000000000003,general
xref_adgm,634dd388d0fce73c,0.67155,0.43427,-0.23728,0.53267,0.18043,-0.35224,0.35224,0.13333333333333333,0.13333333333333333,0.0,0.42407,0.46239,0.03832000000000002,task_aware
xref_adgm,6376c98d70bea1a5,0.78916,0.67749,-0.11166999999999994,0.06804,0.02796,-0.040080000000000005,0.040080000000000005,0.0,0.07692307692307693,0.07692307692307693,0.57371,0.57548,0.0017699999999999383,task_aware
xref_adgm,63fe64707c2c07eb,0.501,0.72679,0.22579000000000005,0.50531,0.52071,0.01539999999999997,-0.01539999999999997,0.14285714285714285,0.14285714285714285,0.0,0.37952,0.44965,0.07012999999999997,task_aware
xref_adgm,64028a83fb8b6943,0.63967,0.56823,-0.07143999999999995,0.85886,0.74633,-0.11252999999999991,0.11252999999999991,0.1875,0.1875,0.0,0.32277,0.33647,0.01369999999999999,task_aware
xref_adgm,64c95d01d4d1bf2b,0.01134,0.04849,0.03715,0.89155,0.98997,0.09842000000000006,-0.09842000000000006,0.038461538461538464,0.038461538461538464,0.0,0.05275,0.03233,-0.02042,general
xref_adgm,655682ad5a78c676,0.08701,0.70816,0.62115,0.47532,0.60953,0.13421,-0.13421,0.05555555555555555,0.05555555555555555,0.0,0.22242,0.38473,0.16231,task_aware
xref_adgm,667778edfbd645eb,0.7551,0.59913,-0.15596999999999994,0.73861,0.96183,0.22321999999999997,-0.22321999999999997,0.0,0.058823529411764705,0.058823529411764705,0.33883,0.23204,-0.10679000000000002,general
xref_adgm,697bd316ed4d37a9,0.73462,0.74458,0.009959999999999969,0.10951,0.70687,0.59736,-0.59736,0.0,0.11764705882352941,0.11764705882352941,0.5417,0.38512,-0.15657999999999994,general
xref_adgm,69818007e4d4166b,0.90893,0.41533,-0.49360000000000004,0.3965,0.41772,0.02121999999999996,-0.02121999999999996,0.11764705882352941,0.0,-0.11764705882352941,0.54336,0.33254,-0.21081999999999995,general
xref_adgm,6c6188d8a35ed39c,0.51161,0.615,0.10338999999999998,0.02739,0.08656,0.05917,-0.05917,0.14285714285714285,0.07142857142857142,-0.07142857142857142,0.54236,0.53329,-0.009069999999999911,general
xref_adgm,6eb6bbf3d0203c30,0.95047,0.96549,0.015019999999999922,0.46015,0.70434,0.24418999999999996,-0.24418999999999996,0.38095238095238093,0.42857142857142855,0.047619047619047616,0.62376,0.56324,-0.06052000000000002,general
xref_adgm,6f627f764fc8dc77,0.07024,0.07024,0.0,0.99401,0.99401,0.0,0.0,0.0,0.0,0.0,0.02541,0.02541,0.0,equal
xref_adgm,70e52d42a3e81f34,0.98913,0.98844,-0.0006899999999999684,0.44794,0.46144,0.013500000000000012,-0.013500000000000012,0.14285714285714285,0.07142857142857142,-0.07142857142857142,0.56135,0.53281,-0.02854000000000001,general
xref_adgm,7100088d14ca0c0b,0.75454,0.90337,0.14883000000000002,0.36658,0.41964,0.053059999999999996,-0.053059999999999996,0.2,0.2,0.0,0.52932,0.56124,0.03191999999999995,task_aware
xref_adgm,72a2ef00efbf0add,0.95821,0.9364,-0.021809999999999996,0.04697,0.11083,0.06386,-0.06386,0.06666666666666667,0.13333333333333333,0.06666666666666667,0.6593,0.65297,-0.006329999999999947,general
xref_adgm,751479f39f583add,0.91203,0.94996,0.03793000000000002,0.49058,0.5085,0.017919999999999936,-0.017919999999999936,0.03333333333333333,0.0,-0.03333333333333333,0.48493,0.48049,-0.004440000000000055,general
xref_adgm,75d9f62399269906,0.99148,0.99211,0.0006300000000000194,0.51569,0.50158,-0.014109999999999956,0.014109999999999956,0.0,0.0,0.0,0.49193,0.49684,0.0049100000000000255,task_aware
xref_adgm,77032a5135185e5a,0.76277,0.80747,0.04470000000000007,0.25207,0.24208,-0.009990000000000027,0.009990000000000027,0.25,0.25,0.0,0.5869,0.60513,0.01822999999999997,task_aware
xref_adgm,7745e6835dca8da7,0.96915,0.84164,-0.1275099999999999,0.45557,0.45892,0.0033500000000000196,-0.0033500000000000196,0.0,0.05263157894736842,0.05263157894736842,0.50453,0.47845,-0.026080000000000048,general
xref_adgm,7962e3e212277a6f,0.76768,0.33234,-0.43534,0.76051,0.49704,-0.26347000000000004,0.26347000000000004,0.1111111111111111,0.14814814814814814,0.037037037037037035,0.37276,0.32782,-0.04493999999999998,general
xref_adgm,7b4b43164ffc9850,0.7638,0.95822,0.19441999999999993,0.50093,0.77741,0.27648000000000006,-0.27648000000000006,0.22727272727272727,0.18181818181818182,-0.04545454545454544,0.49671,0.45421,-0.04249999999999998,general
xref_adgm,7d558d02c4bbf149,0.15611,0.15611,0.0,0.9891,0.9891,0.0,0.0,0.0,0.0,0.0,0.05567,0.05567,0.0,equal
xref_adgm,7e72d5e7e0a2db6a,0.00714,0.00714,0.0,0.99445,0.99445,0.0,0.0,0.0,0.0,0.0,0.00423,0.00423,0.0,equal
xref_adgm,7f1c830da82da866,0.56531,0.5123,-0.05301,0.87324,0.8639,-0.009340000000000015,0.009340000000000015,0.1111111111111111,0.1111111111111111,0.0,0.26773,0.25317,-0.014560000000000017,general
xref_adgm,7f3aea4dd10070d3,0.50871,0.53891,0.030200000000000005,0.08647,0.43864,0.35217,-0.35217,0.0,0.0,0.0,0.47408,0.36676,-0.10732000000000003,general
xref_adgm,829c34c7283516fe,0.4517,0.70853,0.25683,0.07926,0.02802,-0.051239999999999994,0.051239999999999994,0.09090909090909091,0.045454545454545456,-0.045454545454545456,0.48778,0.57532,0.08754000000000006,task_aware
xref_adgm,82a6b356975f406d,0.6899,0.58338,-0.10651999999999995,0.02692,0.47907,0.45215,-0.45215,0.15384615384615385,0.0,-0.15384615384615385,0.60561,0.3681,-0.23751,general
xref_adgm,82a8927d542d1853,0.53073,0.63739,0.10665999999999998,0.4974,0.61129,0.11388999999999999,-0.11388999999999999,0.0,0.0,0.0,0.34444,0.34203,-0.0024100000000000232,general
xref_adgm,82f725c732ae7a2b,0.49896,0.25681,-0.24215000000000003,0.52204,0.80294,0.28090000000000004,-0.28090000000000004,0.0625,0.0625,0.0,0.34647,0.17212,-0.17435,general
xref_adgm,83a82dee2890f7f6,0.48409,0.48497,0.0008799999999999919,0.45587,0.44234,-0.013529999999999986,0.013529999999999986,0.047619047619047616,0.047619047619047616,0.0,0.35861,0.36342,0.0048100000000000365,task_aware
xref_adgm,8406907914fd4631,0.6778,0.97294,0.29514000000000007,0.45841,0.34108,-0.11732999999999999,0.11732999999999999,0.0,0.041666666666666664,0.041666666666666664,0.40646,0.55784,0.15138000000000001,task_aware
xref_adgm,85047f8a80746878,0.01705,0.55001,0.53296,0.06581,0.23969,0.17387999999999998,-0.17387999999999998,0.06666666666666667,0.13333333333333333,0.06666666666666667,0.3393,0.48122,0.14192,task_aware
xref_adgm,8654bedd3216ae1f,0.44215,0.34825,-0.09389999999999998,0.95891,0.96488,0.00596999999999992,-0.00596999999999992,0.0,0.058823529411764705,0.058823529411764705,0.16108,0.1474,-0.013679999999999998,general
xref_adgm,875b518529c4b526,0.69041,0.5904,-0.10000999999999993,0.09249,0.07836,-0.014130000000000004,0.014130000000000004,0.0,0.0,0.0,0.53264,0.50401,-0.028630000000000044,general
xref_adgm,87b3fb7980bd81eb,0.46262,0.17907,-0.28354999999999997,0.04081,0.17459,0.13378,-0.13378,0.05263157894736842,0.0,-0.05263157894736842,0.49148,0.33483,-0.15664999999999996,general
xref_adgm,87caf84514e3f887,0.26174,0.13862,-0.12311999999999998,0.34639,0.50921,0.16282000000000008,-0.16282000000000008,0.12903225806451613,0.12903225806451613,0.0,0.34813,0.25281,-0.09532000000000002,general
xref_adgm,87ef62e0d006faaa,0.96578,0.7966,-0.16918,0.31696,0.46735,0.15038999999999997,-0.15038999999999997,0.35294117647058826,0.29411764705882354,-0.05882352941176472,0.66725,0.54112,-0.12612999999999996,general
xref_adgm,882f9f82acd19a89,0.81315,0.98226,0.16910999999999998,0.32191,0.66024,0.3383300000000001,-0.3383300000000001,0.3333333333333333,0.19047619047619047,-0.14285714285714285,0.60819,0.50417,-0.10402,general
xref_adgm,8874e99271be8f43,0.49728,0.02826,-0.46902,0.49925,0.65495,0.1557,-0.1557,0.0,0.0,0.0,0.33268,0.12444,-0.20823999999999998,general
xref_adgm,893a7357cbd50351,0.10028,0.99031,0.89003,0.40307,0.091,-0.31206999999999996,0.31206999999999996,0.07142857142857142,0.07142857142857142,0.0,0.25621,0.65691,0.4007,task_aware
xref_adgm,8a04d72a26c939ba,0.5027,0.41673,-0.08597000000000005,0.31219,0.38403,0.07183999999999996,-0.07183999999999996,0.23809523809523808,0.3333333333333333,0.09523809523809523,0.4762,0.45534,-0.02085999999999999,general
xref_adgm,8b28c491ec2d0ab7,0.62348,0.36826,-0.25522000000000006,0.55218,0.38348,-0.16870000000000002,0.16870000000000002,0.2777777777777778,0.3333333333333333,0.055555555555555525,0.44969,0.43937,-0.010319999999999996,general
xref_adgm,8ce2259dc6e71b0d,0.91558,0.61555,-0.3000299999999999,0.97695,0.66191,-0.31504,0.31504,0.05714285714285714,0.05714285714285714,0.0,0.33192,0.33693,0.0050100000000000144,task_aware
xref_adgm,8d84991a5909587e,0.95591,0.95531,-0.0006000000000000449,0.22809,0.17317,-0.05492,0.05492,0.058823529411764705,0.058823529411764705,0.0,0.59555,0.61365,0.018100000000000005,task_aware
xref_adgm,8d918af3dcfbec2b,0.95928,0.96621,0.006929999999999992,0.95257,0.95964,0.007070000000000021,-0.007070000000000021,0.0,0.0,0.0,0.33557,0.33552,-4.999999999999449e-05,general
xref_adgm,8ed236ff338d88a3,0.34496,0.33306,-0.011899999999999966,0.36126,0.36369,0.0024299999999999877,-0.0024299999999999877,0.17647058823529413,0.23529411764705882,0.05882352941176469,0.38672,0.40155,0.01483000000000001,task_aware
xref_adgm,8ef4cfd7ebdaadf7,0.41074,0.46661,0.05587000000000003,0.09874,0.11901,0.02027000000000001,-0.02027000000000001,0.0,0.04,0.04,0.43733,0.46253,0.0252,task_aware
xref_adgm,8ff811107a4ee8b8,0.98707,0.92157,-0.0655,0.44047,0.27296,-0.16751,0.16751,0.14285714285714285,0.21428571428571427,0.07142857142857142,0.56315,0.62097,0.05781999999999998,task_aware
xref_adgm,91068642232852c9,0.04278,0.04278,0.0,0.99435,0.99435,0.0,0.0,0.0,0.0,0.0,0.01614,0.01614,0.0,equal
xref_adgm,9614c06e16c565d7,0.98317,0.94538,-0.03778999999999999,0.74468,0.4527,-0.29198,0.29198,0.05,0.05,0.0,0.4295,0.51423,0.08472999999999997,task_aware
xref_adgm,96d798bb5745edb9,0.72824,0.60112,-0.12712,0.26416,0.26102,-0.0031400000000000317,0.0031400000000000317,0.19047619047619047,0.14285714285714285,-0.047619047619047616,0.55152,0.49432,-0.05720000000000003,general
xref_adgm,96dd7fb90f0d4506,0.97808,0.97891,0.0008299999999999974,0.91453,0.91625,0.0017200000000000548,-0.0017200000000000548,0.0625,0.0625,0.0,0.37535,0.37505,-0.00030000000000002247,general
xref_adgm,9768a0d5bd65f445,0.1764,0.44604,0.26964,0.03382,0.25151,0.21769,-0.21769,0.0,0.0,0.0,0.38086,0.39818,0.017320000000000002,task_aware
xref_adgm,978b7fa6206ed99c,0.54769,0.69001,0.14232,0.24293,0.22666,-0.016270000000000007,0.016270000000000007,0.3,0.15,-0.15,0.53492,0.53778,0.0028600000000000847,task_aware
xref_adgm,97c7d3b7917440d4,0.98473,0.98289,-0.0018399999999999528,0.07801,0.08727,0.009260000000000004,-0.009260000000000004,0.1,0.1,0.0,0.66891,0.66521,-0.0037000000000000366,general
xref_adgm,97f881217fba3980,0.98065,0.99264,0.011989999999999945,0.02999,0.02222,-0.007769999999999999,0.007769999999999999,0.13333333333333333,0.13333333333333333,0.0,0.69466,0.70125,0.006589999999999985,task_aware
xref_adgm,98a0c2a7b4b027e1,0.58431,0.62287,0.03856000000000004,0.14852,0.18913,0.04060999999999998,-0.04060999999999998,0.05263157894736842,0.05263157894736842,0.0,0.49614,0.49546,-0.0006800000000000139,general
xref_adgm,99894eeeba28bd18,0.03001,0.33738,0.30737000000000003,0.99794,0.90163,-0.09631,0.09631,0.0,0.017857142857142856,0.017857142857142856,0.01069,0.1512,0.14051,task_aware
xref_adgm,99ca62611d077281,0.01283,0.01283,0.0,0.99697,0.99697,0.0,0.0,0.0,0.0,0.0,0.00529,0.00529,0.0,equal
xref_adgm,9cf3cc36724f6e0b,0.30296,0.67978,0.37682000000000004,0.46731,0.39172,-0.07558999999999999,0.07558999999999999,0.125,0.125,0.0,0.32022,0.47102,0.1508,task_aware
xref_adgm,9d1d0a043b577574,0.68938,0.49274,-0.19663999999999998,0.53134,0.51855,-0.012790000000000079,0.012790000000000079,0.2,0.13333333333333333,-0.06666666666666668,0.45268,0.36917,-0.08351000000000003,general
xref_adgm,9dcca7d2db679059,0.9324,0.74787,-0.18452999999999997,0.03501,0.02359,-0.01142,0.01142,0.15384615384615385,0.15384615384615385,0.0,0.68375,0.62604,-0.05770999999999993,general
xref_adgm,9eefde17032195be,0.98505,0.9888,0.003750000000000031,0.02918,0.06884,0.03966,-0.03966,0.10526315789473684,0.15789473684210525,0.05263157894736842,0.68704,0.69262,0.005580000000000029,task_aware
xref_adgm,9f077ab7df6c76ce,0.30249,0.41514,0.11265000000000003,0.82954,0.84485,0.015309999999999935,-0.015309999999999935,0.2857142857142857,0.3333333333333333,0.047619047619047616,0.25289,0.30121,0.048319999999999974,task_aware
xref_adgm,a0095772d4dac4c2,0.33654,0.01405,-0.32249,0.45494,0.78117,0.32623,-0.32623,0.05555555555555555,0.0,-0.05555555555555555,0.31239,0.07763,-0.23476,general
xref_adgm,a0cc497049092654,0.86406,0.99092,0.12685999999999997,0.79576,0.20517,-0.5905900000000001,0.5905900000000001,0.19047619047619047,0.23809523809523808,0.047619047619047616,0.41959,0.67462,0.25503,task_aware
xref_adgm,a1240196c395b5df,0.94004,0.98833,0.048290000000000055,0.46786,0.36913,-0.09872999999999998,0.09872999999999998,0.0,0.07142857142857142,0.07142857142857142,0.49073,0.56354,0.07281000000000004,task_aware
xref_adgm,a170ca398f931e20,0.96381,0.20398,-0.75983,0.53733,0.48322,-0.05410999999999999,0.05410999999999999,0.21428571428571427,0.5,0.2857142857142857,0.54692,0.40692,-0.13999999999999996,general
xref_adgm,a28ce7f4f87b2475,0.95783,0.78068,-0.17714999999999992,0.65426,0.79869,0.14443000000000006,-0.14443000000000006,0.3684210526315789,0.3684210526315789,0.0,0.55733,0.45014,-0.10719000000000001,general
xref_adgm,a2ab80afd91d9490,0.54775,0.30263,-0.24511999999999995,0.62198,0.80599,0.18401,-0.18401,0.15789473684210525,0.05263157894736842,-0.10526315789473684,0.36122,0.18309,-0.17812999999999998,general
xref_adgm,a3a19aa37566a2ea,0.04236,0.07144,0.02908,0.63637,0.99023,0.35386000000000006,-0.35386000000000006,0.15789473684210525,0.15789473684210525,0.0,0.18796,0.0797,-0.10826,general
xref_adgm,a3ffd8cba8b185ce,0.97869,0.88707,-0.09161999999999992,0.88315,0.70496,-0.17818999999999996,0.17818999999999996,0.0625,0.125,0.0625,0.38601,0.4357,0.049689999999999956,task_aware
xref_adgm,a46ea2a30ed4d228,0.98414,0.99085,0.006709999999999994,0.90761,0.12996,-0.7776500000000001,0.7776500000000001,0.16666666666666666,0.16666666666666666,0.0,0.4144,0.67585,0.26144999999999996,task_aware
xref_adgm,a4aa991b98964d24,0.65492,0.64892,-0.005999999999999894,0.97861,0.9702,-0.008410000000000029,0.008410000000000029,0.11764705882352941,0.11764705882352941,0.0,0.26465,0.26546,0.0008099999999999774,task_aware
xref_adgm,a691a85890c90a8b,0.95739,0.84947,-0.10792000000000002,0.07536,0.19722,0.12186000000000001,-0.12186000000000001,0.0,0.0,0.0,0.62734,0.55075,-0.07659000000000005,general
xref_adgm,a77cf33461eb98cb,0.0037,0.0037,0.0,0.99756,0.99756,0.0,0.0,0.0,0.0,0.0,0.00205,0.00205,0.0,equal
xref_adgm,a7f7d9d63f192560,0.74431,0.64638,-0.09793000000000007,0.54301,0.30038,-0.24263,0.24263,0.0,0.0,0.0,0.40043,0.44867,0.048240000000000005,task_aware
xref_adgm,a806d0f5b2bb456a,0.50656,0.52957,0.023009999999999975,0.0123,0.01952,0.007219999999999999,-0.007219999999999999,0.05263157894736842,0.05263157894736842,0.0,0.51563,0.52089,0.005259999999999931,task_aware
xref_adgm,a84bc92bd580b341,0.58402,0.26342,-0.3206,0.50402,0.62119,0.11717,-0.11717,0.2222222222222222,0.2777777777777778,0.05555555555555558,0.43407,0.30667,-0.1274,general
xref_adgm,a9bb1c749ea20148,0.67968,0.7605,0.08082,0.16562,0.01537,-0.15025,0.15025,0.08333333333333333,0.08333333333333333,0.0,0.53246,0.60949,0.07702999999999993,task_aware
xref_adgm,aaad912134041bf0,0.75843,0.04452,-0.71391,0.59548,0.91155,0.31606999999999996,-0.31606999999999996,0.20833333333333334,0.20833333333333334,0.0,0.45709,0.11377,-0.34332,general
xref_adgm,abf6ede439d25007,0.81099,0.71428,-0.09670999999999996,0.39292,0.18518,-0.20773999999999998,0.20773999999999998,0.0,0.05263157894736842,0.05263157894736842,0.47269,0.52724,0.05455000000000004,task_aware
xref_adgm,ac2ad7643441bccc,0.53794,0.78685,0.24891000000000008,0.67212,0.3557,-0.31642000000000003,0.31642000000000003,0.0625,0.1875,0.125,0.30944,0.53955,0.23010999999999998,task_aware
xref_adgm,ac78963db2794d3f,0.53623,0.50869,-0.02754000000000001,0.51646,0.45864,-0.05782000000000004,0.05782000000000004,0.07142857142857142,0.07142857142857142,0.0,0.36373,0.37383,0.010099999999999998,task_aware
xref_adgm,ac911a0eff9a4199,0.67075,0.80343,0.13268000000000002,0.69993,0.67232,-0.027610000000000023,0.027610000000000023,0.0,0.0,0.0,0.32361,0.37704,0.05342999999999998,task_aware
xref_adgm,ad1026071413b309,0.98898,0.99094,0.001960000000000073,0.53798,0.50266,-0.03532000000000002,0.03532000000000002,0.17647058823529413,0.23529411764705882,0.05882352941176469,0.54249,0.57452,0.03203,task_aware
xref_adgm,af0e15d9ff48ce4c,0.31745,0.44742,0.12996999999999997,0.85638,0.57456,-0.28182000000000007,0.28182000000000007,0.0,0.29411764705882354,0.29411764705882354,0.15369,0.38899,0.2353,task_aware
xref_adgm,afe9d027be4ce7a0,0.15626,0.4581,0.30184,0.98964,0.47889,-0.51075,0.51075,0.25,0.2857142857142857,0.0357142857142857,0.13887,0.42164,0.28277,task_aware
xref_adgm,b1ed7df0963fc81e,0.89561,0.48982,-0.40579000000000004,0.40393,0.62374,0.21980999999999995,-0.21980999999999995,0.0,0.0,0.0,0.49723,0.28869,-0.20854,general
xref_adgm,b324eeed3b2dbfb5,0.24632,0.7346,0.48828000000000005,0.03748,0.27168,0.23419999999999996,-0.23419999999999996,0.17647058823529413,0.35294117647058826,0.17647058823529413,0.46177,0.60529,0.14351999999999998,task_aware
xref_adgm,b41e7f623b67d9d8,0.9915,0.45978,-0.53172,0.75731,0.47613,-0.28118000000000004,0.28118000000000004,0.0,0.05,0.05,0.4114,0.34455,-0.06684999999999997,general
xref_adgm,b6590b94d1986b99,0.98073,0.80732,-0.17340999999999995,0.85728,0.37105,-0.48623000000000005,0.48623000000000005,0.0,0.0,0.0,0.37448,0.47876,0.10428000000000004,task_aware
xref_adgm,b69dd7a7e633b6f9,0.50514,0.49942,-0.005720000000000058,0.00827,0.0061,-0.002169999999999999,0.002169999999999999,0.1111111111111111,0.1111111111111111,0.0,0.53599,0.53481,-0.0011799999999999589,general
xref_adgm,b981783e270d7821,0.71901,0.72333,0.0043199999999999905,0.52718,0.53329,0.00611000000000006,-0.00611000000000006,0.35294117647058826,0.29411764705882354,-0.05882352941176472,0.51492,0.49472,-0.02020000000000005,general
xref_adgm,bcd44cff1647a1a6,0.67139,0.50506,-0.1663300000000001,0.69061,0.63364,-0.056969999999999965,0.056969999999999965,0.0,0.21428571428571427,0.21428571428571427,0.32693,0.3619,0.03497,task_aware
xref_adgm,bd0405258de7df11,0.94814,0.94855,0.00041000000000002146,0.88101,0.8463,-0.03470999999999991,0.03470999999999991,0.029411764705882353,0.029411764705882353,0.0,0.36551,0.37722,0.011709999999999998,task_aware
xref_adgm,bea6e45a2a20ac11,0.95319,0.98541,0.032220000000000026,0.33955,0.32435,-0.015199999999999991,0.015199999999999991,0.0,0.0,0.0,0.53788,0.55369,0.01580999999999999,task_aware
xref_adgm,bf8dbc85e9684e38,0.02205,0.02205,0.0,0.99373,0.99373,0.0,0.0,0.0,0.0,0.0,0.00944,0.00944,0.0,equal
xref_adgm,c043a71cc096f757,0.63916,0.96946,0.33030000000000004,0.83246,0.6249,-0.20755999999999997,0.20755999999999997,0.05555555555555555,0.1111111111111111,0.05555555555555555,0.28742,0.48522,0.19779999999999998,task_aware
xref_adgm,c2693bb49eec9c6a,0.02927,0.02927,0.0,0.9953,0.9953,0.0,0.0,0.0,0.0,0.0,0.01132,0.01132,0.0,equal
xref_adgm,c2bb7517cc0b1ee4,0.73992,0.31829,-0.42163,0.01495,0.00784,-0.00711,0.00711,0.2222222222222222,0.2222222222222222,0.0,0.64906,0.51089,-0.13817000000000002,general
xref_adgm,c38c53bc6aa9b238,0.58042,0.50894,-0.0714800000000001,0.8311,0.96893,0.13783,-0.13783,0.3333333333333333,0.3333333333333333,0.0,0.36088,0.29111,-0.06977,general
xref_adgm,c3983d4281f5ba86,0.53266,0.50239,-0.03027000000000002,0.1458,0.25694,0.11113999999999999,-0.11113999999999999,0.16666666666666666,0.16666666666666666,0.0,0.51784,0.47071,-0.04712999999999995,general
xref_adgm,c3a4e4c9912cb55a,0.31418,0.29747,-0.016710000000000003,0.51252,0.5057,-0.006819999999999937,0.006819999999999937,0.15,0.15,0.0,0.31722,0.31392,-0.003300000000000025,general
xref_adgm,c3a5f399228f92d1,0.37721,0.34136,-0.03584999999999999,0.50368,0.5371,0.033420000000000005,-0.033420000000000005,0.18181818181818182,0.13636363636363635,-0.04545454545454547,0.35178,0.31354,-0.038239999999999996,general
xref_adgm,c44365e0d9dd4298,0.65861,0.58672,-0.07189000000000001,0.6627,0.43857,-0.22412999999999994,0.22412999999999994,0.06666666666666667,0.13333333333333333,0.06666666666666667,0.35419,0.42716,0.07296999999999998,task_aware
xref_adgm,c560c33b034310f3,0.98547,0.97352,-0.011949999999999905,0.97127,0.95408,-0.017189999999999928,0.017189999999999928,0.29411764705882354,0.5294117647058824,0.23529411764705882,0.43611,0.51628,0.08016999999999996,task_aware
xref_adgm,c580189e439fdd82,0.68008,0.73318,0.053100000000000036,0.1394,0.4405,0.30110000000000003,-0.30110000000000003,0.07692307692307693,0.15384615384615385,0.07692307692307693,0.5392,0.48218,-0.057020000000000015,general
xref_adgm,c593222066d5ab12,0.93785,0.93784,-9.99999999995449e-06,0.49505,0.49768,0.002630000000000021,-0.002630000000000021,0.15789473684210525,0.05263157894736842,-0.10526315789473684,0.53356,0.4976,-0.03596000000000005,general
xref_adgm,c5f80a8277350ee7,0.69741,0.61244,-0.08496999999999999,0.49668,0.43354,-0.06314000000000003,0.06314000000000003,0.038461538461538464,0.038461538461538464,0.0,0.41306,0.40579,-0.007269999999999999,general
xref_adgm,c62b3b3fa31db5dc,0.81257,0.75068,-0.06189,0.46576,0.71637,0.25060999999999994,-0.25060999999999994,0.45,0.4,-0.04999999999999999,0.59894,0.4781,-0.12084,general
xref_adgm,c6390aefe37d2671,0.50046,0.33051,-0.16995,0.21476,0.6442,0.42944,-0.42944,0.14285714285714285,0.07142857142857142,-0.07142857142857142,0.47619,0.25258,-0.22360999999999998,general
xref_adgm,c831734019e38dc2,0.54065,0.54167,0.0010200000000000209,0.61944,0.52935,-0.09009,0.09009,0.16666666666666666,0.1111111111111111,-0.05555555555555555,0.36263,0.37448,0.011849999999999972,task_aware
xref_adgm,cbabd8404259bc1b,0.97171,0.98456,0.012850000000000028,0.01157,0.01238,0.00081,-0.00081,0.08333333333333333,0.08333333333333333,0.0,0.68116,0.68517,0.004009999999999958,task_aware
xref_adgm,cbc20707043b3b5b,0.01652,0.02315,0.0066300000000000005,0.01708,0.02328,0.006199999999999997,-0.006199999999999997,0.16666666666666666,0.16666666666666666,0.0,0.3887,0.38885,0.00014999999999998348,task_aware
xref_adgm,cc9478973f98f9c1,0.38107,0.43811,0.05703999999999998,0.1749,0.09068,-0.08422,0.08422,0.05,0.1,0.05,0.41872,0.48248,0.06376000000000004,task_aware
xref_adgm,cdd8767d5a5c8258,0.98374,0.98112,-0.0026199999999999557,0.06214,0.51088,0.44874,-0.44874,0.1,0.1,0.0,0.67387,0.52341,-0.15045999999999993,general
xref_adgm,ce29292de49da6ce,0.01866,0.08438,0.06572,0.9916,0.64532,-0.34628000000000003,0.34628000000000003,0.0,0.0,0.0,0.00902,0.14635,0.13733,task_aware
xref_adgm,ce798392b8c537b2,0.43749,0.28104,-0.15644999999999998,0.28823,0.428,0.13977,-0.13977,0.04878048780487805,0.04878048780487805,0.0,0.39935,0.30061,-0.09874,general
xref_adgm,cf879bc0110805f1,0.80492,0.75232,-0.05259999999999998,0.10807,0.52573,0.41766000000000003,-0.41766000000000003,0.06666666666666667,0.06666666666666667,0.0,0.58784,0.43109,-0.15675000000000006,general
xref_adgm,cf87b42f0fb57871,0.50704,0.79598,0.28894,0.21383,0.34057,0.12674,-0.12674,0.09523809523809523,0.09523809523809523,0.0,0.46282,0.51688,0.05406,task_aware
xref_adgm,cfd4b60c3e0a0714,0.55217,0.69747,0.14529999999999998,0.30177,0.00893,-0.29284,0.29284,0.10526315789473684,0.10526315789473684,0.0,0.45189,0.59793,0.14603999999999995,task_aware
xref_adgm,d06ef5b0ad02a0d5,0.56685,0.5747,0.007850000000000024,0.31399,0.27426,-0.03972999999999999,0.03972999999999999,0.13333333333333333,0.13333333333333333,0.0,0.46206,0.47792,0.015859999999999985,task_aware
xref_adgm,d0ba01534307f64d,0.35115,0.07983,-0.27132,0.68796,0.99592,0.30796,-0.30796,0.0,0.0,0.0,0.22106,0.02797,-0.19309,general
xref_adgm,d10ef9da03007818,0.61239,0.4735,-0.13889,0.68301,0.83634,0.15332999999999997,-0.15332999999999997,0.09090909090909091,0.045454545454545456,-0.045454545454545456,0.3401,0.22754,-0.11256000000000002,general
xref_adgm,d209423111601ae6,0.65937,0.9833,0.32392999999999994,0.95211,0.98075,0.02864,-0.02864,0.0,0.0,0.0,0.23575,0.33418,0.09842999999999999,task_aware
xref_adgm,d2db63ca767e2f99,0.8577,0.65294,-0.20476000000000005,0.69439,0.45004,-0.24434999999999996,0.24434999999999996,0.0,0.0,0.0,0.38777,0.40097,0.01319999999999999,task_aware
xref_adgm,d350ec23b14294f4,0.82406,0.89464,0.07057999999999998,0.80128,0.44475,-0.35653,0.35653,0.0,0.0625,0.0625,0.34093,0.50413,0.16319999999999996,task_aware
xref_adgm,d3b28b91666c85a8,0.50551,0.88535,0.37983999999999996,0.17088,0.61742,0.44653999999999994,-0.44653999999999994,0.13333333333333333,0.13333333333333333,0.0,0.48932,0.46709,-0.022229999999999972,general
xref_adgm,d3b792657587d724,0.5382,0.69933,0.16113,0.51036,0.58045,0.07008999999999999,-0.07008999999999999,0.25,0.25,0.0,0.42595,0.45629,0.030339999999999978,task_aware
xref_adgm,d83df3e055913084,0.36723,0.38668,0.019450000000000023,0.38309,0.34618,-0.03691,0.03691,0.041666666666666664,0.08333333333333333,0.041666666666666664,0.34194,0.37461,0.03266999999999998,task_aware
xref_adgm,d85055a0ad5ded82,0.51511,0.52387,0.00875999999999999,0.32161,0.07112,-0.25049,0.25049,0.0,0.0,0.0,0.39783,0.48425,0.08642,task_aware
xref_adgm,d88f6314a0e75736,0.94967,0.4768,-0.47287,0.66767,0.25063,-0.41703999999999997,0.41703999999999997,0.10526315789473684,0.15789473684210525,0.05263157894736842,0.46242,0.46135,-0.0010700000000000154,general
xref_adgm,d91580dae816cc66,0.67675,0.98959,0.31284,0.6755,0.57607,-0.09943000000000002,0.09943000000000002,0.0,0.07692307692307693,0.07692307692307693,0.33375,0.49681,0.16305999999999998,task_aware
xref_adgm,d94c1a1e59b8ac3b,0.88403,0.93045,0.04642000000000002,0.0309,0.03307,0.002170000000000002,-0.002170000000000002,0.0,0.0,0.0,0.61771,0.63246,0.01475000000000004,task_aware
xref_adgm,daed0cb28fe96f72,0.94954,0.90314,-0.0464,0.73824,0.59418,-0.14405999999999997,0.14405999999999997,0.2631578947368421,0.21052631578947367,-0.05263157894736842,0.49149,0.5065,0.015009999999999968,task_aware
xref_adgm,db02fc6e11476afb,0.98156,0.86216,-0.11939999999999995,0.57959,0.10005,-0.4795400000000001,0.4795400000000001,0.25,0.25,0.0,0.55066,0.6707,0.12003999999999992,task_aware
xref_adgm,dd42baac20bc0355,0.50591,0.50722,0.0013100000000000334,0.51358,0.54834,0.03476000000000001,-0.03476000000000001,0.23076923076923078,0.23076923076923078,0.0,0.4077,0.39655,-0.011149999999999993,general
xref_adgm,de7158b5abf68c42,0.08918,0.0447,-0.04448,0.27153,0.90414,0.6326100000000001,-0.6326100000000001,0.1,0.0,-0.1,0.30588,0.04685,-0.25903,general
xref_adgm,df17999c5fb1a018,0.53418,0.55535,0.021170000000000022,0.69937,0.6467,-0.052669999999999995,0.052669999999999995,0.24,0.24,0.0,0.35827,0.38288,0.02461000000000002,task_aware
xref_adgm,df912a39b990eb5a,0.63981,0.70846,0.06864999999999999,0.88188,0.76138,-0.12050000000000005,0.12050000000000005,0.0,0.0,0.0,0.25264,0.31569,0.06305000000000005,task_aware
xref_adgm,e01e9f1e9dd5fd16,0.34114,0.49712,0.15598,0.02464,0.38971,0.36507,-0.36507,0.08333333333333333,0.08333333333333333,0.0,0.46661,0.39691,-0.06970000000000004,general
xref_adgm,e119af858acb51cb,0.98569,0.97777,-0.007919999999999927,0.70743,0.92944,0.22201000000000004,-0.22201000000000004,0.13043478260869565,0.08695652173913043,-0.043478260869565216,0.46956,0.37843,-0.09112999999999999,general
xref_adgm,e1b134af9770f96d,0.51701,0.27302,-0.24398999999999998,0.04334,0.02829,-0.015049999999999997,0.015049999999999997,0.11764705882352941,0.17647058823529413,0.05882352941176472,0.53044,0.47373,-0.05671000000000004,general
xref_adgm,e2af457974759112,0.79565,0.98395,0.18830000000000002,0.02012,0.00933,-0.01079,0.01079,0.0,0.058823529411764705,0.058823529411764705,0.59184,0.67781,0.08596999999999999,task_aware
xref_adgm,e392bab2f7e4668f,0.9536,0.95321,-0.00039000000000000146,0.33529,0.42072,0.08543,-0.08543,0.05555555555555555,0.1111111111111111,0.05555555555555555,0.55796,0.54787,-0.010090000000000043,general
xref_adgm,e45aa9efdd15853b,0.04015,0.04429,0.004140000000000005,0.65319,0.7713,0.11810999999999994,-0.11810999999999994,0.08333333333333333,0.08333333333333333,0.0,0.15676,0.11877,-0.03799000000000001,general
xref_adgm,e497447bf4d38ab0,0.99131,0.98765,-0.0036599999999999966,0.789,0.92611,0.13710999999999995,-0.13710999999999995,0.08333333333333333,0.08333333333333333,0.0,0.42855,0.38162,-0.04692999999999997,general
xref_adgm,e534e7a14693fc5e,0.33895,0.5039,0.16495000000000004,0.08587,0.15976,0.07389000000000001,-0.07389000000000001,0.038461538461538464,0.038461538461538464,0.0,0.43051,0.46087,0.030359999999999998,task_aware
xref_adgm,e59a36b91d192ad0,0.4205,0.48392,0.06342000000000003,0.04259,0.15374,0.11114999999999998,-0.11114999999999998,0.0625,0.25,0.1875,0.48014,0.52673,0.04659000000000002,task_aware
xref_adgm,e62eb421d10237be,0.52083,0.41662,-0.10421000000000002,0.86525,0.6818,-0.18345,0.18345,0.2857142857142857,0.09523809523809523,-0.19047619047619047,0.31376,0.27669,-0.03706999999999999,general
xref_adgm,e69a523e5ce89bc5,0.13979,0.67408,0.53429,0.47434,0.53585,0.061510000000000065,-0.061510000000000065,0.04,0.04,0.0,0.23515,0.39274,0.15758999999999998,task_aware
xref_adgm,e6a47db19f3cda4a,0.50066,0.56029,0.05962999999999996,0.022,0.02181,-0.0001899999999999992,0.0001899999999999992,0.06666666666666667,0.0,-0.06666666666666667,0.51511,0.51283,-0.0022799999999999487,general
xref_adgm,e70258b6bc208bb5,0.72046,0.30153,-0.41892999999999997,0.63306,0.31984,-0.31321999999999994,0.31321999999999994,0.17647058823529413,0.17647058823529413,0.0,0.42129,0.38605,-0.035239999999999994,general
xref_adgm,e79618c95527cce1,0.93344,0.19198,-0.74146,0.51814,0.42171,-0.09643000000000007,0.09643000000000007,0.0,0.0,0.0,0.47177,0.25676,-0.21501000000000003,general
xref_adgm,e80462dddc67847e,0.10237,0.64207,0.5397000000000001,0.54686,0.64092,0.09406000000000003,-0.09406000000000003,0.1875,0.25,0.0625,0.24767,0.41705,0.16937999999999998,task_aware
xref_adgm,e9cc4e5cc75f92df,0.57178,0.52168,-0.05009999999999992,0.63071,0.70697,0.07626,-0.07626,0.38095238095238093,0.38095238095238093,0.0,0.44067,0.39855,-0.04211999999999999,general
xref_adgm,ed6df4622ea2281d,0.80755,0.53539,-0.27215999999999996,0.74738,0.40735,-0.34003000000000005,0.34003000000000005,0.19047619047619047,0.23809523809523808,0.047619047619047616,0.41688,0.45538,0.038500000000000034,task_aware
xref_adgm,efe9e731bf42813d,0.24851,0.1872,-0.06131,0.52712,0.51845,-0.008670000000000067,0.008670000000000067,0.25,0.0625,-0.1875,0.3238,0.24375,-0.08004999999999998,general
xref_adgm,f0366d4bd04d76d9,0.52607,0.54602,0.019949999999999912,0.47846,0.74594,0.26748000000000005,-0.26748000000000005,0.35294117647058826,0.29411764705882354,-0.05882352941176472,0.46685,0.36473,-0.10211999999999999,general
xref_adgm,f0b3aa79297f8b1e,0.78685,0.33997,-0.44688000000000005,0.61073,0.63228,0.021549999999999958,-0.021549999999999958,0.0,0.058823529411764705,0.058823529411764705,0.39204,0.2555,-0.13654,general
xref_adgm,f154238a2eddb2a5,0.98404,0.98373,-0.00031000000000003247,0.31983,0.38478,0.06495000000000001,-0.06495000000000001,0.09090909090909091,0.0,-0.09090909090909091,0.58504,0.53298,-0.052059999999999995,general
xref_adgm,f17ce7e88c36b226,0.64363,0.50017,-0.14346000000000003,0.43467,0.38862,-0.04604999999999998,0.04604999999999998,0.0,0.0625,0.0625,0.40299,0.39135,-0.01164000000000004,general
xref_adgm,f2b71512e675c005,0.50094,0.50214,0.0011999999999999789,0.57401,0.5439,-0.03010999999999997,0.03010999999999997,0.07142857142857142,0.07142857142857142,0.0,0.33279,0.34322,0.01043000000000005,task_aware
xref_adgm,f2e9af8a4a1e147c,0.57892,0.37294,-0.20598,0.16184,0.03558,-0.12626,0.12626,0.19047619047619047,0.23809523809523808,0.047619047619047616,0.53585,0.52515,-0.010700000000000043,general
xref_adgm,f4273e666bc17044,0.89097,0.91939,0.02842,0.93944,0.84596,-0.09348000000000001,0.09348000000000001,0.05555555555555555,0.05555555555555555,0.0,0.3357,0.37633,0.04063,task_aware
xref_adgm,f75202225ecff487,0.78339,0.71693,-0.06646000000000007,0.80475,0.71242,-0.09232999999999991,0.09232999999999991,0.043478260869565216,0.043478260869565216,0.0,0.34071,0.34933,0.008619999999999961,task_aware
xref_adgm,f82a45e3fcf01003,0.25963,0.49068,0.23104999999999998,0.6191,0.70285,0.08374999999999999,-0.08374999999999999,0.3076923076923077,0.3076923076923077,0.0,0.31607,0.36517,0.04909999999999998,task_aware
xref_adgm,f971ac5cc3e8f36b,0.407,0.75602,0.34902000000000005,0.7588,0.27596,-0.48284000000000005,0.48284000000000005,0.0,0.0,0.0,0.21607,0.49335,0.27727999999999997,task_aware
xref_adgm,f97f2e0cde585232,0.57172,0.09402,-0.4777,0.58125,0.4428,-0.13845000000000002,0.13845000000000002,0.3157894736842105,0.42105263157894735,0.10526315789473684,0.43542,0.35742,-0.07799999999999996,general
xref_adgm,f9c5f62b5e6793a8,0.97714,0.98438,0.007240000000000024,0.46955,0.29853,-0.17102,0.17102,0.1,0.1,0.0,0.53586,0.59528,0.05942000000000003,task_aware
xref_adgm,fa7fd8f4a6af7ff0,0.4579,0.06027,-0.39763,0.50376,0.50368,-7.999999999996898e-05,7.999999999996898e-05,0.06666666666666667,0.13333333333333333,0.06666666666666667,0.34027,0.22997,-0.11030000000000001,general
xref_adgm,fab5a7a3171dcb25,0.65966,0.53459,-0.12507000000000001,0.8256,0.93945,0.11385,-0.11385,0.22727272727272727,0.22727272727272727,0.0,0.35378,0.27414,-0.07963999999999999,general
xref_adgm,fad966085d2d52bf,0.24128,0.23692,-0.004360000000000003,0.34878,0.14314,-0.20564,0.20564,0.07142857142857142,0.14285714285714285,0.07142857142857142,0.32131,0.41221,0.09090000000000004,task_aware
xref_adgm,fc12fe9edf2636a3,0.88916,0.5309,-0.3582599999999999,0.10398,0.16128,0.057300000000000004,-0.057300000000000004,0.041666666666666664,0.041666666666666664,0.0,0.60895,0.47043,-0.13851999999999998,general
xref_adgm,fc4a4bacfaf37f0a,0.02853,0.02853,0.0,0.99401,0.99401,0.0,0.0,0.0,0.0,0.0,0.01151,0.01151,0.0,equal
xref_adgm,fd7ec84882de46a0,0.73229,0.3803,-0.35198999999999997,0.0319,0.61025,0.5783499999999999,-0.5783499999999999,0.07692307692307693,0.07692307692307693,0.0,0.59244,0.28232,-0.31011999999999995,general
xref_adgm,fdc605c4b56e7d1c,0.98945,0.99354,0.004089999999999927,0.98282,0.91391,-0.06891000000000003,0.06891000000000003,0.05263157894736842,0.05263157894736842,0.0,0.35309,0.37742,0.024329999999999963,task_aware
xref_adgm,fe1b5c9a36ded3fa,0.95582,0.95993,0.004109999999999947,0.79572,0.6754,-0.12031999999999998,0.12031999999999998,0.07692307692307693,0.07692307692307693,0.0,0.41234,0.45382,0.04148000000000002,task_aware
