qa_id,question,expected_answer,source_text,target_text,method,split,persona,corpus,sampling_regime,source_passage_pid,target_passage_pid,source_doc_id,target_doc_id,source_passage_label,target_passage_label,reference_text,reference_type,ReferenceText,ReferenceType,annotation_id,original_item_id,source_path,q_understandable,passage_relevance,explicit_citation,comment
51cefb12bc2986e7,"When the Regulator receives the relevant notice that would trigger informing Host Regulator(s) of an intent to use passporting procedures, in what circumstances must the Regulator refrain from sending that notice, and how does that affect the subsequent steps of publishing the Passported Fund’s details and notifying the Fund Manager once Host Regulator confirmation is received?","The Regulator’s obligation to notify Host Regulator(s) of its intent to use the passporting procedures is conditional: it must not send that notice if it considers the Fund Manager or the Private Fund is not compliant, or may become non-compliant, with applicable legislation (including these Rules), or if refraining is necessary and appropriate to advance one or more of the Regulator’s objectives. [#SRC:2f9bc2f5-72a6-45ee-8ec3-fac8a19ab60c] Where those conditions apply, the Regulator is required to refrain from transmitting the notice that would otherwise be sent within five Business Days of receiving the triggering notice, even though the general process contemplates providing that intent notice to the Host Regulator(s) in each relevant Host Jurisdiction where the Passported Fund is intended to be Promoted. [#TGT:49f2d65b-c143-456c-8e45-d05767ba59c7] Because the later steps are expressly tied to receiving confirmation from the Host Regulator(s) that their Register of Passported Funds has been updated, the Regulator would only proceed to (i) publish the Passported Fund’s details on the Register of Passported Funds and (ii) notify the Fund Manager that registration is complete after such Host Regulator confirmation occurs. [#TGT:49f2d65b-c143-456c-8e45-d05767ba59c7] In practical terms, if the Regulator must refrain from sending the intent notice due to the compliance/objectives grounds, the downstream publication and completion notification steps would not be reached through this pathway. [#SRC:2f9bc2f5-72a6-45ee-8ec3-fac8a19ab60c] [#TGT:49f2d65b-c143-456c-8e45-d05767ba59c7]","The Regulator shall not transmit a notice under Rule 3.1.4‎(a):
(a)	if it considers that the Fund Manager or the Private Fund does not comply with, or it has reasonable grounds for determining that the Fund Manager or the Private Fund may in the future not comply with, applicable legislation including these Rules; or
(b)	if it considers that it is necessary and appropriate to refrain from doing so in order to further one or more of its objectives.","The Regulator shall:
(a)	Within five Business Days of receipt of the notice set out in Rule 3.1.2, and subject to Rule 3.1.5, provide notice of the intent to use the passporting procedures under these Rules to the Host Regulator(s) in the relevant Host Jurisdiction(s) where the Passported Fund is intended to be Promoted; and
(b)	promptly following confirmation from the relevant Host Regulator(s) that its respective Register of Passported Funds has been updated to include the details of the Passported Fund:
(i)	publish the details of the Passported Fund on the Register of Passported Funds; and
(ii)	notify the Fund Manager that registration on the Register of Passported Funds is complete.",DPEL,,professional,ADGM,mixed_difficulty,2f9bc2f5-72a6-45ee-8ec3-fac8a19ab60c,49f2d65b-c143-456c-8e45-d05767ba59c7,,,3.1.5,3.1.4,,,,,HV0001,51cefb12bc2986e7,ObliQA-XRef_Out_Datasets/final_large_merged/ObliQA-XRef-ADGM-ALL/final.jsonl,,,,
486dfdce3e64d73f,"When a Payment Order for an individual Payment Transaction is sent using a Payment Instrument issued under a Framework Contract, what information must the Payment Service Provider still provide immediately after initiation to the Payer (and where applicable the Payee), and what category of information may it omit because another Payment Service Provider has provided or will provide it under the Framework Contract?","For an individual Payment Transaction initiated by a Payment Order, the Payment Service Provider must, immediately after initiation, provide or make available specific transaction-level details to the Payer and, where applicable, to the Payee. [#SRC:a48a07c2-0731-4505-939e-07110e2af622] This includes confirmation that initiation with the Payer’s Payment Service Provider was successful, a reference that lets the Payer and Payee identify the Payment Transaction (including identifying the Payer and Payee and, where appropriate, information transferred with the Payment Order), the transaction amount in the currency used, any charges payable (and where applicable a breakdown in the Payment Order currency), exchange-rate information where currency conversion is used (including the actual rate or a reference to it and the post-conversion amount), the date the Payment Service Provider received the Payment Order, and the Credit Value Date. [#SRC:a48a07c2-0731-4505-939e-07110e2af622] However, where that Payment Order is transmitted via a Payment Instrument issued under a Framework Contract, the Payment Service Provider for that single Payment Transaction does not have to provide the general information that another Payment Service Provider has provided or will provide in relation to the Framework Contract. [#TGT:c337e2ea-0d58-45b9-970f-810639f88bf2]","Subject to Rule 19.5.3, a Payment Service Provider must provide or make available to the Payer and, where applicable, to the Payee, immediately after the initiation of a Payment Order:
(a)	confirmation of the successful initiation of the Payment Order with the Payer’s Payment Service Provider;
(b)	a reference enabling the Payer and the Payee to identify the Payment Transaction, including the Payer and Payee, and, where appropriate, any information transferred with the Payment Order;
(c)	the amount of the Payment Transaction, in the currency used in the Payment Order;
(d)	the amount of any charges payable in relation to the Payment Transaction and, where applicable, a breakdown of the amounts of such charges expressed in the currency of the Payment Order;
(e)	where an exchange rate is used in the Payment Transaction the actual rate used or a reference to it, and the amount of the Payment Transaction after that currency conversion;
(f)	the date on which the Payment Service Provider received the Payment Order; and
(g)	the Credit Value Date.","Where a Payment Order for an individual Payment Transaction is transmitted by way of a Payment Instrument issued under a Framework Contract, the Payment Service Provider in respect of that single Payment Transaction need not provide or make available under Rule 19.5.1 the general information which has been provided or will be provided under Section 19.2 by another Payment Service Provider in respect of a Framework Contract.",DPEL,,professional,ADGM,mixed_difficulty,a48a07c2-0731-4505-939e-07110e2af622,c337e2ea-0d58-45b9-970f-810639f88bf2,,,19.5.1,19.5.3,,,,,HV0002,486dfdce3e64d73f,ObliQA-XRef_Out_Datasets/final_large_merged/ObliQA-XRef-ADGM-ALL/final.jsonl,,,,
1171eaecafc1ce10,"When an Applicant/Authorised Person is pursuing a change such as migrating an MTF to become a conventional Securities Recognised Investment Exchange, and the Regulator expects substantial additional costs or effort in dealing with the related application or authorisation, what fee consequences can be imposed and what engagement is recommended?","If the circumstances create a substantial additional regulatory burden or substantial additional costs/effort for the Regulator in handling the matter, the Regulator can require payment of an extra fee on top of other fees. [#SRC:43df6a6a-29a3-4dca-8203-57b209ce85cc] [#TGT:64a0df5a-e946-4496-9fd3-244340c2a080] This can arise where the Regulator expects to incur substantial additional costs or expend substantial additional effort in dealing with an application, authorisation, filing, or during on-going supervision. [#TGT:64a0df5a-e946-4496-9fd3-244340c2a080] In the specific example of migrating an MTF to become a conventional Securities Recognised Investment Exchange, the FSRA indicates that such a scenario can be one where additional fees may be imposed because of the added regulatory burden. [#SRC:43df6a6a-29a3-4dca-8203-57b209ce85cc] In those circumstances, the FSRA recommends that the Applicant/Authorised Person proactively discuss the fee implications with the FSRA as early as practicable, rather than waiting until later in the process. [#SRC:43df6a6a-29a3-4dca-8203-57b209ce85cc]","FEES
Cumulative application of Fees
Pursuant to FEES Rule 1.2.4, the FSRA reserves its right to impose additional fees in circumstances where a ‘substantial additional’ regulatory burden is imposed on FSRA. In such circumstances, including the migration of an MTF to become a conventional ‘Securities’ Recognised Investment Exchange, the FSRA recommends that the Applicant/Authorised Person discuss FEE implications with the FSRA as early as practicable.","Supplementary fees
The Regulator may require a Person to pay to the Regulator a supplementary fee in circumstances where it expects to incur substantial additional costs or expend substantial additional effort in dealing with an application, authorisation, filing or when conducting on-going supervision.",DPEL,,professional,ADGM,mixed_difficulty,43df6a6a-29a3-4dca-8203-57b209ce85cc,64a0df5a-e946-4496-9fd3-244340c2a080,,,187),1.2.4,,,,,HV0003,1171eaecafc1ce10,ObliQA-XRef_Out_Datasets/final_large_merged/ObliQA-XRef-ADGM-ALL/final.jsonl,,,,
899e964325c9691b,"For a Customer that is not a Natural Person, if the Customer and the Third Party Provider have agreed in writing to change the time period for notifying unauthorised or incorrectly executed Payment Transactions, how does that interact with the Customer’s entitlement to redress when the Third Party Provider did not provide or make available information about the Third Party Transaction as required?","If the Customer is not a Natural Person, the Customer and the Third Party Provider can, by written agreement, set a different notification time period for unauthorised or incorrectly executed Payment Transactions for the purposes of the notification time period that would otherwise apply. [#SRC:10510c2c-99d3-4cba-bac5-61cda5d00d44] Separately, where the Third Party Provider has not provided or made available information about the Third Party Transaction in the required manner, the Customer remains entitled to redress even if the Customer did not notify the Third Party Provider within the notification time period that would otherwise be applicable. [#TGT:e0ee4cf0-d2ae-4d3b-8012-62c5be6043a7] Taken together, this means that a written agreement changing the notification time period does not remove the Customer’s ability to obtain redress in the specific circumstance where the Third Party Provider’s failure relates to providing or making available the required transaction information. [#SRC:10510c2c-99d3-4cba-bac5-61cda5d00d44] [#TGT:e0ee4cf0-d2ae-4d3b-8012-62c5be6043a7] In practice, the Customer’s entitlement to redress in that information-failure scenario applies even if the Customer misses the otherwise-applicable notification deadline, including where that deadline has been altered by written agreement for this type of Customer. [#SRC:10510c2c-99d3-4cba-bac5-61cda5d00d44] [#TGT:e0ee4cf0-d2ae-4d3b-8012-62c5be6043a7]","Where the Customer is not a Natural Person, the Customer and the Third Party Provider may agree in writing that the following Rules do not apply:
(a)	Rules 20.2.15 and 20.2.16 (charges for information);
(b)	Rule 20.7.3 and 20.7.4 (withdrawal of consent);
(c)	Rule 20.8.2 (revocation of a Payment Order);
(d)	Rules 20.10.1 and 20.10.2 (requests for refund);
(e)	Rule 20.11.1 (evidence on authentication and execution);
(f)	Rule 20.12.5 (liability for charges); and
the parties may agree that a different time period applies concerning unauthorised or incorrectly executed Payment Transactions for the purposes of Rule 20.10.1.","Where the Third Party Provider has failed to provide or make available information concerning the Third Party Transaction in accordance with Section 20.3, the Customer is entitled to redress even if the Customer has failed to notify the Third Party Provider within the time period set out in Rule 20.10.1.",DPEL,,professional,ADGM,mixed_difficulty,10510c2c-99d3-4cba-bac5-61cda5d00d44,e0ee4cf0-d2ae-4d3b-8012-62c5be6043a7,,,20.4.1,20.10.2,,,,,HV0004,899e964325c9691b,ObliQA-XRef_Out_Datasets/final_large_merged/ObliQA-XRef-ADGM-ALL/final.jsonl,,,,
9d433957cee557b9,"When an Authorised Person wants to treat Exposures as collateralised using cash received under a CLN it issued, or using loans and Deposits of a Counterparty that are subject to an on balance sheet Netting agreement, what conditions must be satisfied before the Authorised Person can recognise the effects of CRM for that Collateral?","An Authorised Person may treat Exposures as collateralised only if the relevant CRM conditions are met, including where the collateral consists of cash received under a CLN issued by the Authorised Person or loans and Deposits of a Counterparty to or with the Authorised Person that are subject to an on balance sheet Netting agreement recognised for CRM purposes. [#SRC:558596ee-af40-4c07-8067-9c5c25eebaa5] Before recognising the effects of CRM of any such Collateral, the Authorised Person must ensure specific recognition requirements are satisfied. [#TGT:cb37e5c4-ed71-4523-8fb8-da4fbc7eecf1] These include having a legal mechanism that gives the Authorised Person timely rights to liquidate or take legal possession upon the Counterparty’s default/insolvency (and, if applicable, the custodian’s credit event), and taking all steps needed under applicable law to obtain and maintain an enforceable security interest (including registration where relevant) or to exercise netting/set-off rights for title transfer collateral. [#TGT:cb37e5c4-ed71-4523-8fb8-da4fbc7eecf1] The Authorised Person must also ensure there is no material positive correlation between Counterparty credit quality and Collateral value, exclude Securities issued by the Counterparty or any Closely Related Counterparty, implement procedures for timely liquidation that observe legal default conditions, and—if a custodian holds the Collateral—take reasonable steps to ensure segregation from the custodian’s own assets. [#TGT:cb37e5c4-ed71-4523-8fb8-da4fbc7eecf1]",An Authorised Person can only treat Exposures as collateralised provided the conditions of Rules 4.13.5 to 4.13.8 (relating to CRM) are met. Item (d) also includes cash received under a CLN issued by the Authorised Person and loans and Deposits of a Counterparty to or with the Authorised Person which are subject to an on balance sheet Netting agreement recognised under Section 4.13 (CRM).,"Requirements for Recognition of Collateral. An Authorised Person must ensure that the following requirements are complied with before it recognises the effects of CRM of any Collateral:
(a)	the legal mechanism by which Collateral is pledged, assigned or transferred must confer on the Authorised Person the right to liquidate or take legal possession of the Collateral, in a timely manner, in the event of the default, insolvency or bankruptcy (or one or more otherwise defined credit events set out in the transaction documentation) of the Counterparty (and, where applicable, of the custodian holding the Collateral);
(b)	the Authorised Person has taken all steps necessary to fulfil those requirements under the law applicable to the Authorised Person's interest in the Collateral for obtaining and maintaining an enforceable security interest by registering it with a registrar or for exercising a right to net or set off in relation to title transfer Collateral;
(c)	the credit quality of the Counterparty and the value of the Collateral do not have a material positive correlation;
(d)	Securities issued by the Counterparty or any Closely Related Counterparty are not eligible;
(e)	the Authorised Person has implemented procedures for the timely liquidation of Collateral to ensure that any legal conditions required for declaring default of Counterparty and liquidating the Collateral are observed, and that the Collateral can be liquidated promptly; and
(f)	where the Collateral is held by a custodian, the Authorised Person has taken reasonable steps to ensure that the custodian segregates the Collateral from its own assets.",DPEL,,professional,ADGM,mixed_difficulty,558596ee-af40-4c07-8067-9c5c25eebaa5,cb37e5c4-ed71-4523-8fb8-da4fbc7eecf1,,,APP4.A4.11.1.Guidance.2.,4.13.8,,,,,HV0005,9d433957cee557b9,ObliQA-XRef_Out_Datasets/final_large_merged/ObliQA-XRef-ADGM-ALL/final.jsonl,,,,
8c6e94dd4640227e,"When an Authorised Person is considering a guarantee as credit risk mitigation for a credit risk exposure to a multilateral development bank, what conditions must be met for the guarantee to be eligible for recognition, and what risk weight must be applied to the exposure if the MDB is one of the qualifying institutions listed (for example, IBRD/IFC/MIGA within the World Bank Group)?","For a guarantee to be recognised as credit risk mitigation, the Authorised Person may only recognise its effects if the guarantor is within the permitted set of entities (including a central government or central bank, a PSE, qualifying banks and Securities firms, or another entity with an external credit assessment from a recognised credit rating agency mapping to Credit Quality Grade 3 or better). [#SRC:281505d3-a15a-449a-9095-dc247d0e2e5d] Separately, where the credit risk exposure is to a qualifying multilateral development bank in the specified list, the Authorised Person must apply a 0% risk weight to that credit risk exposure. [#TGT:aed2a764-3ad1-4646-bf24-f6416556ffb4] This means that, in the scenario described, the compliance analysis has two linked steps: first confirm the guarantor meets one of the eligibility categories for recognising the guarantee’s CRM effect; then, if the exposure is to a listed qualifying MDB (such as the World Bank Group entities IBRD, MIGA, and IFC), apply the mandated 0% risk weight to the exposure. [#SRC:281505d3-a15a-449a-9095-dc247d0e2e5d] [#TGT:aed2a764-3ad1-4646-bf24-f6416556ffb4]","An Authorised Person may recognise the effects of CRM of a guarantee only if it is provided by any of the following entities:
(a)	central government or central bank;
(b)	MDB referred to in Rule 4.12.8;
(c)	International Organisations referred to in Rule 4.12.9;
(d)	PSE;
(e)	banks and Securities firms which qualify for inclusion in bank asset class; or
(f)	any other entity that has an external credit assessment from a recognised credit rating agency that maps to a Credit Quality Grade 3 or better.","Multilateral development bank (MDB) asset class. An Authorised Person must apply a 0% risk weight to any CR Exposure to the qualifying MDBs set out below:
(a)	The World Bank Group comprised of the International Bank for Reconstruction and Development (IBRD), the Multilateral Investment Guarantee Agency (MIGA), and the International Finance Corporation (IFC);
(b)	The Asian Development Bank (ADB);
(c)	The African Development Bank (AfDB);
(d)	The European Bank for Reconstruction and Development (EBRD);
(e)	The Inter American Development Bank (IADB);
(f)	The European Investment Bank (EIB);
(g)	The European Investment Fund (EIF);
(h)	The Nordic Investment Bank (NIB);
(i)	The Caribbean Development Bank (CDB);
(j)	The Islamic Development Bank (IDB); and
(k)	The Council of Europe Development Bank (CEDB).",DPEL,,professional,ADGM,mixed_difficulty,281505d3-a15a-449a-9095-dc247d0e2e5d,aed2a764-3ad1-4646-bf24-f6416556ffb4,,,4.13.9.(1),4.12.8,,,,,HV0006,8c6e94dd4640227e,ObliQA-XRef_Out_Datasets/final_large_merged/ObliQA-XRef-ADGM-ALL/final.jsonl,,,,
82d2843886eaf674,"When an annual designation fee is due partway through a calendar year, how should the payable amount be calculated and by when must the initial annual fee be paid to the Regulator?","If the annual designation fee becomes due during the calendar year, the amount payable is not the full-year amount; it is a portion calculated by reference to how many months remain until the end of that calendar year. [#SRC:94b3f85d-c033-41a3-a884-c873899c049f] In that same situation, the initial annual fee must still be paid in full (as calculated on that prorated basis) to the Regulator within twenty days from the date the fee becomes due. [#TGT:b8f50488-8fd2-4f32-a6c6-d841b3c60c37] Practically, this means you first determine the prorated portion by counting the months remaining to year-end, and then you ensure the resulting prorated amount is remitted to the Regulator no later than the twentieth day after the due date. [#SRC:94b3f85d-c033-41a3-a884-c873899c049f] [#TGT:b8f50488-8fd2-4f32-a6c6-d841b3c60c37] This timing-and-calculation approach applies specifically to the initial annual fee that is prorated for the remainder of the calendar year, distinguishing it from later annual fees that relate to a period commencing on 1 January. [#TGT:b8f50488-8fd2-4f32-a6c6-d841b3c60c37]","In accordance with Rule 1.2.2, for Rule 10.2.1(a) the portion due of the annual designation fee is to be based on the number of months remaining until the end of the calendar year.","In regard to fees payable on an annual basis pursuant to these Rules:
(a)	the initial annual fee must be paid in full to the Regulator within twenty days of the date on which the fee becomes due, prorated for the remainder of the calendar year; and
(b)	subsequent annual fees for the period commencing 1 January are payable in advance and must be paid in full to the Regulator on or before 31 January of the calendar year to which the fee relates.",DPEL,,professional,ADGM,mixed_difficulty,94b3f85d-c033-41a3-a884-c873899c049f,b8f50488-8fd2-4f32-a6c6-d841b3c60c37,,,10.2.1.Guidance,1.2.2,,,,,HV0007,82d2843886eaf674,ObliQA-XRef_Out_Datasets/final_large_merged/ObliQA-XRef-ADGM-ALL/final.jsonl,,,,
536f2d2c37481d91,"When a PFP Operator publishes information for a PFP Prospect and later there is a material change, what must the PFP Operator do to update that published information and notify PFP Clients, and how does that interact with the PFP Operator’s record-keeping duties for disclosures and related transaction documentation?","A PFP Operator must treat a material change as triggering both an updating/notification obligation and a related retention obligation. Specifically, the PFP Operator must update the information it has published so that it reflects the material change, and it must also give PFP Clients notice of that material change within a reasonable timeframe after the change occurs. [#TGT:40149b11-dcb8-48a6-ab09-8d8c37923183] In parallel, the PFP Operator must maintain and keep records for at least six years that include all disclosures made under the same disclosure framework used for the published information, as well as all documentation exchanged between PFP Client(s), any Body Corporate established by the PFP Operator to facilitate a transaction, and the PFP Prospect. [#SRC:94d5a3fb-7438-42dd-8c48-70588f3d0dd7] This means that, when the published information is updated and clients are notified, the operator should ensure those disclosure-related materials and the associated communications/documentation connected to the PFP Prospect are retained for the minimum six-year period. [#SRC:94d5a3fb-7438-42dd-8c48-70588f3d0dd7] The retention duty also extends to keeping a record of the due diligence undertaken under the applicable due diligence requirement. [#SRC:94d5a3fb-7438-42dd-8c48-70588f3d0dd7]","A PFP Operator must, for a minimum of six years, maintain and keep a record of:
(a)	all disclosures made in accordance with Rules 18.5.1 and 18.5.2;
(b)	all documentation between PFP Client(s), any Body Corporate established by the PFP Operator to facilitate a transaction, and the PFP Prospect; and
(c)	the due diligence undertaken in accordance with Rule 18.4.1.",A PFP Operator must ensure that the information published in accordance with Rule 18.5.1 is updated to reflect material changes and notice of such material change is provided to PFP Clients within a reasonable timeframe following such change.,DPEL,,professional,ADGM,mixed_difficulty,94d5a3fb-7438-42dd-8c48-70588f3d0dd7,40149b11-dcb8-48a6-ab09-8d8c37923183,,,18.7.1,18.5.2,,,,,HV0008,536f2d2c37481d91,ObliQA-XRef_Out_Datasets/final_large_merged/ObliQA-XRef-ADGM-ALL/final.jsonl,,,,
85c7a88a32028ce9,"How should an Authorised Person determine whether it falls within Category 2 or Category 3A when its Financial Services Permission includes Dealing in Investments as Principal and/or Dealing in Investments as Agent, including the case where principal dealing is only as a Matched Principal and the case where agent dealing is wholly incidental to Managing an Investment Fund or Managing Assets?","To classify the Authorised Person, first distinguish whether any permission to deal as principal is unrestricted or limited to matched-principal dealing, and then confirm whether any exclusion from other categories applies. If the Financial Services Permission authorises Providing Credit or Dealing in Investments as Principal other than as Matched Principal, and the dealing activities are not limited in scope as described, the Authorised Person is treated as Category 2 provided it also does not meet the criteria of Categories 1 or 5. [#SRC:6737c8c3-06cb-4da7-bbcd-9e8650ecf66f] In contrast, Category 3A applies where the permission covers Dealing in Investments as Principal only as a Matched Principal and/or Dealing in Investments as Agent, and the Authorised Person does not meet the criteria of Categories 1, 2 or 5. [#TGT:458af530-cdd6-42ca-a3ca-ef81822f63df] As an explicit linkage, even if the Authorised Person has permission for Dealing in Investments as Agent (a Category 3A-type activity), where it carries out that agent dealing wholly incidentally to Managing an Investment Fund or Managing Assets, it is regarded as falling within Category 3C rather than being treated solely by reference to the Category 3A permission description. [#SRC:6737c8c3-06cb-4da7-bbcd-9e8650ecf66f] Accordingly, matched-principal-only dealing supports Category 3A unless Category 3C treatment applies due to wholly incidental agent dealing, while non-matched-principal dealing supports Category 2 if the other stated conditions are met. [#SRC:6737c8c3-06cb-4da7-bbcd-9e8650ecf66f] [#TGT:458af530-cdd6-42ca-a3ca-ef81822f63df]","An Authorised Person is in Category 2 if:
(a)	its Financial Services Permission authorises it to carry on one or both of the Regulated Activities of Providing Credit or Dealing in Investments as Principal (not as Matched Principal);
(b)	its dealing activities are not limited in scope as provided in Rule 1.3.3(1)(a)(i); and
(c)	it does not meet the criteria of Categories 1 or 5.
Category 3A
Guidance
A Category 3A Authorised Person may be authorised to conduct other Regulated Activities, but it is the authorisation for Dealing in Investments as Agent and the absence of authorisation for the activities specified in Rules 1.3.1 and 1.3.2 that are determinative of its belonging to Category 3A. Provided that an Authorised Person carries out the Regulated Activity of Dealing in Investments as Agent in a manner that is wholly incidental to the activity of Managing an Investment Fund or Managing Assets, the Authorised Person shall be regarded as falling within Category 3C.","An Authorised Person is in Category 3A if:
(a)	its Financial Services Permission authorises it to carry on one or more of the Regulated Activities of:
(i)	Dealing in Investments as Principal (where it does so only as a Matched Principal); or
(ii)	Dealing in Investments as Agent; and
(b)	it does not meet the criteria of Categories 1, 2 or 5.",DPEL,,professional,ADGM,mixed_difficulty,6737c8c3-06cb-4da7-bbcd-9e8650ecf66f,458af530-cdd6-42ca-a3ca-ef81822f63df,,,1.3.2,1.3.3.(1),,,,,HV0009,85c7a88a32028ce9,ObliQA-XRef_Out_Datasets/final_large_merged/ObliQA-XRef-ADGM-ALL/final.jsonl,,,,
40f73736e9dd62ec,"When a Recognised Investment Exchange uses a Price Reporting Agency for establishing prices of a Financial Instrument, what ongoing review arrangements must the Recognised Investment Exchange maintain, and what specific operational and governance features must the Price Reporting Agency continue to satisfy for that review to be meaningful?","A Recognised Investment Exchange must maintain arrangements that periodically reassess whether the Price Reporting Agency still satisfies the applicable requirements, rather than treating the agency’s status as a one-time determination. [#SRC:7728ff1d-b279-4806-b3fd-13f3e8a34e79] To make that ongoing review meaningful, the Recognised Investment Exchange’s review should be capable of checking that the Price Reporting Agency continues to meet the required features, including: having public, fair, and non-discriminatory procedures for establishing prices of a Financial Instrument; providing sufficient transparency about methodology, calculations, and inputs so users can understand how a benchmark or index is derived and its limitations; and, where appropriate, prioritising concluded transactions while taking measures to reduce selective reporting. [#TGT:8a81e6cb-f1f1-4988-af97-f966f288017a] The review should also cover whether the agency remains independent and reputable, maintains a sound corporate governance framework, has arrangements to prevent staff conflicts of interest that could materially harm the price establishment process, and operates adequate mechanisms to resolve complaints about its assessment process and methodology. [#TGT:8a81e6cb-f1f1-4988-af97-f966f288017a] In practice, the Recognised Investment Exchange’s arrangements must be set up to revisit these criteria regularly to confirm continued compliance over time. [#SRC:7728ff1d-b279-4806-b3fd-13f3e8a34e79]",A Recognised Investment Exchange must have arrangements in place to regularly review whether a Price Reporting Agency continues to meet the requirements of Rule 3.11.2.,"For the purposes of Rules 3.11.1 and 3.11.3, a Price Reporting Agency must:
(a)	have fair and non-discriminatory procedures for establishing prices of a Financial Instrument, which are made public;
(b)	demonstrate adequate and appropriate transparency over the methodology, calculation and inputs to allow users to understand how the benchmark or index is derived and its potential limitations;
(c)	where appropriate, give priority to concluded transactions in making assessments and adopt measures to minimise selective reporting;
(d)	be of good standing and repute as an independent and objective price reporting agency or index provider;
(e)	have a sound corporate governance framework;
(f)	have adequate arrangements to avoid its staff having any conflicts of interest where such conflicts are, or are likely to have, a material adverse impact on a price establishment process; and
(g)	adequate complaint resolution mechanisms to resolve any complaints about its assessment process and methodology.",DPEL,,professional,ADGM,mixed_difficulty,7728ff1d-b279-4806-b3fd-13f3e8a34e79,8a81e6cb-f1f1-4988-af97-f966f288017a,,,3.11.3,3.11.2,,,,,HV0010,40f73736e9dd62ec,ObliQA-XRef_Out_Datasets/final_large_merged/ObliQA-XRef-ADGM-ALL/final.jsonl,,,,
6697fc0bf46b866e,How should an Authorised Person calculate the annual supervision fees payable to the Regulator when it both (i) operates as a Cell Company with multiple Cells and (ii) holds a Financial Services Permission to carry on Effecting Contracts of Insurance and/or Carrying Out Contracts of Insurance as a Captive Insurer or an Insurance Special Purpose Vehicle?,"An Authorised Person in this combined situation must treat the annual supervision fee as the sum of two distinct fee components that apply on different bases: one tied to operating as a Cell Company (including a per-Cell amount) and another tied to carrying on specified insurance activities as a Captive Insurer or an Insurance Special Purpose Vehicle. [#SRC:3256d044-7e1a-46ff-82d5-db50175eae7b] [#TGT:9240b52a-9167-41c8-a2aa-aba636e47579] First, if the Authorised Person operates as a Cell Company, it must pay an additional annual supervision fee of $8,000 for the Cell Company itself, plus $1,000 for each Cell it has. [#SRC:3256d044-7e1a-46ff-82d5-db50175eae7b] Second, if the Authorised Person has a Financial Services Permission to carry on either one or both of the Regulated Activities of Effecting Contracts of Insurance or Carrying Out Contracts of Insurance as a Captive Insurer or an Insurance Special Purpose Vehicle, it must pay an annual supervision fee of $5,000 covering either or both of those Regulated Activities. [#TGT:9240b52a-9167-41c8-a2aa-aba636e47579] Accordingly, the total annual supervision fees payable to the Regulator are calculated by adding the Cell Company amount ($8,000 + $1,000 per Cell) to the $5,000 amount applicable to the permitted captive/insurance special purpose vehicle activities. [#SRC:3256d044-7e1a-46ff-82d5-db50175eae7b] [#TGT:9240b52a-9167-41c8-a2aa-aba636e47579]","Cell Companies. An Authorised Person under Rule 3.11.2 or Rule 3.11.4 that operates as a Cell Company must pay to the Regulator an additional annual supervision fee of $8,000 for the Cell Company plus $1,000 for each Cell.","Captive Insurers and Insurance Special Purpose Vehicles. An Authorised Person with a Financial Services Permission to carry on either one or both of the Regulated Activities of Effecting Contracts of Insurance or Carrying Out Contracts of Insurance as a Captive Insurer or an Insurance Special Purpose Vehicle must pay to the Regulator an annual supervision fee of $5,000 for either or both Regulated Activities.",DPEL,,professional,ADGM,mixed_difficulty,3256d044-7e1a-46ff-82d5-db50175eae7b,9240b52a-9167-41c8-a2aa-aba636e47579,,,3.11.6,3.11.4,,,,,HV0011,6697fc0bf46b866e,ObliQA-XRef_Out_Datasets/final_large_merged/ObliQA-XRef-ADGM-ALL/final.jsonl,,,,
88b9c6fa0ca55fb3,"If an Originator provides non-contractual support to a securitisation transaction in order to reduce investors’ potential or actual losses beyond what the transaction documents require, what compliance consequences and investor-facing disclosures apply, including how the Originator must treat the underlying Exposures and any gain on sale?","Providing non-contractual support to a securitisation transaction to reduce investors’ potential or actual losses beyond contractual obligations is prohibited conduct for an Originator (and also for a Sponsor). [#TGT:a7d00358-0608-4ba6-b012-36de1be9cc2f] Where the Originator nonetheless fails to comply with the relevant requirement in respect of the securitisation, the Originator must apply specific prudential and disclosure consequences tied to that implicit support. [#SRC:5443b1af-d668-49ad-8014-990d90fcba1c] In particular, the Originator must (i) include all underlying Exposures of the securitisation in its Credit RWA calculation as though the Exposures had not been securitised and remained on the balance sheet of the Authorised Person, (ii) refrain from recognising any gain on sale of assets to the securitisation, and (iii) disclose to investors both that the Authorised Person has provided non-contractual support and the regulatory capital impact of doing so. [#SRC:5443b1af-d668-49ad-8014-990d90fcba1c] These consequences operationalise the prohibition by removing capital and accounting benefits and ensuring investors are informed when implicit (non-contractual) support has been provided. [#TGT:a7d00358-0608-4ba6-b012-36de1be9cc2f]","Implicit Support. If an Originator fails to comply with Rule 4.14.15 in respect of a securitisation, it:
(a)	must include all the underlying Exposures of the securitisation in its calculation of Credit RWAs as if those Exposures had not been securitised and were on the balance sheet of the Authorised Person;
(b)	must not recognise any gain on sale of assets to the securitisation; and
(c)	must disclose to investors that the Authorised Person has provided non-contractual support and the regulatory capital impact of doing so.",Implicit Support. An Originator or a Sponsor of a securitisation must not provide Implicit Support to a securitisation transaction with a view to reducing potential or actual losses to investors outside of its contractual obligations;,DPEL,,professional,ADGM,mixed_difficulty,5443b1af-d668-49ad-8014-990d90fcba1c,a7d00358-0608-4ba6-b012-36de1be9cc2f,,,4.14.16,4.14.15,,,,,HV0012,88b9c6fa0ca55fb3,ObliQA-XRef_Out_Datasets/final_large_merged/ObliQA-XRef-ADGM-ALL/final.jsonl,,,,
daa28727b917ba23,"If the Fund Manager identifies a material change, error, or omission after making the cross-border notification but before Promotion starts in a Host Jurisdiction, what notifications must be made and what regulatory measures may follow if that issue means the Fund Manager would no longer comply with applicable legislation (including these Rules) or the Regulator considers action necessary?","Between the cross-border notification and the start of Promotion in a Host Jurisdiction, once the Fund Manager becomes aware of a material change, error, or omission that is reasonably likely to matter to that notification, the Fund Manager must notify the Regulator in writing without delay. [#TGT:b27b7465-dcf2-43cf-a342-6f999ce5dadc] After receiving that notice, the Regulator is expected to promptly pass all relevant details of the material change, error, or omission to the relevant Host Regulator. [#TGT:b27b7465-dcf2-43cf-a342-6f999ce5dadc] In addition to this notification-and-forwarding process, if the material change, error, or omission results in the Fund Manager no longer complying with applicable legislation (including these Rules), or if the Regulator otherwise considers it necessary in the circumstances, the Regulator must take all due measures. [#SRC:9845037b-efae-4710-b7ca-81473eac1aee] Those measures can include, where necessary, de-registering the Public Fund from the Register of Passported Funds in accordance with these Rules. [#SRC:9845037b-efae-4710-b7ca-81473eac1aee] Accordingly, the Fund Manager’s immediate written notice during the pre-Promotion window can trigger both onward communication to the Host Regulator and potential escalated action up to de-registration if compliance is jeopardized or the Regulator deems it necessary. [#SRC:9845037b-efae-4710-b7ca-81473eac1aee] [#TGT:b27b7465-dcf2-43cf-a342-6f999ce5dadc]","If, as a result of any material change, error, or omission referred to in Rule 3.2.9, the Fund Manager will no longer comply with applicable legislation, including these Rules, or if the Regulator otherwise considers it necessary in the circumstances, the Regulator shall take all due measures, including, if necessary, the de-registration of the Public Fund from the Register of Passported Funds in accordance with these Rules.","If, at any time between the notification pursuant to Rule 3.2.2 and the commencement of Promotion in a Host Jurisdiction, the Fund Manager becomes aware of any material change, error, or omission reasonably likely to be relevant to such notification, the Fund Manager shall give written notice to the Regulator without delay.  The Regulator will promptly provide the relevant Host Regulator with all relevant details of the material change, error or omission.",DPEL,,professional,ADGM,mixed_difficulty,9845037b-efae-4710-b7ca-81473eac1aee,b27b7465-dcf2-43cf-a342-6f999ce5dadc,,,3.2.10,3.2.9,,,,,HV0013,daa28727b917ba23,ObliQA-XRef_Out_Datasets/final_large_merged/ObliQA-XRef-ADGM-ALL/final.jsonl,,,,
254547bc372b5cb1,"When designing the strategy’s system for controlling Liquidity Risk, what capabilities and governance features must it include so that the Authorised Person can both implement the Liquidity Risk requirements and allow the Governing Body and senior management to oversee compliance with limits and operating procedures?","The strategy’s system for controlling Liquidity Risk must be constructed so it both supports implementation of the Liquidity Risk requirements and embeds governance oversight and control features within the Authorised Person’s Liquidity Risk framework. [#TGT:5c690bca-7ecd-4950-8e21-6c4cb9357647] In particular, the Authorised Person must ensure the system enables the Authorised Person’s Governing Body and senior management to review whether the Authorised Person is complying with the relevant limits and operating procedures, including limits set in accordance with the specified limits-setting requirement. [#SRC:844184dc-c876-465f-8cc6-61d7c4911988] The system must also include appropriate approval processes, limits, and other mechanisms that are designed to provide reasonable assurance that the Authorised Person’s Liquidity Risk management processes are followed in practice. [#SRC:844184dc-c876-465f-8cc6-61d7c4911988] Read together, this means the “system for controlling Liquidity Risk” that the strategy must include is not merely descriptive; it must be operationally capable of implementing the Liquidity Risk requirements while also providing structured oversight by the Governing Body and senior management and embedding approvals and control mechanisms to drive adherence to the Liquidity Risk management processes. [#TGT:5c690bca-7ecd-4950-8e21-6c4cb9357647] [#SRC:844184dc-c876-465f-8cc6-61d7c4911988]","Controlling Liquidity Risk. An Authorised Person must ensure that the system referred to in Rule 9.2.1(5):
(a)	enables the Authorised Person's Governing Body and senior management to review compliance with limits set in accordance with Rule 9.2.7 and operating procedures; and
(b)	has appropriate approval processes, limits and other mechanisms designed to provide reasonable assurance that the Authorised Person's Liquidity Risk management processes are adhered to.",The strategy must include a system for controlling Liquidity Risk which enables the Authorised Person to implement the requirements set out in Rule 9.2.6.,DPEL,,professional,ADGM,mixed_difficulty,844184dc-c876-465f-8cc6-61d7c4911988,5c690bca-7ecd-4950-8e21-6c4cb9357647,,,9.2.6,9.2.1.(5),,,,,HV0014,254547bc372b5cb1,ObliQA-XRef_Out_Datasets/final_large_merged/ObliQA-XRef-ADGM-ALL/final.jsonl,,,,
355cf8097915d2c8,"Before an Authorised Person offers OTC Leveraged Products to a Retail Client (or advises or makes arrangements for them), what assessment must be completed and what risk-understanding conclusion must be reached, given the expectation that the Authorised Person considers the Retail Client’s understanding of risks and the potential magnitude of losses before establishing a business relationship?","Before offering OTC Leveraged Products to a Retail Client—or providing advice or making arrangements on the Retail Client’s behalf relating to those products—the Authorised Person must first complete an assessment that covers the Retail Client’s skill, experience, knowledge, financial resources, and risk tolerance. [#TGT:be7639eb-37d0-4a64-80e4-a7694dd68cc0] This product-related assessment must be completed in a way that allows the Authorised Person to reasonably conclude two outcomes: first, that the Retail Client has adequate experience and skill to understand the potential risk of loss involved in investing in OTC Leveraged Products; and second, that the Retail Client has liquid financial resources sufficient to absorb potential losses from trading in OTC Leveraged Products. [#TGT:be7639eb-37d0-4a64-80e4-a7694dd68cc0] In addition, before establishing a business relationship with a Retail Client, the Authorised Person is expected to consider whether the Retail Client demonstrates an understanding of the risks and the potential magnitude of losses to which they may be exposed. [#SRC:e79e3adf-b4c6-4c32-81c3-6440c56574a6] Practically, this means the pre-relationship consideration of risk and loss magnitude should align with, and be evidenced through, the OTC Leveraged Products assessment and its required reasonable conclusions on loss-risk understanding and loss-absorption capacity. [#SRC:e79e3adf-b4c6-4c32-81c3-6440c56574a6] [#TGT:be7639eb-37d0-4a64-80e4-a7694dd68cc0]","In order to satisfy the requirements imposed by Rule 23.5.1, the Authorised Person should, prior to establishing a business relationship with a Retail Client, consider whether such Retail Client demonstrates an understanding of the risks and potential magnitude of losses which they may be exposed to.","An Authorised Person must not offer OTC Leveraged Products to a Retail Client, or provide any advice or make arrangements on behalf of a Retail Client relating to OTC Leveraged Products unless it has first completed an assessment of the skill, experience, knowledge, financial resources and risk tolerance of the Retail Client, such that the Authorised Person may reasonably conclude that the Retail Client has:
(a)	adequate experience and skill enabling them to understand the potential risk of loss involved in investing in OTC Leveraged Products; and
(b)	liquid financial resources sufficient to absorb potential losses resulting from trading in OTC Leveraged Products.",DPEL,,professional,ADGM,mixed_difficulty,e79e3adf-b4c6-4c32-81c3-6440c56574a6,be7639eb-37d0-4a64-80e4-a7694dd68cc0,,,23.5.1.Guidance.1.,23.5.1,,,,,HV0015,355cf8097915d2c8,ObliQA-XRef_Out_Datasets/final_large_merged/ObliQA-XRef-ADGM-ALL/final.jsonl,,,,
3e4ce8a5e87a8dc8,"For an Authorised Person that is a Domestic Firm and has been given an Individual Capital Requirement (ICR) arising from Pillar 2 adjustments, what capital resources must it maintain at all times, and how does that ICR-related obligation interact with the broader expectation to hold capital and liquid assets adequate to its business profile so liabilities can be met when due?","An Authorised Person that is a Domestic Firm and has an ICR must continuously meet two layers of capital-related expectations: (i) the baseline requirement to maintain Capital Resources calculated under the Rules, and (ii) an additional, ICR-specific requirement to hold extra Capital Resources of the specified type and amount. [#TGT:afbb9f59-2c26-47f6-ac38-4c36ecd40d56] [#SRC:776c1fbb-de2a-4be6-b5fe-7b1666b6abff] In practice, this means the firm must, at all times, have and maintain Capital Resources of the types and amounts required by the Rules and calculated in accordance with them. [#TGT:afbb9f59-2c26-47f6-ac38-4c36ecd40d56] If the Regulator has imposed an ICR due to Pillar 2 adjustments, the firm must also maintain, at all times, adequate Capital Resources of the type and amount specified for that ICR, on top of the Capital Resources it keeps to meet its capital adequacy requirements. [#SRC:776c1fbb-de2a-4be6-b5fe-7b1666b6abff] Alongside these capital-resource calculations and any ICR add-on, the Domestic Firm must also ensure it holds capital and liquid assets that are adequate for the nature, size, and complexity of its business so there is no significant risk it cannot meet liabilities as they fall due. [#TGT:afbb9f59-2c26-47f6-ac38-4c36ecd40d56]","Capital ratios. The Regulator may impose a further requirement, termed an Individual Capital Requirement (ICR), on an Authorised Person to hold additional Capital Resources arising from Pillar 2 adjustments (see Chapter 10).  Where the Authorised Person has an ICR imposed on it, then the Authorised Person must, at all times, maintain adequate Capital Resources of the type and amount as specified in Rule 10.6.1 in addition to those kept to meet the capital adequacy requirements outlined in Rule 3.2.4.","Domestic Firms – maintaining capital resources. An Authorised Person that is a Domestic Firm must:
(a)	have and maintain, at all times, Capital Resources of the types and amounts specified in, and calculated in accordance with, these Rules;
(b)	ensure that it maintains capital and liquid assets in addition to the requirement in (a) which are adequate in relation to the nature, size and complexity of its business to ensure that there is no significant risk that liabilities cannot be met as they fall due.",DPEL,,professional,ADGM,mixed_difficulty,776c1fbb-de2a-4be6-b5fe-7b1666b6abff,afbb9f59-2c26-47f6-ac38-4c36ecd40d56,,,3.16.3,3.2.4,,,,,HV0016,3e4ce8a5e87a8dc8,ObliQA-XRef_Out_Datasets/final_large_merged/ObliQA-XRef-ADGM-ALL/final.jsonl,,,,
e734025e4ea2af5a,"When an Investigator needs help to advance an investigation—such as locating particular documents—what forms of assistance can the Investigator compel, and what procedural mechanism and scope of persons can be used to impose that requirement?","An Investigator can compel assistance that advances an investigation, including requiring a person to carry out a physical act or to provide information, and this can extend to help with locating specific documents. [#SRC:c595f91e-fb49-45e1-9dd6-7a847f54df95] To impose these requirements, the Investigator may use a written notice directed either to the Person Under Investigation or to any other person, even if that other person is not connected to the Person Under Investigation. [#TGT:ba9deea1-694d-4225-bf79-201773a12046] The written notice can require the recipient to provide assistance as the Investigator requires, which operationalizes the broader concept of compelled assistance (including physical acts and information provision) described for advancing the investigation. [#TGT:ba9deea1-694d-4225-bf79-201773a12046] [#SRC:c595f91e-fb49-45e1-9dd6-7a847f54df95] In the same notice, the Investigator may also require related cooperation steps that can support document-location efforts, such as attending an interview at a specified time and place to answer questions, producing specified documents (or documents of a specified description) at a specified time and place, providing information the Investigator requires, or permitting entry to business premises during normal business hours to inspect and copy documents. [#TGT:ba9deea1-694d-4225-bf79-201773a12046]","Power to require assistance. Section 206(1)(d) of FSMR empowers the Investigator to require a person to provide assistance in relation to an investigation, which may include requiring a person to do a physical act or provide information to advance an investigation. For example, an Investigator may require a person to assist in the location of specific documents.","The Investigator may, by written notice, require the person who is the Person Under Investigation or any other person (whether or not connected to the Person Under Investigation) to—
(a)	attend an interview at a Specified time and place and answer questions;
(b)	produce at a Specified time and place any Specified Documents or Documents of a Specified description;
(c)	provide such information as the Investigator may require;
(d)	provide such assistance as the Investigator may require; or
(e)	permit the Investigator to enter the business premises of such person during normal business hours for the purpose of inspecting and copying Documents on such premises.",DPEL,,professional,ADGM,mixed_difficulty,c595f91e-fb49-45e1-9dd6-7a847f54df95,ba9deea1-694d-4225-bf79-201773a12046,,,6.6.14,Part 17.206.(1),,,,,HV0017,e734025e4ea2af5a,ObliQA-XRef_Out_Datasets/final_large_merged/ObliQA-XRef-ADGM-ALL/final.jsonl,,,,
15e360fdadbfb19a,"When a Petroleum Reporting Entity prepares a disclosure under the Petroleum Reporting Standard, what is expected for non-mandatory requirements, and what must the entity include in the disclosure if it does not follow a non-mandatory requirement?","A Petroleum Reporting Entity is expected to follow the Petroleum Reporting Standard not only for binding requirements but also, as a matter of regulatory expectation, for non-mandatory requirements; if it does not follow a non-mandatory requirement, it must transparently explain that departure within the disclosure itself. [#SRC:6604c89d-d79d-4a33-a77b-016d323c54fe] Specifically, the entity must fully comply with all binding requirements in the Petroleum Reporting Standard (including any tables, appendices, or schedules), and the Regulator expects full compliance with non-mandatory requirements unless the entity explains why it has not complied. [#SRC:6604c89d-d79d-4a33-a77b-016d323c54fe] Where the disclosure does not meet a non-mandatory requirement, the disclosure must include a statement describing both (i) how the disclosure differs from the relevant non-mandatory requirement and (ii) why it differs. [#TGT:47846bb1-a202-44c7-a042-465e8cf38dc6] This means the explanation is not optional or external: it must be included in the disclosure and must address the nature of the deviation and the rationale for it, tying the explanation to the relevant Petroleum Reporting Standard requirement that was not met. [#TGT:47846bb1-a202-44c7-a042-465e8cf38dc6]","Rule 12.2.1(1) requires a Petroleum Reporting Entity to fully comply with all binding requirements set out in the Petroleum Reporting Standard (including any tables, appendices or schedules).  The Regulator also expects a Petroleum Reporting Entity to fully comply with all non-mandatory requirements set out in the Petroleum Reporting Standard, or explain their non-compliance in accordance with Rule 12.2.2.","Requirements for all disclosures. Where a disclosure by a Petroleum Reporting Entity does not meet a non-mandatory requirement contained in the Petroleum Reporting Standard, the Petroleum Reporting Entity must provide in its disclosure a statement as to how and why its disclosure differs from the non-mandatory requirement contained in the relevant Petroleum Reporting Standard.",DPEL,,professional,ADGM,mixed_difficulty,6604c89d-d79d-4a33-a77b-016d323c54fe,47846bb1-a202-44c7-a042-465e8cf38dc6,,,12.2.2.Guidance,12.2.2,,,,,HV0018,15e360fdadbfb19a,ObliQA-XRef_Out_Datasets/final_large_merged/ObliQA-XRef-ADGM-ALL/final.jsonl,,,,
13ac487b960f948c,"When an Authorised Person has a CR Exposure to a sovereign PSE in the UAE or another GCC jurisdiction, how should the firm determine whether it can treat that exposure like a central government/central bank exposure eligible for a 0% risk weight, including how the domestic-currency denomination and funding condition applies for individual Emirates of the UAE?","An Authorised Person should first determine whether the counterparty is a sovereign PSE in the UAE or GCC whose credit risk is comparable to its central government, because only those sovereign PSEs are eligible to be treated under the central-government-aligned approach described for such entities. [#SRC:81df5980-d082-4e25-8462-5f45542ef806] If that comparability condition is met, the next step is to assess whether the CR Exposure meets the denomination and funding requirements that govern when the central-government-aligned treatment applies; if it does, the sovereign PSE must be treated under the requirements applicable to that aligned treatment, and if it does not, it must instead be treated under the alternative treatment specified for cases where the denomination/funding condition is not satisfied. [#SRC:81df5980-d082-4e25-8462-5f45542ef806] In applying the denomination and funding condition, the firm may apply a 0% risk weight only where the CR Exposure is to a central government or central bank of a GCC member country and is both denominated and funded in that GCC member country’s domestic currency. [#TGT:0b38a29a-6f32-46d4-b772-9682878dc7c1] For exposures linked to the UAE, each individual Emirate must be treated as if it were its own GCC member country for purposes of assessing the domestic-currency denomination and funding requirement. [#TGT:0b38a29a-6f32-46d4-b772-9682878dc7c1]","In (1), sovereign PSEs in the UAE and GCC that exhibit Credit Risks comparable to their central government must be treated in accordance with the requirements set out in Rule 4.12.5, where they meet the requirements in relation to the denomination and funding of the CR Exposure, otherwise they must be treated in accordance with Rule 4.12.6(1).","Central government and central bank asset class. An Authorised Person may apply a 0% risk weight to any CR Exposure to central governments or central banks of a GCC member country which are denominated and funded in the domestic currency of the GCC member country. For the purposes of this Rule, individual Emirates of the UAE will be considered as though they were GCC member countries.",DPEL,,professional,ADGM,mixed_difficulty,81df5980-d082-4e25-8462-5f45542ef806,0b38a29a-6f32-46d4-b772-9682878dc7c1,,,4.12.6.(2),4.12.5,,,,,HV0019,13ac487b960f948c,ObliQA-XRef_Out_Datasets/final_large_merged/ObliQA-XRef-ADGM-ALL/final.jsonl,,,,
3849236659a8948c,"How should a Listed Entity treat Securities for the purpose of counting against the relevant issuance limit when an earlier approval has lapsed, and what conditions would allow an unapproved issue (or agreement to issue) to be treated as approved—including any timing requirement for issuing the Securities after holders approve?","For counting against the relevant issuance limit, if an approval lapses, the Securities stop being treated as issued with that approval and must instead be counted within the pool of Relevant Issues for the limit calculation. [#SRC:76970fb8-577b-4a21-8996-4c8bde4ef2d2] Separately, an issue of, or agreement to issue, Securities that was made without approval can still be treated as having been made with approval for the same limit-calculation purpose, but only if all specified conditions are met. [#TGT:3f609871-988e-4e0c-921f-6e1066c630f6] Those conditions are: (i) the issue or agreement did not exceed the applicable limit; (ii) the holders of the Listed Entity’s Ordinary Securities subsequently approve the issue or agreement; and (iii) the Securities are issued within three months after the date of that subsequent approval. [#TGT:3f609871-988e-4e0c-921f-6e1066c630f6] In practical terms, a lapsed approval removes the ability to count the Securities as approved under that earlier approval, but a separate pathway exists to re-characterise an otherwise unapproved issue as approved—provided the limit was not exceeded and the post-approval issuance occurs within the three-month window. [#SRC:76970fb8-577b-4a21-8996-4c8bde4ef2d2] [#TGT:3f609871-988e-4e0c-921f-6e1066c630f6]","If the approval under Rule 9.7.5 lapses, the Securities can no longer be counted as Securities issued with approval under Rule 9.7.5 for the purposes of Rule 9.7.1 above, and instead are to be counted within Relevant Issues under Rule 9.7.1.","Subsequent approval of an issue of Securities. An issue of, or agreement to issue, Securities made without approval under Rule 9.7.1 is treated as having been made with approval for the purposes of Rule 9.7.1 if:
(1)	the issue or agreement did not exceed the limit in Rule 9.7.1;
(2)	the holders of the Listed Entity’s Ordinary Securities subsequently approve it; and
(3)	the Securities are issued within three months of the date of the approval.",DPEL,,professional,ADGM,mixed_difficulty,76970fb8-577b-4a21-8996-4c8bde4ef2d2,3f609871-988e-4e0c-921f-6e1066c630f6,,,9.7.6.Guidance,9.7.5,,,,,HV0020,3849236659a8948c,ObliQA-XRef_Out_Datasets/final_large_merged/ObliQA-XRef-ADGM-ALL/final.jsonl,,,,
7f383e197ff6f4e8,"When the Regulator holds Confidential Information that qualifies as CRD Information because it was received from an EEA Competent Authority, under what circumstances may the Regulator disclose it to facilitate the carrying out of a Public Function, and to which types of recipients can such a disclosure be made?","Where the Confidential Information is CRD Information—i.e., Confidential Information the Regulator received or obtained from an EEA Competent Authority by virtue of the Capital Requirements Directive—the Regulator’s ability to disclose it must be assessed in that specific context. [#SRC:dc3f77a8-19bb-49c7-a2f8-f257642a9321] An EEA Competent Authority is a public authority or body officially recognised under national law in an EEA jurisdiction and empowered to supervise institutions within the supervisory system. [#SRC:dc3f77a8-19bb-49c7-a2f8-f257642a9321] For disclosure to facilitate the carrying out of a Public Function, the Regulator may disclose Confidential Information where the disclosure is permitted or required under an enactment applicable to the Regulator (including applicable international obligations), or where it is made in good faith for the Regulator’s functions/powers or to further its objectives. [#TGT:c143e65b-358c-4ac8-855c-546a1c91e4d1] In addition, such disclosure may be made to specified categories of recipients to assist them in performing their functions and powers, including the ADGM Registrar of Companies, a Non-Abu Dhabi Global Market Regulator, relevant governmental/regulatory authorities (including for AML/CTF/sanctions), self-regulatory bodies for financial services, and criminal or civil law enforcement agencies (inside or outside the U.A.E.). [#TGT:c143e65b-358c-4ac8-855c-546a1c91e4d1]","The exceptions under section 199(1) of FSMR. The provisions in section 199(2) relate specifically to Confidential Information originating in another governmental or regulatory authority, or Confidential Information that is CRD Information, and provide for and are consistent with the exchange of information and professional secrecy requirements in the European Union’s Capital Requirements Directive.  For the purposes of section 199(2):
(a)	‘CRD Information’ is defined as Confidential Information received or obtained by the Regulator from the EEA Competent Authority by virtue of the Capital Requirements Directive; and
(b)	‘EEA Competent Authority’ means a public authority or body officially recognised by national law of a jurisdiction within the EEA and empowered by that national law to supervise institutions as part of the supervisory system.","Subject to subsection (2), the Regulator may disclose Confidential Information for the purpose of facilitating the carrying out of a Public Function where such disclosure is—
(a)	permitted or required under any enactment applicable to the Regulator, including, for the avoidance of doubt, any applicable international obligations;
(b)	made to—
(i)	the ADGM Registrar of Companies;
(ii)	a Non-Abu Dhabi Global Market Regulator;
(iii)	a governmental or regulatory authority exercising powers and performing functions relating to anti-money laundering, counter terrorist financing or sanctions compliance, whether in the Abu Dhabi Global Market or otherwise;
(iv)	a self regulatory body or organisation exercising and performing powers and functions in relation to financial services, whether in the Abu Dhabi Global Market or otherwise;
(v)	a criminal law enforcement agency, whether in the U.A.E or otherwise, for the purpose of any criminal investigation or criminal proceedings; or
(vi)	a civil law enforcement agency or body, whether in the Abu Dhabi Global Market, U.A.E or otherwise;
for the purpose of assisting the performance by any such person of its functions and powers; or
(c)	made in good faith for the purposes of the exercise of the functions and powers of the Regulator or in order to further the Regulator's objectives.",DPEL,,professional,ADGM,mixed_difficulty,dc3f77a8-19bb-49c7-a2f8-f257642a9321,c143e65b-358c-4ac8-855c-546a1c91e4d1,,,3.3.3,Part 16.199.(1),,,,,HV0021,7f383e197ff6f4e8,ObliQA-XRef_Out_Datasets/final_large_merged/ObliQA-XRef-ADGM-ALL/final.jsonl,,,,
8619993885d71df5,"For an Authorised Person conducting Investment Business, which reconciliation and verification outputs must be captured for inclusion in the Resolution Pack, and what minimum frequencies apply to those underlying reconciliations and counts when Client Accounts are held with Third Party Agents and when Safe Custody Assets are involved?","An Authorised Person conducting Investment Business must ensure its Resolution Pack includes the most recent reconciliations relating to both Client Money and Client Investments, and those “most recent” items should be supported by the periodic reconciliation and counting processes required for Third Party Agent-held Client Accounts and Safe Custody Assets. [#SRC:803ff2b9-9528-459a-b9d2-45066785e9f5] In practice, this means the Resolution Pack should contain the latest completed reconciliation outputs for Client Money and Client Investments, reflecting the firm’s current position at the time the pack is assembled. [#SRC:803ff2b9-9528-459a-b9d2-45066785e9f5] To keep those reconciliation records current, the Authorised Person must operate (and therefore be able to evidence) at least the following minimum cycles: [#TGT:99a621ce-b3ab-4dbc-a9c7-eac1065776e6] - At least monthly, reconcile its records of Client Accounts held with Third Party Agents against the monthly statements received from those Third Party Agents. [#TGT:99a621ce-b3ab-4dbc-a9c7-eac1065776e6] - At least every six months, physically count all Safe Custody Assets held by the Authorised Person or its Nominee Company and reconcile that count to the Authorised Person’s records. [#TGT:99a621ce-b3ab-4dbc-a9c7-eac1065776e6] - At least every six months, reconcile individual Client ledger balances to the Authorised Person’s records of Safe Custody Assets balances held in Client Accounts. [#TGT:99a621ce-b3ab-4dbc-a9c7-eac1065776e6] Accordingly, the Resolution Pack’s reconciliation records should be the latest results produced by these required reconciliation/count routines. [#SRC:803ff2b9-9528-459a-b9d2-45066785e9f5]","The following records must be included in the Resolution Pack of an Authorised Person conducting Investment Business:
(a)	Rules ‎2.7.1 and ‎3.7.1(d) (records of Client classification and Client agreements);
(b)	Rules 14.6.2 and ‎15.4.3 (master lists of all Client Accounts in relation to Client Money and Client investments);
(c)	Rule ‎15.4.4 and Rule ‎15.4.5 (adequate records and Client's written permission re use of Client Investments);
(d)	Rules 14.7.1 and 14.7.4 (assessment of appropriateness of Third-Party Agent and acknowledgement by Third-Party agent in respect of Client Money); and
(e)	Rule ‎15.5.1 and 15.6.1 (assessment of appropriateness of Third Party Agent and acknowledgement by Third-Party Agent in respect of Client Investments); and
(f)	Rule 14.11.1 and ‎15.9.1 (most recent reconciliations of Client Money and Client Investments).","An Authorised Person must:
(a)	at least every calendar month, reconcile its records of Client Accounts held with Third Party Agents with monthly statements received from those Third Party Agents;
(b)	at least every six months, count all Safe Custody Assets physically held by the Authorised Person, or its Nominee Company, and reconcile the result of that count to the records of the Authorised Person; and
(c)	at least every six months, reconcile individual Client ledger balances with the Authorised Person's records of Safe Custody Assets balances held in Client Accounts.",DPEL,,professional,ADGM,mixed_difficulty,803ff2b9-9528-459a-b9d2-45066785e9f5,99a621ce-b3ab-4dbc-a9c7-eac1065776e6,,,16.4.1,15.9.1,,,,,HV0022,8619993885d71df5,ObliQA-XRef_Out_Datasets/final_large_merged/ObliQA-XRef-ADGM-ALL/final.jsonl,,,,
0f560fde86dc4a4e,"When an Investigator needs access to a person’s business premises to inspect and copy documents, how can the Investigator compel entry through written notice, and what are the notice expectations regarding whether advance warning must be given (including when it may be appropriate not to give prior notice)?","An Investigator can compel access to business premises for inspection and copying of documents by issuing a written notice requiring the relevant person to permit entry to that person’s business premises during normal business hours for that purpose. [#TGT:ba9deea1-694d-4225-bf79-201773a12046] The written notice power is not limited to the Person Under Investigation; it can be directed to the Person Under Investigation or to any other person, whether or not connected to the Person Under Investigation, so long as the notice requires permission for entry to that person’s business premises. [#TGT:ba9deea1-694d-4225-bf79-201773a12046] Separately, where the Investigator exercises the power to enter business premises, the Investigator will give written notice of exercising that power, but the Investigator is not required to provide that notice in advance of the entry. [#SRC:36b4de81-9f09-4450-8fef-1fa5c5094980] In deciding whether to give prior notice of an inspection, the Investigator may consider circumstances where advance warning could prejudice the investigation; in such cases, the Investigator may consider it appropriate not to provide prior notice even though written notice of the exercise of the power is given. [#SRC:36b4de81-9f09-4450-8fef-1fa5c5094980]","Power to enter premises and inspect and copy documents . The Investigator will give written notice of the exercise of the power to enter business premises under section 206(1)(e) of FSMR. However, there is no requirement for an Investigator to give notice of the exercise of this power in advance. There may be circumstances when the Investigator considers it appropriate not to provide prior notice of an inspection, for example where the provision of prior notice may prejudice the investigation.","The Investigator may, by written notice, require the person who is the Person Under Investigation or any other person (whether or not connected to the Person Under Investigation) to—
(a)	attend an interview at a Specified time and place and answer questions;
(b)	produce at a Specified time and place any Specified Documents or Documents of a Specified description;
(c)	provide such information as the Investigator may require;
(d)	provide such assistance as the Investigator may require; or
(e)	permit the Investigator to enter the business premises of such person during normal business hours for the purpose of inspecting and copying Documents on such premises.",DPEL,,professional,ADGM,mixed_difficulty,36b4de81-9f09-4450-8fef-1fa5c5094980,ba9deea1-694d-4225-bf79-201773a12046,,,6.6.17,Part 17.206.(1),,,,,HV0023,0f560fde86dc4a4e,ObliQA-XRef_Out_Datasets/final_large_merged/ObliQA-XRef-ADGM-ALL/final.jsonl,,,,
40961a2f7908a524,"When an Issuer wants a proposed Digital Security to be treated as a Security through the Regulator’s ability to deem an investment that is not a Security to be a Security, what information and documentation must the Issuer provide, and how does the Regulator’s review differ between a situation requiring an Approved Prospectus and an Exempt Offer (including what the review is not intended to do)?","If an Issuer seeks to have a proposed Digital Security treated as a Security through the Regulator’s discretion to deem an investment that is not a Security to be a Security (potentially on terms and conditions set by the Regulator), the Issuer should be prepared to provide information demonstrating that the proposed Digital Security meets the requirements of a Security. [#TGT:95497208-1e94-4b51-8ff3-d9e77f64177c] [#SRC:a8ffa89d-5c3e-41da-8f68-4b1795a0d986] In practice, the FSRA expects the Issuer to submit whatever information the FSRA requires to support that determination, focused on showing the Digital Security satisfies the applicable characteristics of a Security. [#SRC:a8ffa89d-5c3e-41da-8f68-4b1795a0d986] Where the circumstances require submission of an Approved Prospectus, the FSRA will rely on the documentation provided in that approval process as the basis for deciding whether to deem the Digital Security to be a Security. [#SRC:a8ffa89d-5c3e-41da-8f68-4b1795a0d986] Where the circumstances relate to an Exempt Offer, the FSRA will instead review the Exempt Offer documentation to enable it to make the deeming determination. [#SRC:a8ffa89d-5c3e-41da-8f68-4b1795a0d986] However, in the Exempt Offer context, the FSRA’s review is expressly not conducted to approve the Exempt Offer itself, even though the Regulator may attach terms and conditions to its deeming decision. [#SRC:a8ffa89d-5c3e-41da-8f68-4b1795a0d986] [#TGT:95497208-1e94-4b51-8ff3-d9e77f64177c]","REGULATORY TREATMENT OF DIGITAL SECURITIES
To use its powers under Section 58(2)(b), the FSRA expects that an Issuer will provide to it such information as is required to demonstrate that the proposed Digital Security meets the requirements of a “Security” (as defined in FSMR). In circumstances:

a)	requiring the submission of an Approved Prospectus to the FSRA, the FSRA will use the documentation submitted as part of this approval process to determine whether it will deem a Digital Security a Security under Section 58(2)(b) of FSMR; or

b)	relating to an Exempt Offer, the FSRA will review the Exempt Offer documentation for the purposes of being able to make a determination under Section 58(2)(b).  The FSRA’s review will not be for the purposes of approving the Exempt Offer itself.","Without limiting the generality of its powers, the Regulator may, by written notice—
(a)	exclude the application of any requirements; or
(b)	deem any investment which is not a Security to be a Security for the purposes of these Regulations and the Rules made under these Regulations;
subject to such terms and conditions as it may consider appropriate.",DPEL,,professional,ADGM,mixed_difficulty,a8ffa89d-5c3e-41da-8f68-4b1795a0d986,95497208-1e94-4b51-8ff3-d9e77f64177c,,,16),Part 6.Chapter 1.58.(2),,,,,HV0024,40961a2f7908a524,ObliQA-XRef_Out_Datasets/final_large_merged/ObliQA-XRef-ADGM-ALL/final.jsonl,,,,
12a98ee480c6eb4d,"For a Listed Entity that qualifies for admission to the Official List and has an acceptable profitability or revenue track record (or substantial tangible assets with readily ascertainable value), how does the Regulator’s decision affect whether the APP 7 restriction categories apply, and which parties are within scope of the application provision when Securities are (or will be) treated as Restricted Securities?","Where a Listed Entity meets one of the stated admission-quality conditions (qualification for admission, an acceptable profitability or revenue track record, or substantial tangible assets with readily ascertainable value), the default position is that the specified APP 7 restriction categories are disapplied for that Listed Entity unless the Regulator decides otherwise. [#TGT:044c2eb2-828b-42a2-8b05-68613aed8eac] This means the Regulator retains discretion to re-impose those restriction categories even when the Listed Entity satisfies one of the conditions. [#TGT:044c2eb2-828b-42a2-8b05-68613aed8eac] In parallel, the application provision identifies who is covered when dealing with Securities that are, or will be, Restricted Securities: it applies to an Applicant for admission of Securities to the Official List, a relevant Listed Entity, and any Person who holds or will hold Securities that are Restricted Securities under APP 7 or that the Regulator has deemed to be Restricted Securities by notice to the relevant Applicant or Listed Entity. [#SRC:13cf0ba8-adc8-450e-bee1-619794cc9131] Accordingly, even if the Listed Entity benefits from the default disapplication of certain restriction categories, the scope of who is captured by the application provision still turns on whether the Securities are treated as Restricted Securities under APP 7 or by the Regulator’s notice. [#SRC:13cf0ba8-adc8-450e-bee1-619794cc9131]","Application. This section applies, subject to Rule 9.6.2, to:
(1)	an Applicant for admission of Securities to the Official List;
(2)	a relevant Listed Entity; and
(3)	any Person that holds, or will hold, Securities that are Restricted Securities in accordance with APP 7 or which the Regulator has deemed to be Restricted Securities by giving notice to the relevant Applicant or Listed Entity.","Entry into Restriction Agreements and Application of Restriction. Unless the Regulator decides otherwise, the restrictions in categories 1, 2, 3, 4, 7, 8 and 9 of APP 7 do not apply in relation to a Listed Entity that:
(1)	qualifies for admission to the Official List pursuant to Rule 2.3.15;
(2)	has a track record of profitability or revenue acceptable to the Regulator; or
(3)	in the opinion of the Regulator, has tangible assets with a readily ascertainable value which constitute a substantial proportion of the total value of its assets.",DPEL,,professional,ADGM,mixed_difficulty,13cf0ba8-adc8-450e-bee1-619794cc9131,044c2eb2-828b-42a2-8b05-68613aed8eac,,,9.6.1,9.6.2,,,,,HV0025,12a98ee480c6eb4d,ObliQA-XRef_Out_Datasets/final_large_merged/ObliQA-XRef-ADGM-ALL/final.jsonl,,,,
b071d6d7145fe585,"When an Authorised Person wants to start offering Clients a Virtual Asset that was not originally approved in its application, what must it submit to the FSRA for approval, and how will the FSRA assess whether that Virtual Asset can be treated as an Accepted Virtual Asset for that Authorised Person?","An Authorised Person that intends to use a Virtual Asset in addition to the Accepted Virtual Asset(s) originally approved for it must obtain the FSRA’s approval before it offers that Virtual Asset to Clients. [#SRC:ee620070-0c48-454c-9530-0b3abf34c142] The approval request must be made in writing and include relevant information about the proposed use of the Virtual Asset, including the controls the Authorised Person has in place (or proposes to implement) to manage risks specific to that Virtual Asset. [#SRC:ee620070-0c48-454c-9530-0b3abf34c142] In assessing suitability, the FSRA will consider whether the proposed Virtual Asset meets the requirements to be an Accepted Virtual Asset, and an Accepted Virtual Asset status is demonstrated by, and applies to, that individual Authorised Person only (i.e., it is not automatically transferable across Authorised Persons). [#TGT:480fd476-0932-4064-b15a-5e2299439911] The FSRA’s assessment may take into account factors it considers relevant, including (at the date of the Guidance) maturity, security, traceability/monitoring, exchange connectivity, the type of distributed ledger used, innovation/efficiency, and practical application/functionality. [#TGT:480fd476-0932-4064-b15a-5e2299439911] The FSRA will then notify the Authorised Person of its determination. [#SRC:ee620070-0c48-454c-9530-0b3abf34c142]","REGULATORY REQUIREMENTS FOR AUTHORISED PERSONS ENGAGED IN REGULATED ACTIVITIES IN RELATION TO VIRTUAL ASSETS
Accepted Virtual Assets
An Authorised Person wishing to use a Virtual Asset(s) additional to the Accepted Virtual Asset(s) originally approved as part of its application process, must first seek the FSRA’s approval before offering it to Clients.  This application should be made in writing and include all relevant information relating to the use of the Virtual Asset, including the relevant controls the Authorised Person has in place (or if not already in place, that it proposes to implement), in order to manage any risks specific to the Virtual Asset.  In forming a view on the suitability of the proposed Virtual Asset(s), the FSRA will take into account whether the proposed Virtual Asset meets the requirements to be an Accepted Virtual Asset, as set out in COBS Rule 17.2.2 and paragraph 25 of this Guidance.  The FSRA will notify the Authorised Person of its determination.","REGULATORY REQUIREMENTS FOR AUTHORISED PERSONS ENGAGED IN REGULATED ACTIVITIES IN RELATION TO VIRTUAL ASSETS
Accepted Virtual Assets
A Virtual Asset that meets the FSRA’s requirements, as demonstrated by an individual Authorised Person, will constitute an Accepted Virtual Asset for that individual Authorised Person only. COBS Rule 17.2.2 states that for the purpose of determining whether, in its opinion, a Virtual Asset meets the requirements of being an Accepted Virtual Asset, the FSRA will consider those factors it considers relevant, which at the date of this Guidance include seven key factors as set out below:

a)	Maturity: the sufficiency, depth and breadth of Client demand, the proportion of the Virtual Asset that is in free float, and the controls/processes to manage volatility of a particular Virtual Asset;

b)	Security: consideration of whether a specific Virtual Asset is able to withstand, adapt, respond to, and improve on its specific risks and vulnerabilities, including relevant factors/risks relating to the on-boarding or use of new Virtual Assets (including size, testing, maturity, and ability to allow the appropriate safeguarding of secure private keys);

c)	Traceability / monitoring: whether Authorised Persons are able to demonstrate the origin and destination of the specific Virtual Asset, if the Virtual Asset enables the identification of counterparties to each transaction, and if on-chain transactions in the Virtual Asset can be adequately monitored;

d)	Exchange connectivity: whether there are (other) exchanges that support the Virtual Asset; the jurisdictions of these exchanges and whether these exchanges are suitably regulated;

e)	Type of Distributed Ledger (DLT): whether there are issues relating to the security and/or usability of a DLT used for the purposes of a Virtual Asset; whether the Virtual Asset leverages an existing DLT for network and other synergies; whether a new DLT has been demonstrably stress tested;

f)	Innovation / efficiency: whether, for example, the Virtual Asset helps to solve a fundamental problem, addresses an unmet market need or creates value for network participants; and

g)	Practical application/functionality: whether the Virtual Asset possesses real world, quantifiable, functionality.",DPEL,,professional,ADGM,hard_enriched,ee620070-0c48-454c-9530-0b3abf34c142,480fd476-0932-4064-b15a-5e2299439911,,,29),25),,,,,HV0026,b071d6d7145fe585,ObliQA-XRef_Out_Datasets/final_large_merged/ObliQA-XRef-ADGM-ALL/final.jsonl,,,,
ca7b40ed628e7309,"If a Reporting Entity has missed a required disclosure or the Regulator thinks there is (or could be) a false market in a Listed Entity’s Securities, what can the Regulator tell the Reporting Entity to do, and what extra ongoing duties can it add when it believes this is in the interests of the Abu Dhabi Global Market?","In these situations, the Regulator can use its direction power to require both immediate disclosure-related action and, in the right circumstances, additional ongoing duties. If a Reporting Entity fails to meet an obligation to disclose information under the applicable framework, the Regulator may issue a written notice directing the Reporting Entity to disclose specified information and to take any other steps the Regulator considers appropriate. [#SRC:f416d7fa-af65-48d6-a16f-ed11a6daadac] The Regulator may also do this to correct or prevent a false market where it considers there is or is likely to be a false market in a Listed Entity’s Securities. [#SRC:f416d7fa-af65-48d6-a16f-ed11a6daadac] In addition, when the Regulator is satisfied that acting is in the interests of the Abu Dhabi Global Market, it may direct the Reporting Entity to disclose specified information to the market or take other steps, on terms and conditions the Regulator sets. [#TGT:5ed7d470-9d48-4676-936b-d27b5c945a94] Under that same “interests of the Abu Dhabi Global Market” basis, the Regulator may also impose extra continuing obligations on the Reporting Entity, again on terms and conditions it determines. [#TGT:5ed7d470-9d48-4676-936b-d27b5c945a94]","The Regulator may, pursuant to its power under section 84 of the FSMR, issue a written notice directing a Reporting Entity (a ""Direction Notice"") to disclose specified information and to take any other steps as the Regulator considers appropriate in the following circumstances:
(a)	where a Reporting Entity fails to comply with an obligation to Disclose any information under the FSMR and these Rules;
(b)	to correct or prevent a false market if the Regulator considers that there is or is likely to be a false market in a Listed Entity's Securities;","Miscellaneous . Regulator's powers of Direction
The Regulator may, if it is satisfied that it is in the interests of the Abu Dhabi Global Market to do so—
(a)	direct a Reporting Entity to disclose specified information to the market or take such other steps as the Regulator considers appropriate; or
(b)	impose on a Reporting Entity any additional continuing obligations;
on such terms and conditions as determined by the Regulator.",DPEL,,basic,ADGM,hard_enriched,f416d7fa-af65-48d6-a16f-ed11a6daadac,5ed7d470-9d48-4676-936b-d27b5c945a94,,,7.5.1.(1),Part 6.Chapter 2.84.,,,,,HV0027,ca7b40ed628e7309,ObliQA-XRef_Out_Datasets/final_large_merged/ObliQA-XRef-ADGM-ALL/final.jsonl,,,,
ffac0015010636bf,"If a Reporting Entity plans to publish a financial report on a set date, can it always wait until that date to share information, or does it sometimes need to disclose sooner because continuous disclosure works together with financial reporting and other disclosure documents like prospectus offers and bidders/targets statements?","It cannot assume it can always wait. Continuous disclosure is designed to work closely with periodic/financial reporting and also alongside wider general disclosure obligations (including prospectus offer documents and bidders’ and targets’ statements), so it may require earlier disclosure than the planned release date of a financial report. [#TGT:05f69230-1c8e-4359-98fe-2f92e40b5e8f] As a general position, the Listing Authority does not usually expect a Reporting Entity to disclose information before the scheduled publication date for the relevant type of document, but only if the required conditions are satisfied (all limbs are met) or if the Listing Authority does not consider early disclosure necessary to prevent a false market. [#SRC:e8a0c0b9-00fb-491e-988e-ef77853ed914] Even when a scheduled financial disclosure is being prepared, there are situations where Inside Information is discovered during that preparation; in those cases, the Inside Information should be disclosed immediately rather than being held back until the report is released. [#SRC:e8a0c0b9-00fb-491e-988e-ef77853ed914] So the practical test is whether the conditions for waiting are met and whether any Inside Information arises that triggers immediate disclosure, despite the existence of a planned reporting timetable within the broader disclosure framework. [#TGT:05f69230-1c8e-4359-98fe-2f92e40b5e8f]","HOW DOES RULE 7.2.1 INTERACT WITH OTHER DISCLOSURE OBLIGATIONS?
The Listing Authority does not generally expect a Reporting Entity to Disclose information in a document included in paragraph 117 above ahead of the scheduled release date for that document,  provided that all of the limbs in Rule 7.2.2 are met or that the Listing Authority does not consider that a Disclosure is required under Rule 7.5.1(b) to prevent a false market.  There will be cases, however, where in the course of preparing, for example, a financial disclosure required under chapter 10 of the Rules, Inside Information may come to light that ought to immediately Disclosed under Rule 7.2.1.","HOW DOES RULE 7.2.1 INTERACT WITH OTHER DISCLOSURE OBLIGATIONS?
The continuous disclosure obligations in Rule 7.2.1 also, importantly, operate closely with the:

a)	periodic/financial disclosure obligations set out in chapter 10 of the Rules; and

b)	the general disclosure obligations under FSMR, ADGM Commercial Laws (for Listed Entities incorporated in ADGM) and international commercial and corporate laws (for Listed Entities that are not incorporated in ADGM), including Prospectus Offer documents, bidders and targets statements, etc.",DPEL,,basic,ADGM,hard_enriched,e8a0c0b9-00fb-491e-988e-ef77853ed914,05f69230-1c8e-4359-98fe-2f92e40b5e8f,,,119),117),,,,,HV0028,ffac0015010636bf,ObliQA-XRef_Out_Datasets/final_large_merged/ObliQA-XRef-ADGM-ALL/final.jsonl,,,,
d873949d0426272b,"When a Mining Reporting Entity is preparing forecast financial information and that forecast is derived from a Production Target, how should it determine whether it must also provide disclosures about Ore Reserves—particularly where Ore Reserve estimates are being disclosed for the first time or have materially changed since the last disclosure—and what specific forecast-related items must be included in the disclosure package?","A Mining Reporting Entity preparing forecast financial information derived from a Production Target must include a defined set of forecast-related disclosures, and it should also assess whether its disclosure package triggers additional Ore Reserve disclosure obligations where Ore Reserve estimates are being disclosed for the first time or have materially changed since last disclosure. [#SRC:2c78a258-d9f2-4150-9d2c-ba681d8f9489] [#TGT:d23b7b81-8547-4159-a807-ea5be75b41b2] For the forecast financial information disclosure itself, the Mining Reporting Entity must cover the assumptions used to determine that forecast by: (i) stating all material economic assumptions employed; (ii) if it considers those material economic assumptions commercially sensitive, stating that they are commercially sensitive and explaining the methodology used to determine them; and (iii) stating all other material assumptions utilised. [#SRC:2c78a258-d9f2-4150-9d2c-ba681d8f9489] It must also disclose the Production Target from which the forecast financial information is derived, and include all information that is required to be included with that Production Target. [#SRC:2c78a258-d9f2-4150-9d2c-ba681d8f9489] Separately, if in the same disclosure context the Mining Reporting Entity is disclosing estimates of Ore Reserves (Probable Ore Reserves or Proved Ore Reserves) for the first time, or those estimates have materially changed since they were last disclosed, it must disclose the information required for such Ore Reserve disclosures. [#TGT:d23b7b81-8547-4159-a807-ea5be75b41b2]","A Mining Reporting Entity’s disclosure pursuant to Rule 11.9.1 must include:
(1)	in relation to the assumptions used to determine the forecast financial information:
(a)	all material economic assumptions employed;
(b)	if the Mining Reporting Entity considers the material economic assumptions to be commercially sensitive, a statement to that effect and an explanation of the methodology used to determine the material economic assumptions; and
Guidance
A Mining Reporting Entity that considers certain information relating to the material economic assumptions to be commercially sensitive should refer to paragraphs 47-54 of the Guidance on Mining and paragraphs 127 and 128 of the Guidance on Continuous Disclosure.
(c)	all other material assumptions utilised.
(2)	the Production Target from which the forecast financial information is derived (including all the information contained in Rule 11.8.3).","ORE RESERVES . Rule 11.6 requires a Mining Reporting Entity that is disclosing estimates of Ore Reserves (being Probable Ore Reserves or Proved Ore Reserves) for the first time, or that have materially changed from when they were last disclosed, to disclose certain information.",DPEL,,professional,ADGM,hard_enriched,2c78a258-d9f2-4150-9d2c-ba681d8f9489,d23b7b81-8547-4159-a807-ea5be75b41b2,,,11.9.2,47),,,,,HV0029,d873949d0426272b,ObliQA-XRef_Out_Datasets/final_large_merged/ObliQA-XRef-ADGM-ALL/final.jsonl,,,,
f88ceff7304b0880,"When a Third Party Provider intends to change information that the Governing Contract is required to include (such as the maximum time taken for the Third Party Services to be provided or the agreed means of communication for notifications), what advance notice must be given to the Customer, and how does any written agreement between the parties affect what information is treated as contractually required in the first place?","If a Third Party Provider proposes to change either the existing terms of the Governing Contract or any of the contract information that is required to be included, the Third Party Provider must give the Customer the proposed changes no later than two months before the date the changes are intended to take effect. [#SRC:29dd8b53-d149-4830-a218-06218e05b53f] The scope of “required” contract information is determined by what the Governing Contract must contain unless the Third Party Provider and the Customer have otherwise agreed in writing; absent such a written agreement, the contract must include specified items such as the maximum time taken for the Third Party Services to be provided and the agreed means of communication for transmitting information or notifications (including any technical requirements). [#TGT:c00769cc-c353-4c08-86ed-2b5baae1cc49] Accordingly, where the parties have not agreed otherwise in writing, changes to those mandated items (e.g., maximum service time or communication means) fall within the category of changes that must be provided to the Customer at least two months in advance of entry into force. [#SRC:29dd8b53-d149-4830-a218-06218e05b53f] Where the parties have agreed otherwise in writing, that agreement affects which items are treated as contractually required content, but any proposed changes to the existing contract terms still trigger the same two-month advance provision requirement. [#SRC:29dd8b53-d149-4830-a218-06218e05b53f] [#TGT:c00769cc-c353-4c08-86ed-2b5baae1cc49]","Changes in contractual information. Subject to Rule 20.2.7, any proposed changes to:
(a)	the existing terms of the Governing Contract; or
(b)	the information specified in Rule 20.2.2,
must be provided by the Third Party Provider to the Customer no later than two months before the date on which they are to take effect.","Unless otherwise agreed in writing between a Third Party Provider and their Customer, the Governing Contract between the Third Party Provider and their Customers must contain the following information –
(a)	about the Third Party Provider:
(i)	the name of the Third Party Provider;
(ii)	the address and contact details of the Third Party Provider’s office in ADGM;
(iii)	the name of the Regulator of the Third Party Provider, and details of the Third Party Provider’s Financial Service Permission;
(b)	about the Third Party Services:
(i)	a description of the main characteristics of the Third Party Services to be provided;
(ii)	the information or unique identifier that must be provided by the Customer in order for a Third Party Transaction to occur;
(iii)	the form and procedure for giving consent to a Third Party Transaction;
(iv)	the time of receipt of a Third Party Transaction;
(v)	the maximum time taken for the Third Party Services to be provided; and
(vi)	any limits for the use of the Third Party Services;
(c)	about charges and exchange rates:
(i)	details of all charges payable by the Customer to the Third Party Provider, including those connected to  information which is provided or made available and, where applicable, a breakdown of the amounts of all charges;
(ii)	where relevant, details of the exchange rates to be applied or, if Reference Exchange Rates are to be used, the method of calculating the relevant date for determining such Reference Exchange Rates;
(iii)	where relevant and if agreed, the application of changes in Reference Exchange Rates and information requirements relating to any such changes;
(d)	about communication:
(i)	the means of communication agreed between the parties for the transmission of information or notifications including, where relevant, any technical requirements for the Customer’s equipment and software for receipt of the information or notifications;
(ii)	the manner in which and frequency with which information under this Chapter is to be provided or made available;
(iii)	what information relating to the Customer will be transferred to the Customer’s Financial Institution as part of a Third Party Transaction;
(iv)	the Customer’s right to receive the revised terms of the Governing Contract and any other information in accordance with Rule 20.2.5;
(e)	about safeguards and corrective measures:
(i)	how and within what period of time the Customer must notify the Third Party Provider of any unauthorised or incorrectly executed Third Party Transaction;
(ii)	the secure procedure by which the Third Party Provider will contact the Customer in the event of suspected or actual fraud or security threats;
(iii)	where relevant, the conditions under which the Third Party Provider proposes to reserve the right to stop or prevent a Third Party Transaction from being executed;
(iv)	the Customer’s liability under Rule 20.12.6 including details of any limits on such liability;
(v)	the Third Party Provider’s liability for unauthorised Third Party Transactions under Rule 20.12.5;
(vi)	the conditions for the payment of any refund to the Customer under this Chapter
(f)	about changes to and termination of the contractual arrangement:
(i)	where relevant, the proposed terms under which the Customer will be deemed to have accepted changes to the Governing Contract in accordance with Rule 20.2.6, unless they notify the Third Party Provider that they do not accept such changes before the proposed date of their entry into force;
(ii)	the duration of the Governing Contract;
(iii)	where relevant, the right of the Customer to terminate the Governing Contract and any agreements relating to termination in accordance with Rule 20.2.6.
(g)	about redress:
(i)	any contractual clauses on the law applicable to the Governing Contract and the competent courts; and
(ii)	the availability of any alternative dispute resolution procedures, if applicable, for the Customer and the methods for having access to them.",DPEL,,professional,ADGM,hard_enriched,29dd8b53-d149-4830-a218-06218e05b53f,c00769cc-c353-4c08-86ed-2b5baae1cc49,,,20.2.5,20.2.2,,,,,HV0030,f88ceff7304b0880,ObliQA-XRef_Out_Datasets/final_large_merged/ObliQA-XRef-ADGM-ALL/final.jsonl,,,,
a4585a8d826562fd,"When a Mining Reporting Entity makes a disclosure that includes Exploration Targets, Exploration Results, or estimates of Mineral Resources or Ore Reserves, what must it state about the named Competent Person(s), and what consent must be obtained before making the disclosure regarding how the information and supporting material are presented?","A Mining Reporting Entity’s disclosure that includes Exploration Targets, Exploration Results, or estimates of Mineral Resources or Ore Reserves must both (i) include specific statements about the Competent Person(s) and (ii) be supported by prior written consent from the Competent Person(s) regarding presentation. The disclosure must state that it is based on, and fairly represents, information and supporting documentation prepared by a named Competent Person(s). [#TGT:1133d38f-067b-4a0a-b325-b5c7b2512203] It must also state, for each Competent Person, whether the person is an employee of the Mining Reporting Entity or a Related Party; if the person is not, the disclosure must give the name of the Competent Person’s employer. [#TGT:1133d38f-067b-4a0a-b325-b5c7b2512203] In addition, it must state the name of the professional organisation of which each Competent Person is a member. [#TGT:1133d38f-067b-4a0a-b325-b5c7b2512203] Separately, the disclosure may only be made if the Competent Person(s) have provided prior written consent covering the form and context in which the relevant Exploration Results or estimates of Mineral Resources or Ore Reserves (as applicable), together with the supporting information, are presented in that disclosure. [#SRC:c30b96f6-edff-4774-b206-68a20fe00ba8]","Competent Persons . The disclosure made in Rule 11.12.1 must only be made with the prior written consent of the Competent Person(s) as to the form and context in which the Exploration Results or estimates of Mineral Resources or Ore Reserves, as the case may be, and the supporting information is presented in the disclosure.","Competent Persons . Subject to Rule 11.12.2, a disclosure by a Mining Reporting Entity containing Exploration Targets, Exploration Results, or estimates of Mineral Resources or Ore Reserves must state:
(1)	that it is based on, and fairly represents, information and supporting documentation prepared by a named Competent Person(s);
(2)	in each case, whether the Competent Person is an employee of the Mining Reporting Entity or a Related Party and, if not, the name of the Competent Person’s employer; and
(3)	in each case, the name of the professional organisation of which each Competent Person is a member.",DPEL,,professional,ADGM,hard_enriched,c30b96f6-edff-4774-b206-68a20fe00ba8,1133d38f-067b-4a0a-b325-b5c7b2512203,,,11.12.2,11.12.1,,,,,HV0031,a4585a8d826562fd,ObliQA-XRef_Out_Datasets/final_large_merged/ObliQA-XRef-ADGM-ALL/final.jsonl,,,,
5e189c20eddb5245,"When an Authorised Person conducting Investment Business plans to use a Client’s Safe Custody Assets for its own purpose or for another Person, what specific permissions, controls, and record materials must it have in place, and what must be included in its Resolution Pack to evidence compliance?","An Authorised Person that intends to use a Client’s Safe Custody Assets for its own purpose or for another Person must operate controls that secure the Client’s position and must be able to evidence those controls through the records it keeps and includes in its Resolution Pack. [#TGT:82a79456-0923-48f0-8521-17b43774e939] In practice, this means it must (i) obtain the Client’s prior written permission before using the Safe Custody Assets, (ii) maintain adequate records to protect Safe Custody Assets when they are used as collateral or for stock lending, (iii) ensure equivalent assets are returned to the Client Account, and (iv) ensure the Client is not disadvantaged by the use. [#TGT:82a79456-0923-48f0-8521-17b43774e939] To support resolution readiness, the Resolution Pack must include records demonstrating that adequate records are kept and that the Client provided written permission for the use of Client Investments (which aligns with the need for prior written permission and recordkeeping when using Safe Custody Assets). [#SRC:803ff2b9-9528-459a-b9d2-45066785e9f5] The Resolution Pack must also include master lists of all Client Accounts in relation to Client investments, which supports demonstrating where equivalent assets should be returned (i.e., to the relevant Client Account). [#SRC:803ff2b9-9528-459a-b9d2-45066785e9f5]","The following records must be included in the Resolution Pack of an Authorised Person conducting Investment Business:
(a)	Rules ‎2.7.1 and ‎3.7.1(d) (records of Client classification and Client agreements);
(b)	Rules 14.6.2 and ‎15.4.3 (master lists of all Client Accounts in relation to Client Money and Client investments);
(c)	Rule ‎15.4.4 and Rule ‎15.4.5 (adequate records and Client's written permission re use of Client Investments);
(d)	Rules 14.7.1 and 14.7.4 (assessment of appropriateness of Third-Party Agent and acknowledgement by Third-Party agent in respect of Client Money); and
(e)	Rule ‎15.5.1 and 15.6.1 (assessment of appropriateness of Third Party Agent and acknowledgement by Third-Party Agent in respect of Client Investments); and
(f)	Rule 14.11.1 and ‎15.9.1 (most recent reconciliations of Client Money and Client Investments).","An Authorised Person which intends to use a Client's Safe Custody Assets for its own purpose or that of another Person, must have systems and controls in place to ensure that:
(a)	it obtains that Client's prior written permission;
(b)	adequate records are maintained to protect Safe Custody Assets which are applied as collateral or used for stock lending activities;
(c)	the equivalent assets are returned to the Client Account of the Client; and
(d)	the Client is not disadvantaged by the use of his Safe Custody Assets.",DPEL,,professional,ADGM,hard_enriched,803ff2b9-9528-459a-b9d2-45066785e9f5,82a79456-0923-48f0-8521-17b43774e939,,,16.4.1,15.4.5,,,,,HV0032,5e189c20eddb5245,ObliQA-XRef_Out_Datasets/final_large_merged/ObliQA-XRef-ADGM-ALL/final.jsonl,,,,
e73ddfe65d568d47,"When an Authorised Person is calculating RWA for a credit risk exposure and has taken eligible financial Collateral for that exposure while using the FCSA, how must it reflect the collateral in the exposure amount and the applicable risk weights so that the resulting RWA amounts can be aggregated across all credit risk exposures?","In calculating RWA for a CR Exposure, an Authorised Person must determine an Exposure value (E) for each on- and off-balance sheet asset while recognising the effects of any applicable CRM, then apply the RWA formula and aggregate the resulting RWA amounts across all CR Exposures. [#TGT:5c99a9f9-b97d-4f45-834a-0562c13cf368] Where the CRM is eligible financial Collateral taken for a CR Exposure and the Authorised Person is using the FCSA, the collateral effect is recognised by splitting the CR Exposure into two components based on the latest fair value of the eligible financial Collateral. [#SRC:b8497e84-dc88-476d-8393-4486a082c9bb] Specifically, the collateralised portion must have E set equal to the latest fair value of the eligible financial Collateral, and the uncollateralised portion must have E set equal to the original E of the CR Exposure minus that latest fair value. [#SRC:b8497e84-dc88-476d-8393-4486a082c9bb] The applicable risk weight (CRW) used in the RWA calculation must then differ by portion: apply the CRW applicable to the eligible financial Collateral to the collateralised portion as if the Authorised Person had a direct exposure to the collateral, and apply the CRW applicable to the obligor to the uncollateralised portion. [#SRC:b8497e84-dc88-476d-8393-4486a082c9bb] Each portion’s RWA is calculated using RWA(CR) = E × CRW and then included in the sum of RWA amounts across all CR Exposures. [#TGT:5c99a9f9-b97d-4f45-834a-0562c13cf368]","Recognition of eligible financial Collateral under FCSA. Subject to A4.3.28, an Authorised Person which has taken eligible financial Collateral for a CR Exposure and is using the FCSA may recognise the effects of CRM of the eligible financial Collateral as follows:
(a) 	break down the Exposure into -
(i) 	a collateralised portion with E equal to the latest fair value of the eligible financial Collateral; and
(ii) 	an uncollateralised portion with E equal to the E of the CR Exposure less the latest fair value of the eligible financial Collateral;
and
(b) 	for the purposes of calculating the Credit RWA amount pursuant to Rule 4.8.3, use:
(i) 	for the collateralised portion, the CRW that is applicable to the eligible financial Collateral as though the Authorised Person had a direct Exposure to that Collateral; and
(ii) 	for the uncollateralised portion, the CRW that is applicable to the obligor.","Calculation of RWA for Credit Risk Exposures (CR Exposures). To calculate its RWA for CR Exposures, an Authorised Person must:
(a)	calculate the value of the Exposure (represented as ""E"") for every on-balance sheet and every off balance sheet asset in accordance with the Exposure measurement methodology specified in Section 4.9 and recognising the effects of any applicable CRM;
(b)	categorise that Exposure in accordance with the Rules in Section 4.10;
(c)	allocate an applicable Credit Quality Grade and risk weight for that Exposure in accordance with the Rules in Section 4.11 and 4.12;
(d)	calculate the RWA amount for that Exposure using the following formula: RWA(CR) = E x CRW
where:
(i)	""RWA(CR)"" refers to the risk weighted Exposure amount for that CR Exposure;
(ii)	""E"" refers to the Exposure value or amount, for that CR Exposure; and
(iii)	""CRW"" refers to the applicable risk weight for that CR Exposure determined in accordance with (b) and (c); and
(e)	add the RWA amounts calculated in accordance with (d) for all its CR Exposures.",DPEL,,professional,ADGM,hard_enriched,b8497e84-dc88-476d-8393-4486a082c9bb,5c99a9f9-b97d-4f45-834a-0562c13cf368,,,APP4.A4.3.27,4.8.3,,,,,HV0033,e73ddfe65d568d47,ObliQA-XRef_Out_Datasets/final_large_merged/ObliQA-XRef-ADGM-ALL/final.jsonl,,,,
6dd44380bd02e3d2,"When an Authorised Person holds CET1 Capital instruments issued by a Relevant Entity, how should it determine whether the holding is treated as a “significant investment” for CET1 deduction purposes, and how does that determination affect which category of CET1 deduction applies to those holdings?","For CET1 deduction purposes, an Authorised Person must first classify its holdings of CET1 Capital instruments issued by a Relevant Entity by determining whether the holding is a “significant investment,” because the CET1 deduction category differs depending on that classification. [#TGT:07c1a4bc-0a9d-43a2-83b5-5e59dc8356dd] A holding must be treated as a significant investment if any of these conditions is met: (i) the Authorised Person owns more than 10% of the CET1 Capital instruments issued by the Relevant Entity; (ii) the Authorised Person has Close Links with the Relevant Entity and owns its CET1 Capital instruments; or (iii) the Authorised Person owns the Relevant Entity’s CET1 Capital instruments and the Relevant Entity is not included in consolidation under the specified consolidation framework but is included in the same accounting consolidation as the Authorised Person for IFRS financial reporting. [#SRC:c9f19d0b-d036-4cfe-88ba-7e2528a70c11] If the holding is not a significant investment, the Authorised Person must deduct the applicable amount for holdings in Relevant Entities where it does not have a significant investment. [#TGT:07c1a4bc-0a9d-43a2-83b5-5e59dc8356dd] If the holding is a significant investment, the Authorised Person must instead deduct the applicable amount for holdings in Relevant Entities where it has a significant investment. [#TGT:07c1a4bc-0a9d-43a2-83b5-5e59dc8356dd]","CET1 Deductions - significant investment in a Relevant Entity. For the purposes of Rules 3.10.7(g) and (h), an investment by an Authorised Person in a Relevant Entity must be considered as a significant investment if it meets any of the following conditions:
(a)	the Authorised Person owns more than 10% of the CET1 Capital instruments issued by that entity;
(b)	the Authorised Person has Close Links with that entity and owns CET1 Capital instruments issued by that entity; or
(c)	the Authorised Person owns CET1 Capital instruments issued by that entity and the entity is not included in consolidation pursuant to Chapter 8 of these Rules but is included in the same accounting consolidation as the Authorised Person for the purposes of financial reporting under the International Financial Reporting Standards.","CET1 Deductions. Subject to the following Rules in this Section, an Authorised Person must deduct the following from the calculation of its CET1 Capital:
(a)	losses for the current financial year;
(b)	goodwill and other intangible assets as defined in the International Financial Reporting Standards;
(c)	deferred tax assets that rely on future profitability;
(d)	defined benefit pension fund assets of the Authorised Person;
(e)	the applicable amount, by reference to Rule 3.10.12, of direct and indirect holdings by an Authorised Person of its own CET1 Capital instruments including instruments under which an Authorised Person is under an actual or contingent obligation to effect a purchase by virtue of an existing contractual obligation;
(f)	holdings of the CET1 Capital instruments of Relevant Entities where those entities have a reciprocal cross holding with the Authorised Person which have the effect of artificially inflating the Capital Resources of the Authorised Person;
(g)	the applicable amount, by reference to Rule 3.10.13, of direct and indirect holdings by the Authorised Person of CET1 Capital instruments of Relevant Entities where the Authorised Person does not have a significant investment in those entities;
(h)	the applicable amount, by reference to Rules 3.10.13 and 3.10.18, of direct and indirect holdings by the Authorised Person of the CET1 Capital instruments of Relevant Entities where the Authorised Person has a significant investment in those entities;
(i)	the amount of items required to be deducted from the calculation of AT1 Capital in accordance with the relevant Rules under Section 3.11, that exceeds the AT1 Capital of the Authorised Person;
(j)	the Exposure amount of the following items which qualify for a risk weight of 1000%, where the Authorised Person deducts that Exposure amount from CET1 Capital as an alternative to applying a risk weight of 1000%:
(i)	Qualifying Holdings;
(ii)	securitisation positions, in accordance with relevant Rules in Chapter 4; and
(iii)	free deliveries, in accordance with the Rules in Section A4.6; and
(k)	for an Authorised Person which is a Partnership, the amount by which the aggregate of the amounts withdrawn by its Partners or members exceeds the profits of that firm.",DPEL,,professional,ADGM,hard_enriched,c9f19d0b-d036-4cfe-88ba-7e2528a70c11,07c1a4bc-0a9d-43a2-83b5-5e59dc8356dd,,,3.10.13,3.10.7,,,,,HV0034,6dd44380bd02e3d2,ObliQA-XRef_Out_Datasets/final_large_merged/ObliQA-XRef-ADGM-ALL/final.jsonl,,,,
bdea13e6e19e957a,"When an Authorised Person is determining whether an Exposure should receive the 150% risk weight for being associated with particularly high risks, which types of Investments must be treated as particularly high risk, including any categories that could cover Shares or Units in a Collective Investment Fund?","An Authorised Person must assign a 150% risk weight to any Exposure that is associated with particularly high risks, and this includes Exposures that take the form of Shares or Units in a Collective Investment Fund. [#TGT:6b31cf25-ad2a-492c-87c2-2a78a8158162] To determine what counts as an Exposure associated with particularly high risks, the relevant high-risk set must include Investments in venture capital funds and Investments in hedge funds or alternative investment funds (expressly including Private Equity Funds). [#SRC:634d7695-6188-4cdb-bdd8-bc789adba744] It must also include speculative immovable property financing. [#SRC:634d7695-6188-4cdb-bdd8-bc789adba744] In addition, any Investments that the Regulator declares to be high risk for this purpose must be treated as particularly high risk. [#SRC:634d7695-6188-4cdb-bdd8-bc789adba744] Accordingly, if an Exposure consists of Shares or Units in a Collective Investment Fund and that fund is, for example, a venture capital fund, a hedge fund, or another alternative investment fund such as a Private Equity Fund, the Exposure falls within the particularly high-risk category and must receive the 150% risk weight. [#TGT:6b31cf25-ad2a-492c-87c2-2a78a8158162] [#SRC:634d7695-6188-4cdb-bdd8-bc789adba744]","Exposures associated with particularly high risks. For the purposes of Rule 4.12.19, Exposures with particularly high risks must include the following Investments:
(a)	Investments in venture capital funds;
(b)	Investments in hedge funds or alternative investment funds, including but not limited to Private Equity Funds;
(c)	speculative immovable property financing; and
(d)	any Investments declared by the Regulator to constitute high risk for the purpose of this Rule.","Exposures associated with particularly high risks. An Authorised Person must apply a risk weight of 150% to Exposures, including Exposures in the form of Shares or Units in a Collective Investment Fund, that are associated with particularly high risks.",DPEL,,professional,ADGM,hard_enriched,634d7695-6188-4cdb-bdd8-bc789adba744,6b31cf25-ad2a-492c-87c2-2a78a8158162,,,4.12.20,4.12.19,,,,,HV0035,bdea13e6e19e957a,ObliQA-XRef_Out_Datasets/final_large_merged/ObliQA-XRef-ADGM-ALL/final.jsonl,,,,
16c3ee4a53c1a9f6,"How should an Authorised Person determine whether it falls in Category 2 or Category 3C when its Financial Services Permission includes Providing Credit or Dealing in Investments as Principal (not as Matched Principal), and it also carries on Managing Assets with some Dealing in Investments as Agent that is wholly incidental to Managing Assets?","The categorisation turns on which Regulated Activities are authorised and, for dealing, whether the dealing is principal credit/dealing versus agent dealing that is only incidental to Managing Assets. [#SRC:9e40803b-0d63-4d4f-a8ff-0a644cc795d0] If the Financial Services Permission authorises Providing Credit or Dealing in Investments as Principal (not as Matched Principal), and the dealing activities are not limited in scope in the specified way, the Authorised Person is treated as Category 2 provided it also does not meet the criteria of Categories 1 or 5. [#TGT:6737c8c3-06cb-4da7-bbcd-9e8650ecf66f] Separately, an Authorised Person is in Category 3C where its permission authorises one or more activities such as Managing Assets (among other listed activities) and it does not meet the criteria of Categories 1, 2, 3A, 3B or 5. [#SRC:9e40803b-0d63-4d4f-a8ff-0a644cc795d0] The explicit linkage is that Dealing in Investments as Agent does not, by itself, move the firm out of Category 3C when it is carried out wholly incidentally to Managing Assets (or Managing an Investment Fund); in that case it is regarded as falling within Category 3C. [#TGT:6737c8c3-06cb-4da7-bbcd-9e8650ecf66f] Therefore, if the firm meets the Category 2 conditions, Category 3C is excluded; if it does not meet Category 2 and it is authorised for Managing Assets (with only incidental agent dealing), it can fall within Category 3C. [#SRC:9e40803b-0d63-4d4f-a8ff-0a644cc795d0] [#TGT:6737c8c3-06cb-4da7-bbcd-9e8650ecf66f]","Category 3C
An Authorised Person is in Category 3C if:
(a)	its Financial Services Permission authorises it to carry on one or more of the Regulated Activities of:
(i)	Managing Assets;
(ii)	Managing a Collective Investment Fund;
(iii)	Providing Custody (where it does so other than for a Fund);
(iv)	Managing a Profit Sharing Investment Account which is a PSIAr;
(v)	Providing Trust Services (where it is acting as trustee in respect of at least one express trust); or
(vi)	Providing Money Services; and
(b)	it does not meet the criteria of Categories 1, 2, 3A, 3B or 5.
Guidance
A Category 3C Authorised Person may be authorised to conduct other Regulated Activities, but it is the authorisation for Managing Assets, Managing a Collective Investment Fund, Providing Custody other than for a Fund or Managing a Profit Sharing Investment Account which is a PSIAr, Providing Trust Services (where it is acting as a trustee in respect of at least one express trust) or Providing Money Services, and the absence of authorisation for the activities specified in Rules 1.3.1, 1.3.2, 1.3.3 and 1.3.4 that are determinative of its belonging to Category 3C.","An Authorised Person is in Category 2 if:
(a)	its Financial Services Permission authorises it to carry on one or both of the Regulated Activities of Providing Credit or Dealing in Investments as Principal (not as Matched Principal);
(b)	its dealing activities are not limited in scope as provided in Rule 1.3.3(1)(a)(i); and
(c)	it does not meet the criteria of Categories 1 or 5.
Category 3A
Guidance
A Category 3A Authorised Person may be authorised to conduct other Regulated Activities, but it is the authorisation for Dealing in Investments as Agent and the absence of authorisation for the activities specified in Rules 1.3.1 and 1.3.2 that are determinative of its belonging to Category 3A. Provided that an Authorised Person carries out the Regulated Activity of Dealing in Investments as Agent in a manner that is wholly incidental to the activity of Managing an Investment Fund or Managing Assets, the Authorised Person shall be regarded as falling within Category 3C.",DPEL,,professional,ADGM,hard_enriched,9e40803b-0d63-4d4f-a8ff-0a644cc795d0,6737c8c3-06cb-4da7-bbcd-9e8650ecf66f,,,1.3.5,1.3.2,,,,,HV0036,16c3ee4a53c1a9f6,ObliQA-XRef_Out_Datasets/final_large_merged/ObliQA-XRef-ADGM-ALL/final.jsonl,,,,
05dc10be3be6dd06,"If an MTF lists Securities from an Exempt Offer that was made on its own platform, what controls does it need to (1) keep trading limited to the right people and (2) help users get the key information, and how does that fit with the Recognised Investment Exchange’s general rules about fair trading and access to disclosed information?","The MTF needs controls that (a) enforce who can trade the Exempt Offer Securities and (b) make sure users can access the relevant information, and those controls should operate within Business Rules designed to support fair, orderly and efficient trading and information access. [#SRC:a957fb33-ff4c-44e4-a2e7-06196b2f6b66] Specifically, the MTF must have effective systems and controls to admit only Securities from Exempt Offers made on its own platform and to identify the Persons to whom the Exempt Offer was made, so it can correctly gate trading access. [#SRC:a957fb33-ff4c-44e4-a2e7-06196b2f6b66] It must also restrict trading in those Securities to no more than 200 Persons who are not Professional Clients, meaning the venue should be able to monitor and enforce that numerical limit in its trading permissions. [#SRC:a957fb33-ff4c-44e4-a2e7-06196b2f6b66] On the information side, it must allow users of its market to obtain Inside Information relevant to the Securities, including the applicable Offer documents. [#SRC:a957fb33-ff4c-44e4-a2e7-06196b2f6b66] These Exempt Offer controls should align with the Recognised Investment Exchange’s broader admission framework requiring clear and transparent Business Rules, trading that is fair, orderly and efficient, and arrangements to help users access information made public under disclosure obligations. [#TGT:a9b5571e-2d13-4cb0-b58f-9c251e6bd215]","An MTF that admits to trading Securities that are offered by way of an Exempt Offer under MKT Rule 4.3.1 (13) shall ensure that it has effective systems and controls in place to:
(a)	admit only Securities of such Exempt Offers that are made on its own platform;
(b)	identify those Persons to whom the Exempt Offer was made;
(c)	restrict trading of the Securities, to no more than 200 Persons who are not Professional Clients;
(d)	comply with MIR rule 3.9.1 (Admission to trading), as applicable in relation to the relevant Securities; and
(e)	allow users of its market to obtain Inside Information, including any Offer documents pursuant to MKT Rule 4.3.5 relevant to the Securities.","Admission to trading
In order to admit Financial Instruments to trading, a Recognised Investment Exchange must satisfy the following requirements, save and except for Recognised Investment Exchanges which only admit to trading Derivatives, in which case only (a), (b), (c) and (i) apply:
(a)	A Recognised Investment Exchange’s Business Rules must be clear and transparent in relation to the admission of Financial Instruments to trading on any market operated by it.
(b)	The Business Rules must ensure that all Financial Instruments admitted to trading on any market operated by the Recognised Investment Exchange are capable of being traded in a fair, orderly and efficient manner.
(c)	The Business Rules must ensure that:
(i)	all Financial Instruments other than Derivatives admitted to trading on a market operated by the Recognised Investment Exchange are freely negotiable; and
(ii)	all contracts for Derivatives admitted to trading on a regulated market operated by the Recognised Investment Exchange are designed so as to allow for their orderly pricing as well as for the existence of effective settlement conditions.
(d)	For the purposes of meeting the requirements in Rule 3.9.1(c)(ii), a Recognised Investment Exchange must include in its Business Rules, or its Business Rule procedures, contract design specifications relating to Derivative contracts traded on its market which, at a minimum, include:
(i)	minimum price fluctuations (price ticks);
(ii)	maximum price fluctuations (daily price limits), if any;
(iii)	last trading day;
(iv)	settlement or delivery procedures as applicable;
(v)	trading months;
(vi)	position limits, if any;
(vii)	reportable levels; and
(viii)	trading hours.
(e)	The Recognised Investment Exchange must maintain effective arrangements to verify that Issuers of Financial Instruments admitted to trading on a market operated by it comply with its disclosure obligations.
(f)	The Recognised Investment Exchange must maintain arrangements to assist users of a market operated by it to obtain access to information made public under its disclosure obligations.
(g)	The Recognised Investment Exchange must maintain arrangements regularly to review whether the Financial Instruments admitted to trading on a market operated by it comply with the admission requirements for those Financial Instruments.
(h)	The Business Rules must provide that where a Recognised Investment Exchange, without obtaining the consent of the Issuer, admits to trading on a market operated by it a Financial Instrument which has been admitted to trading on another market, the Recognised Investment Exchange:
(i)	must inform the Issuer of that Financial Instrument as soon as is reasonably practicable; and
(ii)	may not require the Issuer of that Financial Instrument to demonstrate compliance with its disclosure obligations.
(i)	The Business Rules must provide that where a Recognised Investment Exchange, without obtaining the consent of the Issuer, admits to trading on an MTF operated by it a Financial Instrument which has been admitted to trading on a market, it may not require the Issuer of that Financial Instrument to demonstrate compliance with its disclosure obligations.
(j)	A Recognised Investment Exchange must comply with the requirements of Rule 3.11 where it admits to trading on a market operated by it a Financial Instrument, the value of which is determined by reference to an underlying benchmark or index provided by a Price Reporting Agency.",DPEL,,basic,ADGM,hard_enriched,a957fb33-ff4c-44e4-a2e7-06196b2f6b66,a9b5571e-2d13-4cb0-b58f-9c251e6bd215,,,8.2.2,3.9.1,,,,,HV0037,05dc10be3be6dd06,ObliQA-XRef_Out_Datasets/final_large_merged/ObliQA-XRef-ADGM-ALL/final.jsonl,,,,
a7c2fff31099d8c6,"If a Listed Entity entered into an issue (or agreement to issue) Securities without prior holder approval, under what conditions can that transaction later be treated as approved, and how does that later approval affect whether the Listed Entity needs holder approval to stay within the cap on new Equity Securities calculated using the 20% Base Amount minus Relevant Issues formula?","A Listed Entity can have an unapproved issue (or agreement to issue) treated as if it had approval, but only if three conditions are met: the issue/agreement stayed within the applicable limit, the holders of the Listed Entitys Ordinary Securities later approve it, and the Securities are actually issued within three months after that approval date. [#SRC:3f609871-988e-4e0c-921f-6e1066c630f6] This matters for the cap on new Equity Securities because issuing (or agreeing to issue) more than the maximum number produced by the formula requires approval of the holders of Ordinary Securities. [#TGT:a5d5f764-a746-4801-8e14-9584a84d3933] Once the later approval is effective for the earlier transaction, that transaction is treated as having been made with approval for the relevant approval purpose. [#SRC:3f609871-988e-4e0c-921f-6e1066c630f6] In applying the formula, Equity Securities issued or agreed to be issued in the prior 12 months are excluded from “Relevant Issues” if they were made with holder approval, and the “Base Amount” can include fully paid Ordinary Securities issued in the prior 12 months with such approval (including cases taken to have been approved). [#TGT:a5d5f764-a746-4801-8e14-9584a84d3933]","Subsequent approval of an issue of Securities. An issue of, or agreement to issue, Securities made without approval under Rule 9.7.1 is treated as having been made with approval for the purposes of Rule 9.7.1 if:
(1)	the issue or agreement did not exceed the limit in Rule 9.7.1;
(2)	the holders of the Listed Entity’s Ordinary Securities subsequently approve it; and
(3)	the Securities are issued within three months of the date of the approval.","Restrictions on new Issues of Equity Securities . A Listed Entity must not issue, or agree to issue, more Equity Securities than the number calculated according to the following formula, without the approval of the holders of Ordinary Securities:
Maximum number of Equity Securities = (20% * Base Amount) – Relevant Issues),
where:
Base Amount = the number of fully paid Ordinary Securities on issue as of the date 12 months before the date of issue or agreement (the “12 months Base Amount”), plus the number of:
(1)	fully paid Ordinary Securities issued in the 12 months before the date of issue or agreement under an exception in Rule 9.7.4 other than exceptions (8), (15) or (16);
(2)	fully paid Ordinary Securities issued in the 12 months before the date of issue or agreement under an exception in Rule 9.7.4 other than exception (15), where the agreement was:
(i)	entered into before the commencement of the 12 month period; or
(ii)	approved, or taken under the Rules to have been approved, under Rule 9.7.1 or Rule 9.7.5; and
(3)	any other fully paid Ordinary Securities issued in the 12 months before the date of issue or agreement with approval under Rule 9.7.1 or Rule 9.7.5;
Guidance
The Base Amount may include fully paid Ordinary Securities issued in the 12 months before the date of issue or agreement under an agreement to issue Securities within Rule 9.7.4 exception (14) where the issue is subsequently approved under Rule 9.7.1.
(4)	partly paid Ordinary Securities that became fully paid in the 12 months before the date of issue or agreement,
but subtracting the number of fully paid Ordinary Securities cancelled in the 12 months before the date of issue or agreement.
Relevant Issues = the number of Equity Securities issued, or agreed to be issued, in the 12 months before the date of issue or agreement to issue other than:
(a)	with the approval of the holders of its Ordinary Securities under Rule 9.7.1 or Rule 9.7.5; or
(b)	under an exception in Rule 9.7.4.",DPEL,,professional,ADGM,hard_enriched,3f609871-988e-4e0c-921f-6e1066c630f6,a5d5f764-a746-4801-8e14-9584a84d3933,,,9.7.5,9.7.1,,,,,HV0038,a7c2fff31099d8c6,ObliQA-XRef_Out_Datasets/final_large_merged/ObliQA-XRef-ADGM-ALL/final.jsonl,,,,
f6f4407ec6bd7977,"When an Authorised Person evaluates its Exposure to interest rate risk arising from its Non Trading Book activities, what specific interest-rate shock scenario must be included, and how should the evaluation be handled if the Authorised Person has balance sheet positions in more than one currency?","An Authorised Person’s evaluation of its Exposure to the interest rate risk arising from its Non Trading Book activities must include a defined stress scenario and, where relevant, be performed on a currency-by-currency basis. [#TGT:9f5db2ba-19a5-4149-b8c0-f470ec9e54e3] Specifically, the evaluation must cover the impact of a sudden and unexpected parallel shift in interest rates of 200 basis points, assessed in both directions (i.e., an upward and a downward move). [#SRC:0dd318fb-6509-4aaf-96be-2ee00073b4c6] In addition, if the Authorised Person has balance sheet positions in different currencies, it must measure its risk Exposures separately in each material currency, rather than only producing a single aggregated measure across currencies. [#TGT:9f5db2ba-19a5-4149-b8c0-f470ec9e54e3] Taken together, this means the required 200-basis-point parallel-rate shock (up and down) must be applied within the evaluation framework used for Non Trading Book interest rate risk, and the resulting risk Exposures must be determined for each material currency where multi-currency balance sheet positions exist. [#SRC:0dd318fb-6509-4aaf-96be-2ee00073b4c6] [#TGT:9f5db2ba-19a5-4149-b8c0-f470ec9e54e3]",The evaluation under Rule 7.2.1 must cover the effect of a sudden and unexpected parallel change in interest rates of 200 basis points in both directions.,An Authorised Person must carry out an evaluation of its Exposure to the interest rate risk arising from its Non Trading Book activities. An Authorised Person with balance sheet positions in different currencies must measure its risk Exposures in each of the material currencies.,DPEL,,professional,ADGM,hard_enriched,0dd318fb-6509-4aaf-96be-2ee00073b4c6,9f5db2ba-19a5-4149-b8c0-f470ec9e54e3,,,7.2.2.(1),7.2.1,,,,,HV0039,f6f4407ec6bd7977,ObliQA-XRef_Out_Datasets/final_large_merged/ObliQA-XRef-ADGM-ALL/final.jsonl,,,,
5f62d3cce6a13e8e,"For a Domestic Fund that is treated as an Exempt Fund because it is privately placed only, limited to Professional Clients, and has a minimum initial subscription of at least US$50,000 while not meeting the conditions to be a Qualified Investor Fund, what must the Fund Manager do if the fund later cannot continue to meet the conditions needed to remain an Exempt Fund, and what alternative reclassification options are available?","A Domestic Fund that qualifies as an Exempt Fund on the basis that its Units are offered only by private placement, all Unitholders meet the criteria to be classified as Professional Clients, and each person’s initial subscription is at least US$50,000 (and it is not a Qualified Investor Fund) is treated as an Exempt Fund for these purposes. [#TGT:739bcd07-b23a-4057-98eb-1f81fab280f8] If that Exempt Fund later can no longer meet the relevant conditions required for it to be classified as an Exempt Fund, the Fund Manager is required to apply for the winding up of that Fund. [#SRC:6e2b3cea-7166-4cff-a20a-f10f87ba8b03] As an alternative to winding up, the Fund Manager may instead have the Fund moved to the classification of a Public Fund, but doing so requires satisfying the requirements and formalities that apply specifically to a Public Fund. [#SRC:6e2b3cea-7166-4cff-a20a-f10f87ba8b03] Separately, an Exempt Fund may choose to convert to a Qualified Investor Fund, but only if it meets the conditions applicable to a Qualified Investor Fund (which is distinct from the Domestic Fund scenario described where it does not satisfy those conditions). [#SRC:6e2b3cea-7166-4cff-a20a-f10f87ba8b03] [#TGT:739bcd07-b23a-4057-98eb-1f81fab280f8]","If an Exempt Fund can no longer meet the relevant conditions set out in Rule ‎3.3.3 to be classified as an Exempt Fund, the Fund Manager of that Fund is required, under Section 112 of the FSMR, to apply for the winding up of that Fund. Alternatively, the Fund Manager may have that Fund moved to the classification of a Public Fund, which requires the satisfaction of the requirements and formalities specific to that type of Fund. An Exempt Fund may also, if it wishes to, convert to a Qualified Investor Fund provided it meets the conditions applicable to a Qualified Investor Fund in Rule ‎3.3.4.","A Domestic Fund is an Exempt Fund, if:
(a)	its Units are offered to persons only by way of a private placement;
(b)	all its Unitholders are persons who meet the criteria to be classified as Professional Clients; and
(c)	the initial subscription to be paid by a person to become a Unitholder is at least US$50,000,
and it does not satisfy the conditions in Rule ‎3.3.4 below to be a Qualified Investor Fund.",DPEL,,professional,ADGM,hard_enriched,6e2b3cea-7166-4cff-a20a-f10f87ba8b03,739bcd07-b23a-4057-98eb-1f81fab280f8,,,PART 5.14.1.Guidance.1,PART 2.3.3.3.(1),,,,,HV0040,5f62d3cce6a13e8e,ObliQA-XRef_Out_Datasets/final_large_merged/ObliQA-XRef-ADGM-ALL/final.jsonl,,,,
3680a608c39c6edf,"When an Authorised Person (and its participants) intends to use a delivery and/or storage facility for Accepted Spot Commodities in a jurisdiction outside the ADGM, what conditions must that facility satisfy so it can be treated as an eligible “appropriate jurisdiction” facility, and what ongoing compliance features must be in place?","An Authorised Person, and its participants, may use delivery and/or storage facilities for Accepted Spot Commodities either within the ADGM or in another jurisdiction, but use outside the ADGM is only permissible where the facility meets the specified requirements for an “appropriate jurisdiction” facility. [#SRC:4230a066-37c4-4630-bb93-d9a0ed5bc81b] For a facility operating from outside ADGM to qualify, it must operate under rules and regulations equivalent to those applying in the Abu Dhabi Global Market. [#TGT:dda13926-2cce-4e09-a50f-508bd4257bd5] In addition, the facility must maintain ongoing compliance and controls, including: it must at all times comply with all applicable laws in the relevant jurisdiction or elsewhere (explicitly including port conditions, customs, anticorruption, and taxation requirements, plus any other applicable rules). [#TGT:dda13926-2cce-4e09-a50f-508bd4257bd5] It must adhere to appropriate international standards for storage and delivery mechanisms (including IOSCO Good and Sound Practices) and hold OHSAS 18001 Health & Safety Management or equivalent certification standards. [#TGT:dda13926-2cce-4e09-a50f-508bd4257bd5] It must also have appropriate audit and control arrangements for inventories, deliveries, and physical infrastructure, and appropriate insurance covering operational, security, fraud, natural disasters, and other applicable risks. [#TGT:dda13926-2cce-4e09-a50f-508bd4257bd5]","An Authorised Person, and its participants, must only use delivery and/or storage facilities for Accepted Spot Commodities from:
(a)	within the ADGM, or
(b)	other appropriate jurisdictions that can meet the requirements of Rule 22.4.2.","For the purposes of Rule 22.4.1, any delivery and/or storage facility used by an Authorised Person must be a facility in relation to which –
(a)	where the delivery and/or storage facility operates from outside ADGM, it operates under rules and regulations equivalent to those applying in the Abu Dhabi Global Market;
(b)	the delivery and/or storage facility will, at all times, comply with all applicable laws in the relevant jurisdiction or elsewhere, including in particular and without limitation:
(i) 	local port conditions;
(ii)	local, national and global customs requirements;
(iii)	local, national and global anticorruption laws;
(iv)	local, national and global taxation requirements; and
(v)	any other applicable rules and regulations;
(c)	the delivery and/or storage facility adheres to:
(i)	appropriate international standards for storage and delivery mechanisms, including with regard to IOSCO’s Good and Sound Practices; and
(ii)	OHSAS 18001 Health & Safety Management or equivalent certification standards;
(d)	it has appropriate audit and control arrangements in place, in relation to inventories, deliveries and physical infrastructure; and
(e)	it has appropriate insurance arrangements in place to cover operational, security, fraud, natural disasters and other applicable risks.",DPEL,,professional,ADGM,hard_enriched,4230a066-37c4-4630-bb93-d9a0ed5bc81b,dda13926-2cce-4e09-a50f-508bd4257bd5,,,22.4.1,22.4.2,,,,,HV0041,3680a608c39c6edf,ObliQA-XRef_Out_Datasets/final_large_merged/ObliQA-XRef-ADGM-ALL/final.jsonl,,,,
a346741805e67f29,"When the Regulator receives the required notice that would ordinarily trigger it to inform Host Regulator(s) of its intent to use the passporting procedures for a Passported Fund, in what circumstances may the Regulator refrain from sending that notice, and if it does proceed, what are the timing and follow-on steps tied to Host Regulator confirmation and the Register of Passported Funds?","The Regulator’s ability to progress passporting notifications is conditional: even where it would ordinarily send a notice to Host Regulator(s) about its intent to use the passporting procedures, it must refrain from transmitting the relevant notice if it considers the Fund Manager or the Public Fund is not compliant, or may become non-compliant, with applicable legislation (including these Rules), or if refraining is necessary and appropriate to meet the Regulator’s objectives. [#SRC:02c6d009-e171-41d6-adac-aaaaf2b66e5a] If the Regulator does proceed (i.e., it does not apply the above grounds to refrain), it must, within five Business Days after receiving the triggering notice, provide notice of its intent to use the passporting procedures to the Host Regulator(s) in each relevant Host Jurisdiction where the Passported Fund is intended to be Promoted. [#TGT:3c548ffe-2bd8-478f-8ddc-d55a1eb83d6e] After the relevant Host Regulator confirms that its Register of Passported Funds has been updated to include the Passported Fund’s details, the Regulator must then promptly (i) publish the Passported Fund’s details on the Register of Passported Funds and (ii) notify the Fund Manager that registration on that Register is complete. [#TGT:3c548ffe-2bd8-478f-8ddc-d55a1eb83d6e]","The Regulator shall not transmit a notice under Rule 3.2.4‎(a):
(a)	if it considers that the Fund Manager or the Public Fund does not comply with, or it has reasonable grounds for determining that the Fund Manager or the Public Fund may in the future not comply with, applicable legislation, including these Rules; or
(b)	if it considers that it is necessary and appropriate to refrain from doing so in order to meet its objectives.","The Regulator shall:
(a)	Within five Business Days of receipt of the notice set out in Rule 3.2.2, and subject to Rule 3.2.5, provide notice of the intent to use the passporting procedures under these Rules to the Host Regulator(s) in the relevant Host Jurisdiction(s) where the Passported Fund is intended to be Promoted; and
(b)	promptly following confirmation from the relevant Host Regulator that its respective Register of Passported Funds has been updated to include the details of the Passported Fund:
(i)	publish the details of the Passported Fund on the Register of Passported Funds; and
(ii)	notify the Fund Manager that registration on the Register of Passported Funds is complete.",DPEL,,professional,ADGM,hard_enriched,02c6d009-e171-41d6-adac-aaaaf2b66e5a,3c548ffe-2bd8-478f-8ddc-d55a1eb83d6e,,,3.2.5,3.2.4,,,,,HV0042,a346741805e67f29,ObliQA-XRef_Out_Datasets/final_large_merged/ObliQA-XRef-ADGM-ALL/final.jsonl,,,,
e2fc874bfacea533,"For an Authorised Person operating as a Branch, what ongoing prudential resource standards apply and what specific reporting and notification actions must it take toward the Regulator, given how the Rules are applied by operating model?","An Authorised Person operating as a Branch is within the scope of the Rules that apply specifically to Branches, rather than the set that applies to a Domestic Firm. [#SRC:125f72ef-4896-42ec-90ce-f01b83fa15b6] Within that Branch scope, it must maintain adequate liquidity and financial resources at all times, calibrated to the nature, size, and complexity of its business, so that there is no significant risk it cannot meet liabilities when due. [#TGT:9fbb61f7-59fe-4340-85f8-ab6b9e7fb03c] It must also comply continuously with its Home State Regulator’s prudential requirements. [#TGT:9fbb61f7-59fe-4340-85f8-ab6b9e7fb03c] In addition, it has two direct obligations to the Regulator that link its Home State prudential regime to local oversight: (1) it must provide the Regulator with a copy of every capital adequacy summary report and Leverage Ratio report that it submits to its Home State Regulator, and it must do so within ten business days after the due date for submission to the Home State Regulator; and (2) if it anticipates or experiences any breach of Home State prudential requirements, it must notify the Regulator immediately and include any relevant documents. [#TGT:9fbb61f7-59fe-4340-85f8-ab6b9e7fb03c]","In this Section the Rules apply to an Authorised Person in any Category as follows:
(a)	Rule 3.2.2 applies to an Authorised Person operating as a Branch; and
(b)	Rules 3.2.3 to 3.2.5 apply to an Authorised Person operating as a Domestic Firm.","Branches – general requirements. An Authorised Person that is a Branch must:
(a)	ensure that it has and maintains, at all times, liquid assets and access to financial resources which are adequate in relation to the nature, size and complexity of its business both as to amount and quality to ensure that there is no significant risk that liabilities cannot be met as they fall due;
(b)	ensure that it complies at all times with its Home State Regulator's prudential requirements;
(c)	submit to the Regulator a copy of every capital adequacy summary report and Leverage Ratio report submitted to its Home State Regulator within ten business days of the due date for submission to that regulator; and
(d)	in the event of any anticipated or actual breach of any prudential requirements set by its Home State Regulator, notify the Regulator immediately with any relevant documents.",DPEL,,professional,ADGM,hard_enriched,125f72ef-4896-42ec-90ce-f01b83fa15b6,9fbb61f7-59fe-4340-85f8-ab6b9e7fb03c,,,3.2.1,3.2.2,,,,,HV0043,e2fc874bfacea533,ObliQA-XRef_Out_Datasets/final_large_merged/ObliQA-XRef-ADGM-ALL/final.jsonl,,,,
35357c6e2759b1b1,"If a Fund Manager of a Domestic Fund wants to do the Fund’s administration work itself, what must be kept separate, and what does the Fund Manager still have to do to make sure the Fund’s operating risks are properly dealt with (including considering Fund Administrators, Eligible Custodians, and any prime brokers)?","If a Fund Manager of a Domestic Fund performs fund administration for the Fund, it is only permitted where the risk management function and the portfolio function are adequately separated. [#SRC:5cba2a1e-1340-4401-a5c7-23c937abe4fc] Even in that situation, the Fund Manager must ensure that the risks inherent in running the Fund are adequately addressed. [#TGT:b6eb6967-279e-4da2-9b77-1f703f2597f7] In doing so, the Fund Manager must take into account the nature of its strategies and investment process, and also consider the role of Fund Administrators and Eligible Custodians and, if they are appointed, prime brokers. [#TGT:b6eb6967-279e-4da2-9b77-1f703f2597f7] This means the Fund Manager cannot treat “doing administration in-house” as a substitute for risk management; it must maintain the required separation between risk management and portfolio activities while evaluating how administration, custody, and any prime brokerage arrangements affect the Fund’s operational risks. [#SRC:5cba2a1e-1340-4401-a5c7-23c937abe4fc] [#TGT:b6eb6967-279e-4da2-9b77-1f703f2597f7]",A Fund Manager of a Domestic Fund may be able to perform fund administration for the Fund in circumstances where risk management and portfolio functions are adequately separated (Rule 12.3.10).,"Risk management. A Fund Manager of a Domestic Fund must ensure that the risks inherent in the operation of a Fund are adequately addressed, with due regard to the nature of the strategies and investment process employed by the Fund Manager and the role of Fund Administrators and Eligible Custodians and where appointed, prime brokers.",DPEL,,basic,ADGM,hard_enriched,5cba2a1e-1340-4401-a5c7-23c937abe4fc,b6eb6967-279e-4da2-9b77-1f703f2597f7,,,PART 5.12.3.7.Guidance.1,PART 5.12.3.10,,,,,HV0044,35357c6e2759b1b1,ObliQA-XRef_Out_Datasets/final_large_merged/ObliQA-XRef-ADGM-ALL/final.jsonl,,,,
5f7240dae9e51d81,"For an Authorised Person exposed to the risk of foreign currencies and gold under an Islamic Contract, when is it permitted not to calculate a Foreign Exchange Risk Capital Requirement, and what quantitative tests must it apply using its Foreign Currency business and overall net open position relative to Capital Resources?","An Authorised Person that has exposure to the risk of foreign currencies and gold under any Islamic Contract is generally required to calculate a Foreign Exchange Risk Capital Requirement. [#SRC:6a51fe1f-d0d3-42f6-b369-4e9345775696] However, it is permitted not to perform that calculation if it satisfies both quantitative conditions tied to Capital Resources. [#TGT:79d3cd2f-93a5-4f25-af68-c67e7fd4cb97] Specifically, it must determine its “Foreign Currency business” by taking the greater of (i) the sum of its gross long positions and (ii) the sum of its gross short positions across all Foreign Currencies, and confirm that this amount does not exceed 100% of its Capital Resources. [#TGT:79d3cd2f-93a5-4f25-af68-c67e7fd4cb97] In addition, it must confirm that its overall net open position does not exceed 2% of its Capital Resources. [#TGT:79d3cd2f-93a5-4f25-af68-c67e7fd4cb97] If either threshold is breached, the exemption is unavailable and the Authorised Person must calculate the Foreign Exchange Risk Capital Requirement notwithstanding that the exposure arises under an Islamic Contract and includes foreign currencies and gold. [#SRC:6a51fe1f-d0d3-42f6-b369-4e9345775696] [#TGT:79d3cd2f-93a5-4f25-af68-c67e7fd4cb97]","Market risk. An Authorised Person which is exposed to the risk of foreign currencies and gold under any Islamic Contract, must calculate its Foreign Exchange Risk Capital Requirement in accordance with PRU Rule 5.6.2.","An Authorised Person need not calculate a Foreign Exchange Risk Capital Requirement if:
(a)	its Foreign Currency business, defined as the greater of the sum of its gross long positions and the sum of its gross short positions in all Foreign Currencies, does not exceed 100% of Capital Resources as defined in Chapter 3; and
(b)	its overall net open position as defined in Rule A6.4.4 does not exceed 2% of its Capital Resources as defined in Chapter 3.",DPEL,,professional,ADGM,hard_enriched,6a51fe1f-d0d3-42f6-b369-4e9345775696,79d3cd2f-93a5-4f25-af68-c67e7fd4cb97,,,5.4.11,5.6.2,,,,,HV0045,5f7240dae9e51d81,ObliQA-XRef_Out_Datasets/final_large_merged/ObliQA-XRef-ADGM-ALL/final.jsonl,,,,
5705e32a1a365390,"When the Regulator discloses Confidential Information to a criminal law enforcement agency (in the U.A.E or elsewhere) specifically to support a criminal investigation or criminal proceedings, what conditions must be met for the disclosure to be permitted, and does that scenario remain subject to the separate requirements that otherwise apply to such disclosures?","A disclosure by the Regulator of Confidential Information to a criminal law enforcement agency (whether in the U.A.E or otherwise) for the purpose of a criminal investigation or criminal proceedings is permitted where it is made to facilitate the carrying out of a Public Function and falls within the permitted disclosure bases described for such facilitation. [#TGT:c143e65b-358c-4ac8-855c-546a1c91e4d1] In particular, the disclosure may be made to a criminal law enforcement agency for that criminal-investigation/proceedings purpose as one of the listed recipient-and-purpose categories, and it must be for the purpose of assisting that recipient’s performance of its functions and powers. [#TGT:c143e65b-358c-4ac8-855c-546a1c91e4d1] Separately, where the Regulator makes this specific type of disclosure to a criminal law enforcement agency for a criminal investigation or criminal proceedings, that disclosure is expressly carved out from being subject to the additional requirements that would otherwise apply under the separate requirements referenced for disclosures made on that basis. [#SRC:3ea3d5aa-2378-40cd-ab7a-f454859a385c] Accordingly, the Regulator should frame the disclosure as facilitating a Public Function and within the criminal law enforcement agency category, while recognizing that the usual additional requirements do not apply to this particular criminal-law-enforcement disclosure scenario. [#TGT:c143e65b-358c-4ac8-855c-546a1c91e4d1] [#SRC:3ea3d5aa-2378-40cd-ab7a-f454859a385c]","Disclosure to a criminal law enforcement agency. Importantly, disclosure of Confidential Information by the Regulator to a criminal law enforcement agency, whether in the U.A.E or otherwise, for the purpose of any criminal investigation or criminal proceedings under paragraph 199(1)(b)(v) is not subject to the requirements under section 199(2).","Subject to subsection (2), the Regulator may disclose Confidential Information for the purpose of facilitating the carrying out of a Public Function where such disclosure is—
(a)	permitted or required under any enactment applicable to the Regulator, including, for the avoidance of doubt, any applicable international obligations;
(b)	made to—
(i)	the ADGM Registrar of Companies;
(ii)	a Non-Abu Dhabi Global Market Regulator;
(iii)	a governmental or regulatory authority exercising powers and performing functions relating to anti-money laundering, counter terrorist financing or sanctions compliance, whether in the Abu Dhabi Global Market or otherwise;
(iv)	a self regulatory body or organisation exercising and performing powers and functions in relation to financial services, whether in the Abu Dhabi Global Market or otherwise;
(v)	a criminal law enforcement agency, whether in the U.A.E or otherwise, for the purpose of any criminal investigation or criminal proceedings; or
(vi)	a civil law enforcement agency or body, whether in the Abu Dhabi Global Market, U.A.E or otherwise;
for the purpose of assisting the performance by any such person of its functions and powers; or
(c)	made in good faith for the purposes of the exercise of the functions and powers of the Regulator or in order to further the Regulator's objectives.",DPEL,,professional,ADGM,hard_enriched,3ea3d5aa-2378-40cd-ab7a-f454859a385c,c143e65b-358c-4ac8-855c-546a1c91e4d1,,,3.3.5,Part 16.199.(1),,,,,HV0046,5705e32a1a365390,ObliQA-XRef_Out_Datasets/final_large_merged/ObliQA-XRef-ADGM-ALL/final.jsonl,,,,
44f10b5136e2eacc,"When a Petroleum Reporting Entity identifies new material estimates of Prospective Resources, Contingent Resources or Petroleum Reserves that have not previously been disclosed and must disclose them immediately, what specific content must be included in that disclosure, including how the entity should address permits/licences, the new data, the effect on estimates, and any updates to previously disclosed information?","If a Petroleum Reporting Entity has new material estimates of Prospective Resources, Contingent Resources or Petroleum Reserves that have not previously been disclosed, it must disclose those estimates immediately. [#TGT:1d41da19-7d47-42e7-baf3-28af0f6c1c12] When making that disclosure, the entity must ensure the disclosure includes several specific elements so the market can understand both the basis for the new estimates and what has changed from earlier disclosures. [#SRC:a9ffc27d-5147-4066-826f-22c25cd1e704] At a minimum, the disclosure must: (i) state the types of permits or licences the Petroleum Reporting Entity holds that relate to the estimates; (ii) explain the new data and information; (iii) explain how that new data and information has affected the estimates of Prospective Resources, Contingent Resources or Petroleum Resources; and (iv) describe any changes or additions to information the entity previously disclosed about Prospective Resources, Contingent Resources, and Petroleum Reserves. [#SRC:a9ffc27d-5147-4066-826f-22c25cd1e704] This content expectation applies in the context of the immediate disclosure obligation for new material estimates that were not previously disclosed. [#TGT:1d41da19-7d47-42e7-baf3-28af0f6c1c12]","A Petroleum Reporting Entity making a disclosure under Rule 12.6.1 must ensure the disclosure contains:
(1)	the types of permits or licences held by the Petroleum Reporting Entity relating to the estimates;
(2)	an explanation of the new data and information;
(3)	an explanation of how the new data and information has affected the estimates of Prospective Resources, Contingent Resources or Petroleum Resources; and
(4)	any changes or additions to the information previously disclosed relating to:
(a)	Prospective Resources under Rules 12.8.1(1) to 12.8.1(4);
(b)	Contingent Resources under Rules 12.10.1(1) to 12.10.1(5); and
(c)	Petroleum Reserves under Rules 12.12.1(1) to 12.12.1(7).","A Petroleum Reporting Entity must immediately disclose any new material estimates of Prospective Resources, Contingent Resources or Petroleum Reserves that have not previously been disclosed.",DPEL,,professional,ADGM,hard_enriched,a9ffc27d-5147-4066-826f-22c25cd1e704,1d41da19-7d47-42e7-baf3-28af0f6c1c12,,,12.6.2,12.6.1,,,,,HV0047,44f10b5136e2eacc,ObliQA-XRef_Out_Datasets/final_large_merged/ObliQA-XRef-ADGM-ALL/final.jsonl,,,,
5da11b6862d3a3ee,"When an Issuer wants to use an MTF as the primary trading venue for Digital Securities offered and issued by way of an Exempt Offer (with membership and trading limited to non-retail clients only), what must the Issuer include in its Exempt Offer document so that the Regulator can treat those Digital Securities as Securities, and how may the Regulator impose conditions when doing so?","For an Issuer seeking admission of its Digital Securities to trading on an MTF through an Exempt Offer (in a setting where MTF participation is restricted to non-retail clients), the Issuer must ensure the Exempt Offer document contains all information that is required for that Exempt Offer so the FSRA can deem the Digital Securities to be Securities for the relevant regulatory purposes. [#SRC:1ad93605-b12d-4852-9c5f-18d8569c27a7] This means the compliance focus is on completeness of the Exempt Offer document as the prerequisite for the deeming outcome needed for MTF trading in this context. [#SRC:1ad93605-b12d-4852-9c5f-18d8569c27a7] Separately, the Regulator has an express power, via written notice, to deem an investment that is not otherwise a Security to be a Security for the purposes of the Regulations and the Rules made under them. [#TGT:95497208-1e94-4b51-8ff3-d9e77f64177c] When exercising that deeming power, the Regulator may attach any terms and conditions it considers appropriate, so the Issuer should be prepared for the deeming decision to be conditional rather than unconditional. [#TGT:95497208-1e94-4b51-8ff3-d9e77f64177c]","DIGITAL SECURITIES & TRADING VENUES
Multilateral Trading Facilities (MTFs)
MTFs may operate as a primary trading venue for Digital Securities offered and issued by way of an Exempt Offer, provided that membership and trading is limited to non-retail clients only.  As set out in paragraphs 16 and 32 of this Guidance, an Issuer wishing to make an Exempt Offer in order to have its Digital Securities admitted to trading on an MTF will need to ensure that it includes all required information in its Exempt Offer document in order to allow FSRA to deem the Digital Securities as Securities pursuant to section 58(2)(b) of FSMR.","Without limiting the generality of its powers, the Regulator may, by written notice—
(a)	exclude the application of any requirements; or
(b)	deem any investment which is not a Security to be a Security for the purposes of these Regulations and the Rules made under these Regulations;
subject to such terms and conditions as it may consider appropriate.",DPEL,,professional,ADGM,hard_enriched,1ad93605-b12d-4852-9c5f-18d8569c27a7,95497208-1e94-4b51-8ff3-d9e77f64177c,,,46),Part 6.Chapter 1.58.(2),,,,,HV0048,5da11b6862d3a3ee,ObliQA-XRef_Out_Datasets/final_large_merged/ObliQA-XRef-ADGM-ALL/final.jsonl,,,,
3e2ee2e30ce215da,"For an Authorised Person conducting Investment Business, how should the Resolution Pack reflect the periodic reconciliation and counting activities required for Client Accounts held with Third Party Agents and for Safe Custody Assets (including any involvement of a Nominee Company), and what minimum frequencies apply?","An Authorised Person conducting Investment Business should ensure its Resolution Pack includes the most recent reconciliation records that evidence it is meeting the required reconciliation and counting cadence for Third Party Agent-held Client Accounts and for Safe Custody Assets. [#SRC:803ff2b9-9528-459a-b9d2-45066785e9f5] In practice, this means the pack should contain the latest reconciliations of Client Money and Client Investments, aligned to the underlying operational duties to (i) reconcile records of Client Accounts held with Third Party Agents against the Third Party Agents’ monthly statements at least every calendar month, and (ii) perform six‑monthly controls over Safe Custody Assets and related ledgers. [#SRC:803ff2b9-9528-459a-b9d2-45066785e9f5] [#TGT:99a621ce-b3ab-4dbc-a9c7-eac1065776e6] Specifically, the minimum frequencies that the reconciliation records in the pack should be capable of demonstrating are: - Monthly reconciliation of the Authorised Person’s records of Client Accounts held with Third Party Agents to the monthly statements received from those Third Party Agents. [#TGT:99a621ce-b3ab-4dbc-a9c7-eac1065776e6] - Six‑monthly physical count of all Safe Custody Assets held by the Authorised Person or its Nominee Company, reconciled back to the Authorised Person’s records. [#TGT:99a621ce-b3ab-4dbc-a9c7-eac1065776e6] - Six‑monthly reconciliation of individual Client ledger balances to the Authorised Person’s records of Safe Custody Assets balances held in Client Accounts. [#TGT:99a621ce-b3ab-4dbc-a9c7-eac1065776e6] Including the most recent reconciliations in the Resolution Pack provides the record set required for resolution readiness while reflecting these periodic control obligations. [#SRC:803ff2b9-9528-459a-b9d2-45066785e9f5]","The following records must be included in the Resolution Pack of an Authorised Person conducting Investment Business:
(a)	Rules ‎2.7.1 and ‎3.7.1(d) (records of Client classification and Client agreements);
(b)	Rules 14.6.2 and ‎15.4.3 (master lists of all Client Accounts in relation to Client Money and Client investments);
(c)	Rule ‎15.4.4 and Rule ‎15.4.5 (adequate records and Client's written permission re use of Client Investments);
(d)	Rules 14.7.1 and 14.7.4 (assessment of appropriateness of Third-Party Agent and acknowledgement by Third-Party agent in respect of Client Money); and
(e)	Rule ‎15.5.1 and 15.6.1 (assessment of appropriateness of Third Party Agent and acknowledgement by Third-Party Agent in respect of Client Investments); and
(f)	Rule 14.11.1 and ‎15.9.1 (most recent reconciliations of Client Money and Client Investments).","An Authorised Person must:
(a)	at least every calendar month, reconcile its records of Client Accounts held with Third Party Agents with monthly statements received from those Third Party Agents;
(b)	at least every six months, count all Safe Custody Assets physically held by the Authorised Person, or its Nominee Company, and reconcile the result of that count to the records of the Authorised Person; and
(c)	at least every six months, reconcile individual Client ledger balances with the Authorised Person's records of Safe Custody Assets balances held in Client Accounts.",DPEL,,professional,ADGM,hard_enriched,803ff2b9-9528-459a-b9d2-45066785e9f5,99a621ce-b3ab-4dbc-a9c7-eac1065776e6,,,16.4.1,15.9.1,,,,,HV0049,3e2ee2e30ce215da,ObliQA-XRef_Out_Datasets/final_large_merged/ObliQA-XRef-ADGM-ALL/final.jsonl,,,,
387a201e22438253,"If an Authorised Person uses the FCCA and has eligible financial Collateral for an SFT that is not under a qualifying bilateral Netting agreement, what number should it use instead of E for the credit risk weighted exposure, and how should it adjust for market moves in both the exposure and the collateral?","Where the Authorised Person has taken eligible financial Collateral for an SFT and that SFT is not covered by a qualifying bilateral Netting agreement, and the Authorised Person is using the FCCA, it must calculate an adjusted exposure amount (E*) and use that E* instead of E when working out the Credit Risk weighted Exposure amount for the relevant CR Exposure. [#SRC:99f36cb9-d6c3-4b1b-a90c-5d85b901b3de] This is not optional in the described circumstances: the calculation requires substituting E* for E in the credit risk weighting step. [#SRC:99f36cb9-d6c3-4b1b-a90c-5d85b901b3de] In calculating E* under the FCCA, the Authorised Person must build in the effect of possible future market-driven changes by adjusting both the size of the Exposure to the Counterparty and the value of any Collateral received that supports that Counterparty. [#TGT:2680d877-e922-4ecb-8fc1-60f4b4c13314] The adjustments must be made using the specified methods and haircuts designed to capture those potential fluctuations in exposure and collateral values. [#TGT:2680d877-e922-4ecb-8fc1-60f4b4c13314] The result is that the credit risk weighted exposure is based on an exposure measure that already reflects market-movement risk in both legs (exposure and collateral), rather than the unadjusted E. [#SRC:99f36cb9-d6c3-4b1b-a90c-5d85b901b3de] [#TGT:2680d877-e922-4ecb-8fc1-60f4b4c13314]","Measurement of E for pre settlement Counterparty Exposures arising from SFTs. An Authorised Person which has taken eligible financial Collateral for any SFT that is not covered by a qualifying bilateral Netting agreement and using the FCCA, must calculate E* in accordance with Rules A4.3.2 to A4.3.6 in App4, and substitute E* for E when calculating the Credit Risk weighted Exposure amount for that CR Exposure under Section 4.8.","Calculation of E* for collateralised transactions other than OTC Derivative transactions and long settlement transactions. An Authorised Person using the FCCA to calculate E* must adjust both the amount of the Exposure to the Counterparty and the value of any Collateral received in support of that Counterparty to take into account possible future fluctuations in the value of either due to market movements, by using the methods and haircuts set out in Rules A4.3.6 to A4.3.29.",DPEL,,basic,ADGM,hard_enriched,99f36cb9-d6c3-4b1b-a90c-5d85b901b3de,2680d877-e922-4ecb-8fc1-60f4b4c13314,,,4.9.19,APP4.A4.3.2,,,,,HV0050,387a201e22438253,ObliQA-XRef_Out_Datasets/final_large_merged/ObliQA-XRef-ADGM-ALL/final.jsonl,,,,
53c811c6ecd14a10,"If a Fund Manager tells its auditor in writing to audit the Fund’s financial statements and to produce a Fund Auditor’s Report, what must the Fund Manager make sure the Auditor says in that report about the accounting standards used, whether the statements are true and fair, whether records were properly kept, whether the Auditor got enough information, and whether the Directors’ or Fund Manager’s report matches the financial statements?","The Fund Manager has to do more than simply appoint an auditor. It must, in writing, require its auditor to conduct an audit of the Fund’s financial statements in accordance with the relevant IAASB standards and to produce a Fund Auditor’s Report on the audited financial statements [#SRC:8949f938-33e5-4393-a256-021917125579]. Then, when it is procuring the production of that Fund Auditor’s Report, the Fund Manager must ensure the Auditor includes specific statements in the report. These include: whether the financial statements were properly prepared in line with the financial reporting standards adopted by the Fund; whether the statements give a true and fair view of the Fund’s financial position (including net income and net gains or losses of the Fund Property, or where relevant the Fund Property attributable to the Sub-Fund) for the annual accounting period and the position at the end of that period; whether proper accounting records have not been kept, or the statements do not agree with the accounting records and returns, or do not comply with applicable standards; whether the Auditor received all information and explanations needed for the audit; whether the information in the Directors’ report or the Fund Manager’s report is consistent with the financial statements; and any other required matter or opinion [#TGT:8a39a0f2-3ac3-4f8c-bf98-2752b5310cce].","Function of the Auditor. A Fund Manager must, in writing, require its auditor to:
(a)	conduct an audit of the Fund's financial statements in accordance with the requirements of the relevant standards published by the International Auditing and Assurance Standards Board (IAASB); and
(b)	produce a Fund Auditor's Report on the audited financial statements in accordance with GEN Rule 6.6.8.","Fund Auditor's Report. A Fund Manager must, in procuring the production of a Fund Auditor's Report, ensure that an Auditor states:
(1)	whether the financial statements have been properly prepared in accordance with the financial reporting standards adopted by the Fund in accordance with FUNDS;
(2)	whether the financial statements give a true and fair view of the financial position of the Fund, including the net income and the net gains or losses of the Fund Property, or, as the case may be, the Fund Property attributable to the Sub-Fund for the annual accounting period in question and the financial position of the Fund or Sub-Fund as at the end of the annual accounting period;
(3)	whether proper accounting records for the Fund, or as the case may be, Sub-Fund, have not been kept, or that the financial statements are not in agreement with the accounting records and returns, or that the financial statements do not comply with the applicable financial reporting standards;
(4)	whether it has been given all the information and explanations which, to the best of its knowledge and belief, are necessary for the purposes of its audit;
(5)	whether the information given in the report of the Directors or in the report of the Fund Manager for that period is consistent with the financial statements; and
(6)	any other matter or opinion required by FUNDS.",SCHEMA,,basic,ADGM,mixed_difficulty,8949f938-33e5-4393-a256-021917125579,8a39a0f2-3ac3-4f8c-bf98-2752b5310cce,,,PART 5.16.3.8,6.6.8,,,,,HV0051,53c811c6ecd14a10,ObliQA-XRef_Out_Datasets/final_large_merged/ObliQA-XRef-ADGM-ALL/final.jsonl,,,,
96d798bb5745edb9,"In the annual report, what does the Reporting Entity need to say about who leads the Board and what decisions the Board keeps versus delegates to Senior Management, and what balance of skills and independence and what resources must the Board and its committees have for both the Reporting Entity and the Listed Entity?","The Reporting Entity’s annual report should name the key people in charge of governance and management—identifying the chairman, any deputy chairman, the Directors, and the chief executive—and it should also give a high-level explanation of which types of decisions are made by the Board and which are delegated to Senior Management [#SRC:35277484-31bd-49fe-956c-02f3ceff5405]. Alongside these disclosures, the Board and its committees must be set up and supported so they have an appropriate balance of skills, experience, independence, and knowledge of the entity’s business, and they must have adequate resources to do their work properly [#SRC:35277484-31bd-49fe-956c-02f3ceff5405]. Adequate resources include being able to access expertise when needed and receiving timely and comprehensive information about the affairs of the entity. The same expectation applies for the Listed Entity: its Board and committees must also maintain the appropriate balance and have adequate resources, including access to expertise and timely, comprehensive information relating to the Listed Entity’s affairs [#TGT:705e3965-3995-437d-abe7-8af619b6bbbb].","Chairman and Chief Executive. The annual report of the Reporting Entity should:
a.	identify the chairman, the deputy chairman (where there is one), the Directors and the chief executive; and
b.	include a high level statement of which types of decisions are to be taken by the Board and which are to be delegated to the Senior Management.
Principle 3 – Board composition and resources
Rule 9.2.5
""The Board and its committees must have an appropriate balance of skills, experience, independence and knowledge of the Reporting Entity's business, and adequate resources, including access to expertise as required and timely and comprehensive information relating to the affairs of the Reporting Entity.""","Principle 3 – Board composition and resources. The Board, and its committees, must have an appropriate balance of skills, experience, independence and knowledge of the Listed Entity's business, and adequate resources, including access to expertise as required and timely and comprehensive information relating to the affairs of the Listed Entity.",SCHEMA,,basic,ADGM,mixed_difficulty,35277484-31bd-49fe-956c-02f3ceff5405,705e3965-3995-437d-abe7-8af619b6bbbb,,,APP 4.20.,9.2.5,,,,,HV0052,96d798bb5745edb9,ObliQA-XRef_Out_Datasets/final_large_merged/ObliQA-XRef-ADGM-ALL/final.jsonl,,,,
c4c8063e2b10f8ea,"When setting expectations for a Reporting Entity’s Corporate Governance framework to support prudent and sound long‑term management in the interests of the Reporting Entity and its Shareholders, to what extent may the Regulator make Rules that prescribe Corporate Governance principles and standards and impose requirements on the Reporting Entity’s board of Directors and individual members, Controllers, employees, or other persons, including matters such as fair treatment of Shareholders and conflicts of interests?","The Regulator is permitted to use Rules to prescribe the Corporate Governance principles and standards that apply to a Reporting Entity, and those Rules may extend beyond high-level governance concepts to include specific requirements applicable to the Reporting Entity’s board of Directors and individual members, Controllers, employees, or any other person as appropriate. Those Rules may also cover requirements relating to fair treatment of Shareholders and provisions to address conflicts of interests, allowing the Regulator to translate governance expectations into concrete, role-specific obligations. This rulemaking permission operates in the context that the Regulator is entitled to enact rules requiring a Reporting Entity to have a Corporate Governance framework that is adequate to promote prudent and sound management of the Reporting Entity in the long-term interest of the Reporting Entity and its Shareholders. Taken together, the passages indicate that the Regulator can both require an adequate governance framework and prescribe detailed principles, standards, and related requirements to support that outcome. [#SRC:f3baa5a3-304f-41e2-b57d-97db937d12c1] [#TGT:d0183f42-1701-4885-9dcb-cb96c2d62d6d]","General. Section 73(2) of the FSMR provides that the Regulator is entitled to enact rules requiring a Reporting Entity to have a Corporate Governance framework which is adequate to promote prudent and sound management of the Reporting Entity in the long term interest of the Reporting Entity and its Shareholders. Accordingly, in providing its explanation in the annual report as noted in 2, a Reporting Entity should aim to illustrate how its actual practices achieve compliance with the outcomes intended by section 73 of the FSMR and the Principles, and thereby contribute to prudent and sound management of the Reporting Entity.","For the purposes of the requirement in subsection ‎(1), the Regulator may by Rules prescribe—
(a)	Corporate Governance principles and standards that apply to a Reporting Entity, including any requirements applicable to its board of Directors and individual members, Controllers, employees or any other person as appropriate;
(b)	requirements relating to fair treatment of Shareholders; and
(c)	provisions to address conflicts of interests.",SCHEMA,,professional,ADGM,mixed_difficulty,f3baa5a3-304f-41e2-b57d-97db937d12c1,d0183f42-1701-4885-9dcb-cb96c2d62d6d,,,APP 4.3.,Part 6.Chapter 2.73.(2),,,,,HV0053,c4c8063e2b10f8ea,ObliQA-XRef_Out_Datasets/final_large_merged/ObliQA-XRef-ADGM-ALL/final.jsonl,,,,
1d401bad230c5d15,"If an Investigator needs to go into someone’s business premises to look at and copy documents for an investigation, can the Investigator make the Person Under Investigation (or someone else) allow entry by sending a written notice, and does the visit have to be during normal business hours and only for documents relevant to the investigation?","Yes. The Investigator has permission to enter business premises to inspect and copy documents, but this is tied to the investigation: the documents inspected or copied must be relevant for the purposes of the investigation, and the entry is for that inspection-and-copying purpose [#SRC:6f288073-515c-4e53-9fa5-16c3700d2767]. Separately, the Investigator may, by written notice, require cooperation not only from the Person Under Investigation but also from any other person (even if not connected to the Person Under Investigation). One form of required cooperation is that the person must permit the Investigator to enter the person’s business premises during normal business hours so the Investigator can inspect and copy documents on those premises [#TGT:ba9deea1-694d-4225-bf79-201773a12046]. Putting both together, the Investigator can use a written notice to require the person to allow entry, but the entry is limited to normal business hours under the notice and is limited in scope to inspecting and copying documents on-site that are relevant to the investigation.",Power to enter premises and inspect and copy documents . Section 206(1)(e) of FSMR permits the Investigator to enter business premises for the purpose of inspecting and copying any documents where relevant for the purposes of the investigation.,"The Investigator may, by written notice, require the person who is the Person Under Investigation or any other person (whether or not connected to the Person Under Investigation) to—
(a)	attend an interview at a Specified time and place and answer questions;
(b)	produce at a Specified time and place any Specified Documents or Documents of a Specified description;
(c)	provide such information as the Investigator may require;
(d)	provide such assistance as the Investigator may require; or
(e)	permit the Investigator to enter the business premises of such person during normal business hours for the purpose of inspecting and copying Documents on such premises.",SCHEMA,,basic,ADGM,mixed_difficulty,6f288073-515c-4e53-9fa5-16c3700d2767,ba9deea1-694d-4225-bf79-201773a12046,,,6.6.16,Part 17.206.(1),,,,,HV0054,1d401bad230c5d15,ObliQA-XRef_Out_Datasets/final_large_merged/ObliQA-XRef-ADGM-ALL/final.jsonl,,,,
9dcca7d2db679059,"When an Authorised Person is monitoring and controlling its Exposures within the Large Exposures limits, what immediate notification and written follow-up obligations apply if (i) there is any breach of those limits and (ii) a Trading Book portion of a Large Exposure, alone or combined with any Non Trading Book portion, is likely to push the exposure above 25% of Tier 1, including what must be included in the notice to the Regulator?","An Authorised Person must operate controls that detect and respond promptly to limit issues while it monitors and controls Exposures on a daily basis within the Large Exposures limits [#SRC:29db355c-0b9a-45bd-af0b-0e40adbf1675]. If there is any breach of the limits, it must notify the Regulator immediately and then confirm that notification in writing [#SRC:29db355c-0b9a-45bd-af0b-0e40adbf1675]. Separately, where the Trading Book portion of a Large Exposure—either on its own or when added to any Non Trading Book portion—is likely to cause the 25% limit of the Authorised Person’s Tier 1 to be exceeded, the Authorised Person must immediately provide the Regulator with written notice [#TGT:74d112ce-e726-400a-9014-0a771a3717b8]. That written notice must explain the nature of the Trading Book Exposure and must seek specific guidance from the Regulator on the prudential treatment of the Exposure [#TGT:74d112ce-e726-400a-9014-0a771a3717b8]. Taken together, the firm should ensure immediate escalation to the Regulator for both actual breaches and likely exceedances, with written documentation that both confirms the breach notification and, where relevant, provides the required explanation and request for guidance.","Applicability and limits. For the purposes of this Section an Authorised Person must:
(a)	identify its Exposures;
(b)	identify its Counterparties, including whether any are Closely Related to each other or Connected to the Authorised Person;
(c)	measure the size of its Exposures;
(d)	establish the value of its Exposures;
(e)	determine the size of its Exposures as a proportion of its Tier 1;
(f)	identify whether it has Exposures which are subject to the requirements of Section 4.13 (CRM);
(g)	identify which, if any, of its Exposures are exempt in accordance with Section A4.11 from the limits set out in Rules 4.15.4 to 4.15.7;
(h)	aggregate its Exposures to the same Counterparty or group of Closely Related Counterparties or group of Connected Counterparties;
(i)	monitor and control its Exposures on a daily basis within the Large Exposures limits; and
(j)	notify the Regulator immediately of any breach of the limits set out in this Section and confirm it in writing.","Large Exposures limits. Where the portion of a Large Exposure in an Authorised Person's Trading Book on its own or when added to any Non Trading Book portion of a Large Exposure, is likely to cause the 25% limit of its Tier 1 to be exceeded, the Authorised Person must immediately give the Regulator written notice, explaining the nature of its Trading Book Exposure and seeking specific guidance from the Regulator regarding the prudential treatment of any such Exposure.",SCHEMA,,professional,ADGM,mixed_difficulty,29db355c-0b9a-45bd-af0b-0e40adbf1675,74d112ce-e726-400a-9014-0a771a3717b8,,,4.15.3,4.15.6,,,,,HV0055,9dcca7d2db679059,ObliQA-XRef_Out_Datasets/final_large_merged/ObliQA-XRef-ADGM-ALL/final.jsonl,,,,
09ed83603d5c9d13,"When preparing its Summary of Reserves and Resources, must a Petroleum Reporting Entity include the specified table in the prescribed form and within the stated timing window, and does that obligation apply if the Petroleum Reporting Entity is required to file SEC compliant Forms 10-K and 20-F Reports annually with the SEC?","A Petroleum Reporting Entity is generally required to include, within its Summary of Reserves and Resources, a table prepared in the form of MKT Form 12-1, and that table must be dated no earlier than one month before the Summary of Reserves and Resources is disclosed [#SRC:cd137cde-9ef8-4ed1-a401-6bf47f8ccb04]. However, the applicability of that requirement is limited for a Petroleum Reporting Entity that is required to file SEC compliant Forms 10-K and 20-F Reports annually with the SEC: such an entity is not required to comply with the underlying requirement that would otherwise impose the table-in-summary obligation [#TGT:b249219a-57ec-4b15-be46-58475357c6c1]. In practice, this means you should first determine whether the entity falls within the SEC annual filing category described; if it does, the entity is carved out from having to comply with the requirement that mandates inclusion of the MKT Form 12-1 table and its associated “no earlier than one month” dating constraint. If it does not, the entity must include the table and meet the timing condition when disclosing the Summary.","Subject to Rule 12.14.3, a Petroleum Reporting Entity must include in its Summary of Reserves and Resources a table in the form of MKT Form 12-1, as of a date no earlier than one month prior to the disclosure of the Summary of Reserves and Resources.",A Petroleum Reporting Entity that is required to file SEC compliant Forms 10-K and 20-F Reports annually with the SEC is not required to comply with Rule 12.14.1.,SCHEMA,,professional,ADGM,mixed_difficulty,cd137cde-9ef8-4ed1-a401-6bf47f8ccb04,b249219a-57ec-4b15-be46-58475357c6c1,,,12.14.1,12.14.3,,,,,HV0056,09ed83603d5c9d13,ObliQA-XRef_Out_Datasets/final_large_merged/ObliQA-XRef-ADGM-ALL/final.jsonl,,,,
343c7ec7230ec8a7,"If a Listed Entity had an approval for Securities but that approval later lapses, can it still treat those Securities as approved when working out Relevant Issues and whether it must not issue more Equity Securities without approval from holders of Ordinary Securities?","No. If the approval lapses, the Securities affected can no longer be treated as Securities issued with approval for the purpose of the counting exercise, and they must instead be counted within Relevant Issues [#SRC:76970fb8-577b-4a21-8996-4c8bde4ef2d2]. This directly affects the restriction on new issues because a Listed Entity must not issue, or agree to issue, more Equity Securities than the maximum number calculated by the formula unless it has the approval of the holders of Ordinary Securities [#TGT:a5d5f764-a746-4801-8e14-9584a84d3933]. The formula subtracts Relevant Issues from 20% of the Base Amount, so adding these Securities into Relevant Issues reduces the maximum number the Listed Entity can issue or agree to issue without holder approval [#TGT:a5d5f764-a746-4801-8e14-9584a84d3933]. Practically, once the approval has lapsed, the Listed Entity must recalculate using the revised Relevant Issues figure and ensure it does not proceed with any issue or agreement that would exceed the recalculated maximum unless it first obtains holder approval [#SRC:76970fb8-577b-4a21-8996-4c8bde4ef2d2] [#TGT:a5d5f764-a746-4801-8e14-9584a84d3933].","If the approval under Rule 9.7.5 lapses, the Securities can no longer be counted as Securities issued with approval under Rule 9.7.5 for the purposes of Rule 9.7.1 above, and instead are to be counted within Relevant Issues under Rule 9.7.1.","Restrictions on new Issues of Equity Securities . A Listed Entity must not issue, or agree to issue, more Equity Securities than the number calculated according to the following formula, without the approval of the holders of Ordinary Securities:
Maximum number of Equity Securities = (20% * Base Amount) – Relevant Issues),
where:
Base Amount = the number of fully paid Ordinary Securities on issue as of the date 12 months before the date of issue or agreement (the “12 months Base Amount”), plus the number of:
(1)	fully paid Ordinary Securities issued in the 12 months before the date of issue or agreement under an exception in Rule 9.7.4 other than exceptions (8), (15) or (16);
(2)	fully paid Ordinary Securities issued in the 12 months before the date of issue or agreement under an exception in Rule 9.7.4 other than exception (15), where the agreement was:
(i)	entered into before the commencement of the 12 month period; or
(ii)	approved, or taken under the Rules to have been approved, under Rule 9.7.1 or Rule 9.7.5; and
(3)	any other fully paid Ordinary Securities issued in the 12 months before the date of issue or agreement with approval under Rule 9.7.1 or Rule 9.7.5;
Guidance
The Base Amount may include fully paid Ordinary Securities issued in the 12 months before the date of issue or agreement under an agreement to issue Securities within Rule 9.7.4 exception (14) where the issue is subsequently approved under Rule 9.7.1.
(4)	partly paid Ordinary Securities that became fully paid in the 12 months before the date of issue or agreement,
but subtracting the number of fully paid Ordinary Securities cancelled in the 12 months before the date of issue or agreement.
Relevant Issues = the number of Equity Securities issued, or agreed to be issued, in the 12 months before the date of issue or agreement to issue other than:
(a)	with the approval of the holders of its Ordinary Securities under Rule 9.7.1 or Rule 9.7.5; or
(b)	under an exception in Rule 9.7.4.",SCHEMA,,basic,ADGM,mixed_difficulty,76970fb8-577b-4a21-8996-4c8bde4ef2d2,a5d5f764-a746-4801-8e14-9584a84d3933,,,9.7.6.Guidance,9.7.1,,,,,HV0057,343c7ec7230ec8a7,ObliQA-XRef_Out_Datasets/final_large_merged/ObliQA-XRef-ADGM-ALL/final.jsonl,,,,
51d9cf72aea6f0f0,"When a Mining Reporting Entity makes a disclosure that includes forecast financial information derived from a Production Target and also includes ore reserves information supported by a separate report annexed to the disclosure, what must the Mining Reporting Entity include about the assumptions used to determine the forecast financial information, and how must the ore reserves information in the disclosure be presented relative to the separate report?","Where a Mining Reporting Entity’s disclosure contains forecast financial information derived from a Production Target, it must include comprehensive information about the assumptions used to determine that forecast financial information: all material economic assumptions employed; if it considers those material economic assumptions commercially sensitive, it must state that and explain the methodology used to determine them; and it must also include all other material assumptions utilised, together with the Production Target from which the forecast financial information is derived (including the required accompanying information) [#SRC:2c78a258-d9f2-4150-9d2c-ba681d8f9489]. In the same disclosure, if ore reserves information is included and a separate report is prepared and included as an annexure, the information included in the disclosure must be a fair and balanced representation of the information contained in that separate report [#TGT:b8cb4fdb-f627-43ae-90bf-801a549f8d63]. In meeting this obligation, the Mining Reporting Entity is not expected to summarise all information in the separate report; instead, it should include only information that is material to understanding the estimates of Mineral Resources in the separate report and that is not otherwise included in the body of the disclosure [#TGT:b8cb4fdb-f627-43ae-90bf-801a549f8d63].","A Mining Reporting Entity’s disclosure pursuant to Rule 11.9.1 must include:
(1)	in relation to the assumptions used to determine the forecast financial information:
(a)	all material economic assumptions employed;
(b)	if the Mining Reporting Entity considers the material economic assumptions to be commercially sensitive, a statement to that effect and an explanation of the methodology used to determine the material economic assumptions; and
Guidance
A Mining Reporting Entity that considers certain information relating to the material economic assumptions to be commercially sensitive should refer to paragraphs 47-54 of the Guidance on Mining and paragraphs 127 and 128 of the Guidance on Continuous Disclosure.
(c)	all other material assumptions utilised.
(2)	the Production Target from which the forecast financial information is derived (including all the information contained in Rule 11.8.3).","ORE RESERVES . Pursuant to Rule 11.6.1, the information included in the disclosure must be a fair and balanced representation of the information contained in the separate report prepared in accordance with Rule 11.6.2 (which must be included as an annexure to the disclosure).  In complying with this obligation, the FSRA does not expect a Mining Reporting Entity to prepare a summary of all the information contained in the separate report.  Instead, it is expected that that only information which is material to understanding the estimates of Mineral Resources contained in the separate report, that is not otherwise included in the body of the disclosure, be included.",SCHEMA,,professional,ADGM,mixed_difficulty,2c78a258-d9f2-4150-9d2c-ba681d8f9489,b8cb4fdb-f627-43ae-90bf-801a549f8d63,,,11.9.2,48),,,,,HV0058,51d9cf72aea6f0f0,ObliQA-XRef_Out_Datasets/final_large_merged/ObliQA-XRef-ADGM-ALL/final.jsonl,,,,
dd9324192c9a7188,"When determining the Credit RWA of an Authorised Person as an aggregate sum that includes the component for Credit Risk Exposures, what calculation steps must the Authorised Person follow to compute and aggregate the RWA for all of its CR Exposures so that this component can be included in the overall Credit RWA total?","Credit RWA for an Authorised Person is defined as an overall total made up of multiple components, including the risk weighted assets for all of its Credit Risk Exposures (CR Exposures) as one of the summed elements [#SRC:5e5b0814-b3c0-441d-b92e-c7fe290a8020]. To produce that CR Exposures component for inclusion in the total, the Authorised Person must calculate RWA for CR Exposures by applying a defined sequence: first determine the Exposure value (E) for every on-balance sheet and off balance sheet asset using the specified exposure measurement methodology and recognising the effects of any applicable CRM; then categorise each Exposure under the applicable rules; then allocate the applicable Credit Quality Grade and risk weight for each Exposure; then compute the RWA amount for each CR Exposure using the formula RWA(CR) = E × CRW, where CRW is the applicable risk weight determined through the categorisation and grading steps; and finally add together the RWA amounts for all CR Exposures to arrive at the aggregate RWA for CR Exposures [#TGT:5c99a9f9-b97d-4f45-834a-0562c13cf368].","The Credit RWA of an Authorised Person is the sum of:
(a)	its risk weighted assets (RWA) for all its Credit Risk Exposures (referred to in these Rules as ""CR Exposures"") calculated in accordance with Rules 4.8.2 and 4.8.3;
(b)	its RWA for all its securitisation Exposures (referred to in these Rules as ""SE Exposures"") calculated in accordance with Rule 4.8.4 and Section 4.14; and
(c)	its RWA for its Counterparty Risk Exposures as calculated in accordance with Sections A4.6 to A4.8.","Calculation of RWA for Credit Risk Exposures (CR Exposures). To calculate its RWA for CR Exposures, an Authorised Person must:
(a)	calculate the value of the Exposure (represented as ""E"") for every on-balance sheet and every off balance sheet asset in accordance with the Exposure measurement methodology specified in Section 4.9 and recognising the effects of any applicable CRM;
(b)	categorise that Exposure in accordance with the Rules in Section 4.10;
(c)	allocate an applicable Credit Quality Grade and risk weight for that Exposure in accordance with the Rules in Section 4.11 and 4.12;
(d)	calculate the RWA amount for that Exposure using the following formula: RWA(CR) = E x CRW
where:
(i)	""RWA(CR)"" refers to the risk weighted Exposure amount for that CR Exposure;
(ii)	""E"" refers to the Exposure value or amount, for that CR Exposure; and
(iii)	""CRW"" refers to the applicable risk weight for that CR Exposure determined in accordance with (b) and (c); and
(e)	add the RWA amounts calculated in accordance with (d) for all its CR Exposures.",SCHEMA,,professional,ADGM,mixed_difficulty,5e5b0814-b3c0-441d-b92e-c7fe290a8020,5c99a9f9-b97d-4f45-834a-0562c13cf368,,,4.8.1.(2),4.8.3,,,,,HV0059,dd9324192c9a7188,ObliQA-XRef_Out_Datasets/final_large_merged/ObliQA-XRef-ADGM-ALL/final.jsonl,,,,
301d53276af79a92,"If the Fund Manager of a Passported Fund has to tell the Regulator about a material event as soon as practicable (and within the stated deadline once it becomes aware), what details must be included with the notice, and what extra document is required if the Prospectus has been amended or replaced?","When the Fund Manager of a Passported Fund (and, where applicable, the governing body or trustee) must notify the Regulator of a material event as soon as practicable—and for the listed events no later than seven days after it becomes aware—the notice must be submitted in the prescribed form that the Regulator may direct from time to time [#TGT:7a51b100-c0e6-41bd-809c-d2ae395a9898] [#SRC:a293c037-9b5d-4128-8318-f840f0264d1f]. The notice cannot be just a headline: at a minimum it must be accompanied by reasonable detail of the event, so the Regulator receives enough information about what happened (for example, the nature of the change or occurrence and what it affects) [#SRC:a293c037-9b5d-4128-8318-f840f0264d1f]. If the event being notified is that the Prospectus relating to the Passported Fund has been amended or replaced, the notice must also include a copy of the new Prospectus, so the Regulator receives the updated or replacement Prospectus alongside the notification [#TGT:7a51b100-c0e6-41bd-809c-d2ae395a9898] [#SRC:a293c037-9b5d-4128-8318-f840f0264d1f].","The notification referred to in Rule 6.6.2 must be in such prescribed form as the Regulator may direct from time to time.  At a minimum, the notification must be accompanied by reasonable detail of the event and (where the Prospectus has been amended or replaced) a copy of the new Prospectus.","The Fund Manager of a Passported Fund must notify the Regulator as soon as practicable of any material events, in accordance with applicable ADGM legislation.  In particular (but without limitation), a Fund Manager or the governing body or trustee of a Passported Fund must notify the Regulator as soon as practicable (and in any case no later than seven days after it becomes aware) of any of the following events:
(a)	the Fund Manager intends to retire as manager of the Passported Fund;
(b)	it is proposed that a successor manager will be appointed in relation to the Passported Fund;
(c)	the Fund Manager has been removed or replaced as manager of the Passported Fund;
(d)	any material service provider to the Passported Fund (including, without limitation, any custodian) or an Agent or Licensed Person resigns, is appointed, is removed, or is replaced;
(e)	the Prospectus relating to the Passported Fund has been amended or replaced;
(f)	winding-up of the Passported Fund has commenced; or
(g)	the Fund Manager intends to vary or revoke its Financial Service Permission (or any conditions contained in that Financial Service Permission).",SCHEMA,,basic,ADGM,mixed_difficulty,a293c037-9b5d-4128-8318-f840f0264d1f,7a51b100-c0e6-41bd-809c-d2ae395a9898,,,6.6.3,6.6.2,,,,,HV0060,301d53276af79a92,ObliQA-XRef_Out_Datasets/final_large_merged/ObliQA-XRef-ADGM-ALL/final.jsonl,,,,
3a9f52453ae801bb,"When a Relevant Person has maintained records relating to customer due diligence, customer business relationships, transactions, and suspicious activity reporting, what must it do if the Regulator requests a copy of the relevant record, and how does this interact with the requirement to keep those records for a minimum retention period?","A Relevant Person must ensure it both (i) keeps the specified categories of records for the required retention period and (ii) can produce the relevant record promptly when demanded. Specifically, it must, where relevant, maintain records covering documents and information obtained for initial and ongoing CDD or due diligence on business partners; records (originals or certified copies) relating to the customer business relationship (including business correspondence, information relating to a customer’s account, and sufficient transaction records to reconstruct individual transactions); internal findings and analysis for unusual or suspicious transactions or business; internal notifications to its MLRO; Suspicious Activity/Transaction Reports with supporting materials; communications with the FIU; and other expressly required matters, for at least six years from the latest of the report/notification date, the end of the business relationship, or completion of the transaction [#TGT:2bb23374-a3ae-4dd1-af3e-7222ecda1e98]. In addition, upon request, it must immediately provide to the Regulator a copy of the relevant record, and it must likewise provide it to a law enforcement agency where there is a valid and enforceable request or requirement [#SRC:c96c05de-76d2-4f05-b2ea-6f4fb9615094].","A Relevant Person must immediately provide to the Regulator, upon request, or a law enforcement agency, pursuant to a valid and enforceable request or requirement, a copy of the record referred to in Rule 4.5.1.","A Relevant Person must, where relevant, maintain the following records:
(a)	a copy of all documents and information obtained in undertaking initial and ongoing CDD or due diligence on business partners;
(b)	records, consisting of the original documents or certified copies, in respect of the customer business relationship, including:
(i)	business correspondence and other information relating to a customer’s account;
(ii)	sufficient records of transactions to enable individual transactions to be reconstructed; and
(iii)	internal findings and analysis relating to a transaction or any business, if the transaction or business appears unusual or suspicious, whether or not it results in a Suspicious Activity/Transaction Report;
(c)	internal notifications of suspicious activity made to its MLRO under Rule ‎‎14.2.2;
(d)	Suspicious Activity/Transaction Reports and any relevant supporting documents and information, including internal findings and analysis;
(e)	any relevant communications with the FIU;
(f)	the documents in Rule ‎4.6.1; and
(g)	any other matter that the Relevant Person is expressly required to record under these Rules,
for at least six years from the date on which the notification or report was made, the business relationship ends or the Transaction is completed, whichever occurs last.",SCHEMA,,professional,ADGM,mixed_difficulty,c96c05de-76d2-4f05-b2ea-6f4fb9615094,2bb23374-a3ae-4dd1-af3e-7222ecda1e98,,,4.5.2,4.5.1,,,,,HV0061,3a9f52453ae801bb,ObliQA-XRef_Out_Datasets/final_large_merged/ObliQA-XRef-ADGM-ALL/final.jsonl,,,,
a806d0f5b2bb456a,"When preparing the weekly position report that a Recognised Investment Exchange must publish and provide to the Regulator for each Derivative admitted to trading, how must the Recognised Investment Exchange distinguish, as far as practicable, between risk-reducing positions tied directly to commercial activities and other positions, while still reporting the required aggregate position details by category of participant?","A Recognised Investment Exchange must produce a weekly position report that is both (i) publicly disclosed and provided to the Regulator and (ii) structured so that positions are separated, to the extent possible, into those that objectively reduce risks directly relating to commercial activities versus other positions. In practice, this means the Recognised Investment Exchange must categorise persons into participant categories and then, within the weekly reporting process, differentiate positions along the two position types while still presenting the report as aggregate positions held by each category of participant for each Derivative admitted to trading. The weekly report must detail, for each relevant category and Derivative, the number of long and short positions, changes since the previous report, the percentage of total open interest represented by each category, and the number of persons holding a position in each category. These content elements must be delivered in the same weekly report that is made public and provided to the Regulator, while the differentiation requirement ensures the report distinguishes risk-reducing commercial positions from other positions as far as practicable. [#SRC:2722b40a-c3fd-4d87-a5aa-65796ac6bdf2] [#TGT:ce2f97e5-2183-47cc-a1b0-23f2db75b226]","Position Reports. For the weekly report referred to under Rule 3.3.12, the Recognised Investment Exchange must:
(a)	categorise persons in accordance with Rule 3.3.15; and
(b)	differentiate, to the extent possible, between positions identified as:
(i)	positions which in an objectively measurable way reduce risks directly relating to commercial activities; and
(ii)	other positions.","Position Reports. A Recognised Investment Exchange must make public, and provide to the Regulator, a weekly report detailing the aggregate positions held by each category of participant for each Derivative that is admitted to trading on the Recognised Investment Exchange, specifying:
(a)	the number of long and short positions by such categories;
(b)	any changes in positions since the previous report;
(c)	the percentage of the total open interest represented by each category of participant; and
(d)	the number of persons holding a position in each category of participant.",SCHEMA,,professional,ADGM,mixed_difficulty,2722b40a-c3fd-4d87-a5aa-65796ac6bdf2,ce2f97e5-2183-47cc-a1b0-23f2db75b226,,,3.3.14,3.3.12,,,,,HV0062,a806d0f5b2bb456a,ObliQA-XRef_Out_Datasets/final_large_merged/ObliQA-XRef-ADGM-ALL/final.jsonl,,,,
cee4e7c62e8f66ca,"When a Payment Service User requests information at any time during the term of a Framework Contract, what information must the Payment Service Provider provide, and how does that obligation relate to the minimum information that the Framework Contract itself must include unless the Payment Service Provider and a Payment Service User which is not a Natural Person agree otherwise in writing?","If the Payment Service User requests it at any time during the term of the Framework Contract, the Payment Service Provider must provide (i) the information that the Framework Contract is required to include as its mandatory content (unless the parties have otherwise agreed in writing where the Payment Service User is not a Natural Person) and (ii) any other terms of the Framework Contract beyond that mandatory content. In practice, this means the Payment Service Provider must be able to supply, on request, the full set of required Framework Contract disclosures—covering information about the Payment Service Provider, the Payment Service, charges and exchange rates, communications, safeguards and corrective measures, changes and termination, redress, and (where applicable) Stored Value redemption—together with any additional contractual terms the parties have included. The written “otherwise agreed” carve-out for a Payment Service User which is not a Natural Person affects what must be included as mandatory information in the Framework Contract, but it does not remove the Payment Service Provider’s duty to provide the information that is specified for provision on request, plus the remaining contractual terms, during the contract term. [#SRC:297c1b5c-a066-4f82-b626-7572c7d5de26] [#TGT:08c0ad25-70d0-4613-863a-43b760cfd83b]","If the Payment Service User so requests at any time during the term of the Framework Contract, the Payment Service Provider must provide the information specified in Rule 19.2.1 as well as any other terms of the Framework Contract.
Changes in contractual information","Unless otherwise agreed in writing by a Payment Service Provider and a Payment Service User which is not a Natural Person in accordance with Rule 19.6.1, a Framework Contract between a Payment Service Provider and a Payment Service User must include the following information:
(a)	about the Payment Service Provider:
(i)	the name of the Payment Service Provider;
(ii)	the address and contact details of the Payment Service Provider’s office in ADGM;
(iii)	the name of the Regulator of the Payment Service Provider, and details of the Payment Service Provider’s Financial Service Permission;
(b)	about the Payment Service:
(i)	a description of the main characteristics of the Payment Service to be provided;
(ii)	the information or unique identifier that must be provided by the Payment Service User in order for a Payment Order to be properly initiated and executed;
(iii)	the form and procedure for giving consent to the initiation of a Payment Order or execution of a Payment Transaction and for the withdrawal of consent in accordance with Rule 19.10.1(3);
(iv)	the time of receipt of a Payment Order, in accordance with Rule 19.14.1, and the cut-off time for the processing of a Payment Order, if any, established by the Payment Service Provider;
(v)	the maximum execution time for the Payment Services to be provided; and
(vi)	any spending limits for the use of a Payment Instrument as agreed in accordance with Rule 19.10.2(1);
(c)	about charges and exchange rates:
(i)	details of all charges payable by the Payment Service User to the Payment Service Provider, including those connected to information which is provided or made available and, where applicable, a breakdown of the amounts of all charges;
(ii)	where relevant, details of the exchange rates to be applied or, if Reference Exchange Rates are to be used, the method of calculating the relevant date for determining such Reference Exchange Rates;
(iii)	where relevant and if agreed, the application of changes in Reference Exchange Rates and information requirements relating to any such changes, in accordance with Rule 19.2.5;
(d)	about communication:
(i)	the means of communication agreed between the parties for the transmission of information or notifications including, where relevant, any technical requirements for the Payment Service User’s equipment and software for receipt of the information or notifications;
(ii)	the manner in which and frequency with which information under Chapter 19 is to be provided or made available;
(iii)	the Payment Service User’s right to receive the revised terms of the Framework Contract and any other information in accordance with Rule 19.2.4;
(e)	about safeguards and corrective measures:
(i)	where relevant, a description of the steps that the Payment Service User must to take in order to keep safe a Payment Instrument and how to notify the Payment Service Provider of loss of the Payment Instrument for the purposes of Rule 19.11.1(3);
(ii)	how and within what period of time the Payment Service User must notify the Payment Service Provider of any unauthorised or incorrectly initiated or executed Payment Transaction under Rule 19.17.1;
(iii)	the secure procedure by which the Payment Service Provider will contact the Payment Service User in the event of suspected or actual fraud or security threats;
(iv)	where relevant, the conditions under which the Payment Service Provider proposes to reserve the right to stop or prevent the use of a Payment Instrument in accordance with Rule 19.14.2;
(v)	the Payer’s liability under Rule 19.20.1 including details of any limits on such liability;
(vi)	the Payment Service Provider’s liability for unauthorised Payment Transactions under Rule 19.20.1;
(vii)	the Payment Service Provider’s liability for the initiation or execution of Payment Transactions under Rule 19.21.2 or Rule 19.21.3; and
(viii)	the conditions for the payment of any refund to the Payment Service User under this Chapter.
(f)	about changes to and termination of the Framework Contract:
(i)	where relevant, the proposed terms under which the Payment Service User will be deemed to have accepted changes to the Framework Contract in accordance with Rule 19.2.5, unless they notify the Payment Service Provider that they do not accept such changes before the proposed date of their entry into force;
(ii)	the duration of the Framework Contract;
(iii)	where relevant, the right of the Payment Service User to terminate the Framework Contract and any agreements relating to termination in accordance with Rule 19.2.8.
(g)	about redress:
(i)	any contractual clauses on the law applicable to the Framework Contract and the competent courts; and
(ii)	the availability of any alternative dispute resolution procedures, if applicable,  for the Payment Service User and the methods for having access to them.
(h)	if the Payment Service involves the issuance of Stored Value, about the redemption of Stored Value, including the conditions of redemption and any related Fees.",SCHEMA,,professional,ADGM,mixed_difficulty,297c1b5c-a066-4f82-b626-7572c7d5de26,08c0ad25-70d0-4613-863a-43b760cfd83b,,,19.2.3,19.2.1,,,,,HV0063,cee4e7c62e8f66ca,ObliQA-XRef_Out_Datasets/final_large_merged/ObliQA-XRef-ADGM-ALL/final.jsonl,,,,
6110e9833cd25477,"If a Relevant Person is assessing a customer and deciding whether to rate them high risk because of the countries involved, what kinds of reports and organisations count as credible sources for deciding that a country has weak anti-money laundering controls, high corruption or crime, sanctions exposure, or terrorism links?","A Relevant Person must, when carrying out a risk-based assessment of a customer and deciding whether to assign a high-risk rating, consider all relevant risk factors that reasonably apply to the customer, including geographical or jurisdictional risk factors about the countries connected to the customer [#TGT:938ee9c6-a91c-4702-9039-d34906f00b5c]. Those country factors include whether countries are identified by credible sources as not having effective systems to counter money laundering, not implementing measures consistent with FATF Recommendations, having significant corruption or other criminal activity (including terrorism, money laundering, or illicit drugs), being subject to sanctions or similar measures, providing funding or support for terrorism, or having organisations designated as terrorist organisations operating in their territory [#TGT:938ee9c6-a91c-4702-9039-d34906f00b5c]. For deciding what counts as a “credible source” for these purposes, credible sources include (but are not limited to) mutual evaluations and detailed assessment or follow-up reports issued by FATF, the International Monetary Fund (IMF), the World Bank, the OECD, and other International Organisations [#SRC:d9e3fef9-b049-4b8f-9140-4d98002c3dab]. So, the Relevant Person should rely on these kinds of reports and issuers when identifying higher-risk countries and then factor that into the customer’s overall risk rating decision [#TGT:938ee9c6-a91c-4702-9039-d34906f00b5c] [#SRC:d9e3fef9-b049-4b8f-9140-4d98002c3dab].","For the purposes of ‎7.1.2(1)(c), a credible source includes, but is not limited to, mutual evaluations, detailed assessment reports or follow-up reports issued by FATF, the International Monetary Fund (“IMF”), the World Bank, the OECD and other International Organisations.","When undertaking a risk-based assessment of a customer and considering whether or not to assign a high-risk rating under ‎7.1.1(1)(b), a Relevant Person must take into account all relevant risk factors that would reasonably apply to the customer, including but not limited to:
(a)	customer risk factors, including whether the:
(i)	business relationship is conducted in unusual circumstances;
(ii)	customer is resident, established, registered or conducts business in a geographical area or jurisdiction of high risk (as set out in paragraph (c));
(iii)	customer is a Legal Person or a Legal Arrangement that is a vehicle for holding personal assets;
(iv)	customer is a company that has nominee shareholders or shares in bearer form;
(v)	customer is a business that is cash intensive, such as a business that receives a majority of its revenue in cash;
(vi)	corporate structure of the customer or any group to which it belongs is unusual or excessively complex given the nature of the business;
(b)	product, service, transaction or delivery channel risk factors, including whether:
(i)	the service involves private banking;
(ii)	the product, service or transaction is one that might allow for anonymity or obfuscation of the true identity of any of the parties involved in the transaction;
(iii)	the situation involves NFTF business relationships or transactions, or lacks appropriate safeguards, such as electronic signatures or eKYC;
(iv)	payments will be received from unknown or unassociated third parties;
(v)	the service involves the provision of nominee directors, nominee shareholders or shadow directors, or the formation of companies in another country;
(vi)	new products and new business practices are involved, including new delivery mechanisms or the use of new or developing technologies for both new and pre-existing products; and
(c)	geographical or jurisdictional risk factors, including whether the relevant country or countries:
(i)	are identified by credible sources, as:
(A)	not having effective systems to counter money laundering; or
(B)	not implementing requirements to counter money laundering that are consistent with FATF Recommendations;
(ii)	are identified by credible sources as having significant levels of corruption or other criminal activity, such as terrorism, money laundering or the production and supply of illicit drugs;
(iii)	are subject to Sanctions, embargos or similar measures issued by, for example, the United Nations or the State;
(iv)	are identified by credible sources as providing funding or support for terrorism;
(v)	have organisations operating within their territory that have been designated by the State, other countries or International Organisations as terrorist organisations.",SCHEMA,,basic,ADGM,mixed_difficulty,d9e3fef9-b049-4b8f-9140-4d98002c3dab,938ee9c6-a91c-4702-9039-d34906f00b5c,,,7.1.2.(2),7.1.2.(1),,,,,HV0064,6110e9833cd25477,ObliQA-XRef_Out_Datasets/final_large_merged/ObliQA-XRef-ADGM-ALL/final.jsonl,,,,
5b25e6b288de8e80,"If the Fund Manager of a Public Fund tells the Regulator it wants the Public Fund to be a Passported Fund, what must it do if it later finds a significant change, mistake, or missing information that matters to that notice before Promotion starts in a Host Jurisdiction, and what will the Regulator do next?","After the Fund Manager of a Public Fund decides to use the passporting procedures and notifies the Regulator that it intends the Public Fund to be a Passported Fund [#TGT:9ca2c478-4456-4c79-b447-743632309a37], it has an ongoing duty to address problems that could affect that notice. If, in the period after that notification and before Promotion begins in a Host Jurisdiction, the Fund Manager becomes aware of any material change, error, or omission that is reasonably likely to be relevant to what it told the Regulator, the Fund Manager must send the Regulator a written notice without delay [#SRC:b27b7465-dcf2-43cf-a342-6f999ce5dadc]. This requirement applies when the issue is important (material) and when it is reasonably likely to matter to the earlier notification, and it applies whether the issue is new information, a correction of a mistake, or filling in something that was left out. Once the Regulator receives that written notice, it will promptly pass all relevant details of the material change, error, or omission to the relevant Host Regulator [#SRC:b27b7465-dcf2-43cf-a342-6f999ce5dadc].","If, at any time between the notification pursuant to Rule 3.2.2 and the commencement of Promotion in a Host Jurisdiction, the Fund Manager becomes aware of any material change, error, or omission reasonably likely to be relevant to such notification, the Fund Manager shall give written notice to the Regulator without delay.  The Regulator will promptly provide the relevant Host Regulator with all relevant details of the material change, error or omission.","If the Fund Manager of a Public Fund wishes to use the passporting procedures under these Rules, it must notify the Regulator of its intention that the Public Fund be a Passported Fund.",SCHEMA,,basic,ADGM,mixed_difficulty,b27b7465-dcf2-43cf-a342-6f999ce5dadc,9ca2c478-4456-4c79-b447-743632309a37,,,3.2.9,3.2.2,,,,,HV0065,5b25e6b288de8e80,ObliQA-XRef_Out_Datasets/final_large_merged/ObliQA-XRef-ADGM-ALL/final.jsonl,,,,
ebd9610d5d4d47a7,"If an Authorised Person decides to lower the value of its Exposures using credit risk mitigation options like provisions, netting, collateral, guarantees, credit derivatives, or securitisation, what policy must it write down about using any exclusions, and how does that fit with the fact the reductions are optional?","An Authorised Person is allowed to reduce the value of its Exposures, and it can choose to do so at its discretion, by using one or more listed credit risk mitigation approaches. These include reducing by specific provisions tied to credit loss risk (and not general reserves), netting claims and liabilities to a Counterparty if the stated conditions are met, recognising eligible Collateral that meets the stated type and requirements, recognising eligible guarantees, recognising qualifying Credit Derivatives that meet the stated conditions, and recognising securitisation transactions that transfer Credit Risks if the stated conditions are met [#TGT:9ae2763f-2e1a-4afb-ac8e-f57ce03a81c3]. Even though using these reductions is optional, the Authorised Person still has a mandatory governance step: it must document its policy for how it will use any exclusions that apply within this recognition framework [#SRC:5a4ad383-0e7b-476f-84ee-d6bce45b2270]. So, discretion applies to whether and which mitigation methods are used, but documentation is required to control and evidence how exclusions are applied when the Authorised Person uses them.",Recognition of Credit Risk mitigations. An Authorised Person must document its policy for the use of any of the exclusions in Rule 4.15.12.,"Recognition of Credit Risk mitigations. For the purposes of this Section, an Authorised Person may reduce the value of its Exposures, at its discretion, by any one or more of the following:
(a)	the amount of any specific provision made, where the provision relates to the risk of a credit loss occurring on that Exposure and is not held as part of a general provision or reserve against its Credit Risks;
(b)	Netting its claims on and liabilities to a Counterparty, provided that the conditions in Section 4.13 of CRM are met;
(c)	the amount of Collateral held against its Exposures, where that Collateral is of a type listed based on the FCSA and FCCA approaches and meeting the requirements under Section 4.13;
(d)	the amount of any eligible guarantees as permitted under Section 4.13.9;
(e)	the value of a Credit Derivative, where the Credit Derivative is an instrument included in Rule 4.13.11 and the transaction meets the conditions set out in that Section; and
(f)	the effects of transactions transferring Credit Risks from the Authorised Person to another party through securitisation, provided that the conditions in Section 4.14 are met.",SCHEMA,,basic,ADGM,mixed_difficulty,5a4ad383-0e7b-476f-84ee-d6bce45b2270,9ae2763f-2e1a-4afb-ac8e-f57ce03a81c3,,,4.15.17,4.15.12,,,,,HV0066,ebd9610d5d4d47a7,ObliQA-XRef_Out_Datasets/final_large_merged/ObliQA-XRef-ADGM-ALL/final.jsonl,,,,
e01e9f1e9dd5fd16,"If someone files a Supplementary Prospectus, when can the Regulator ask for an extra fee, and is that the same kind of situation where the Regulator can charge an extra fee for other filings or supervision work?","A Supplementary Prospectus filing does not automatically mean a fee must be paid. The Regulator can only ask for a supplementary fee if reviewing that Supplementary Prospectus will require the Regulator to incur substantial additional costs or to spend substantial additional effort in carrying out its review [#SRC:cec237a1-c364-4ed0-9197-dcac6160defb]. This is consistent with the wider permission for the Regulator to require a Person to pay a supplementary fee in situations where the Regulator expects substantial additional costs or substantial additional effort in dealing with regulatory matters such as an application, an authorisation, a filing, or on-going supervision [#TGT:64a0df5a-e946-4496-9fd3-244340c2a080]. In other words, the key trigger is not simply that a document was filed, but that the Regulator’s work on it is expected to be unusually resource-intensive. The Supplementary Prospectus example fits within the broader category of “filing” situations where extra cost or effort justifies an additional fee.","The filing of a Supplementary Prospectus does not trigger the payment of a fee unless the review of the Supplementary Prospectus will require the Regulator to incur substantial additional costs or expend substantial additional effort when conducting its review, in which event the Regulator may require payment of a supplementary fee in accordance with Rule 1.2.4.","Supplementary fees
The Regulator may require a Person to pay to the Regulator a supplementary fee in circumstances where it expects to incur substantial additional costs or expend substantial additional effort in dealing with an application, authorisation, filing or when conducting on-going supervision.",SCHEMA,,basic,ADGM,mixed_difficulty,cec237a1-c364-4ed0-9197-dcac6160defb,64a0df5a-e946-4496-9fd3-244340c2a080,,,9.3.1.Guidance,1.2.4,,,,,HV0067,e01e9f1e9dd5fd16,ObliQA-XRef_Out_Datasets/final_large_merged/ObliQA-XRef-ADGM-ALL/final.jsonl,,,,
d350ec23b14294f4,"When an Exempt Fund can no longer satisfy the conditions needed to remain classified as an Exempt Fund, what must the Fund Manager do in relation to applying for the winding up of that Fund, and how does the availability of converting the Fund to a Qualified Investor Fund depend on whether the Fund meets the criteria for a Domestic Fund to be treated as a Qualified Investor Fund (including how its Units are offered and who may be Unitholders)?","If an Exempt Fund can no longer meet the relevant conditions required for it to remain classified as an Exempt Fund, the Fund Manager of that Fund is required to apply for the winding up of that Fund [#SRC:6e2b3cea-7166-4cff-a20a-f10f87ba8b03]. Instead of winding up, the Fund Manager may pursue an alternative regulatory outcome by changing the Fund’s classification, including converting the Fund to a Qualified Investor Fund, but only if the Fund meets the conditions applicable to a Qualified Investor Fund [#SRC:6e2b3cea-7166-4cff-a20a-f10f87ba8b03]. In assessing whether conversion to a Qualified Investor Fund is available for a Domestic Fund, the Fund Manager must ensure the Domestic Fund satisfies the defining criteria for being treated as a Qualified Investor Fund: its Units must be offered only by way of a private placement, and all its Unitholders must meet the criteria to be classified as Professional Clients [#TGT:edeb67fb-b685-4937-bc79-820dd671f855]. If those Domestic Fund criteria are not met, the Fund would not qualify on that basis as a Qualified Investor Fund, and the Fund Manager would need to proceed with the required winding-up application triggered by the loss of Exempt Fund conditions, or consider another permitted reclassification route [#SRC:6e2b3cea-7166-4cff-a20a-f10f87ba8b03].","If an Exempt Fund can no longer meet the relevant conditions set out in Rule ‎3.3.3 to be classified as an Exempt Fund, the Fund Manager of that Fund is required, under Section 112 of the FSMR, to apply for the winding up of that Fund. Alternatively, the Fund Manager may have that Fund moved to the classification of a Public Fund, which requires the satisfaction of the requirements and formalities specific to that type of Fund. An Exempt Fund may also, if it wishes to, convert to a Qualified Investor Fund provided it meets the conditions applicable to a Qualified Investor Fund in Rule ‎3.3.4.","A Domestic Fund is a Qualified Investor Fund, if:
(a)	its Units are offered to persons only by way of a private placement;
(b)	all its Unitholders are persons who meet the criteria to be classified as Professional Clients; and
(c)	the initial subscription to be paid by a person to become a Unitholder is at least US$500,000.",SCHEMA,,professional,ADGM,mixed_difficulty,6e2b3cea-7166-4cff-a20a-f10f87ba8b03,edeb67fb-b685-4937-bc79-820dd671f855,,,PART 5.14.1.Guidance.1,PART 2.3.3.4.(1),,,,,HV0068,d350ec23b14294f4,ObliQA-XRef_Out_Datasets/final_large_merged/ObliQA-XRef-ADGM-ALL/final.jsonl,,,,
46321a06af84dda3,"If Securities are being admitted to trading on a Recognised Investment Exchange, when does the prohibition not apply because the Securities are treated as Exempt Securities, and what kinds of Securities count as Exempt Securities under the Regulator’s prescribed list?","The prohibition does not apply to admitting Securities to trading on a Recognised Investment Exchange when the Securities being admitted are Exempt Securities, but this is not a blanket exclusion: the admission is still subject to the separate requirement that applies to this situation [#SRC:f70272ac-30bf-4e62-92d7-8b863f75cdf9]. To know whether the exclusion is available, you must check whether the Securities fit within one of the types the Regulator has prescribed as Exempt Securities [#TGT:16a48ee7-becd-40f8-8af0-17dbcd09dfc0]. Those types include, for example: small additional issuances of shares of the same class already admitted (measured over 12 months); replacement shares with no increase in issued capital; Securities linked to a takeover offer or merger where a document with information the Regulator regards as equivalent to a prospectus is available; rights issues or free/share-dividend issues where the Securities are the same class and an information document is made available; offers to directors, employees, or close relatives with the same-class and document conditions; shares created by conversion or exercise into the same class; and certain admissions from another market where trading history, ongoing compliance, and an English summary document approved by the Regulator are provided. If none of these definitions fits, the exclusion does not apply.","The prohibition in section 61(1) of the FSMR does not apply, subject to the requirement in Rule 4.4.2, to the admission to trading on a Recognised Investment Exchange of Securities that are Exempt Securities under Rule 4.4.1.","For the purposes of section 61(3)(b) of the FSMR the Regulator hereby prescribes the types of Securities that are Exempt Securities:
(1)	Shares representing, over a period of 12 months, less than 10% of the number of Shares of the same class already admitted to trading on the same Recognised Investment Exchange;
(2)	Shares issued in substitution for Shares of the same class already admitted to trading on the same Recognised Investment Exchange, if the issue of the Shares does not involve any increase in the issued capital;
(3)	Securities offered in connection with a Takeover Offer, if a document is available containing information which is regarded by the Regulator as being equivalent to that of a Prospectus;
(4)	Securities offered, allotted or to be allotted in connection with a merger, if a document is available containing information which is regarded by the Regulator as being equivalent to that of the Prospectus;
(5)	Securities offered, allotted or to be allotted in connection with a rights issue if:
(a)	the Securities are of the same class as the Securities already admitted to trading on the same Recognised Investment Exchange; and
(b)	a document is made available containing information on the number and nature of the Securities and the reasons for and details of the Offer;
(6)	Shares offered, allotted or to be allotted to existing Shareholders free of charge, or in respect of dividends paid out in the form of Shares of the same class as the Shares in respect of which the dividends are paid, if:
(a)	the Shares are of the same class as the Shares already admitted to trading on the same Recognised Investment Exchange; and
(b)	a document is made available containing information on the number and nature of the Shares and the reasons for and details of the Offer;
(7)	Securities offered, allotted or to be allotted to an existing or former Director or Employee, or any Close Relative of such a Director or Employee, of the Issuer or a member of the same Group as the Issuer and if:
(a)	the Securities are of the same class as the Securities already admitted to trading on the same Recognised Investment Exchange; and
(b)	a document is made available containing information on the number and nature of the Securities and the reasons for and detail of the Offer;
(8)	Shares resulting from the conversion or exchange of other Securities or from the exercise of the rights conferred by other Securities, if the Shares are of the same class as the Shares already admitted to trading on the same Recognised Investment Exchange; or
(9)	Securities already admitted to trading on another Recognised Investment Exchange or Regulated Exchange (the ""Other Market""), where:
(a)	the Securities, or Securities of the same class, have been admitted to trading and continuously traded on the Other Market for more than 18 months;
(b)	the on-going obligations for trading on that Other Market have been complied with; and
(c)	the Person requesting the admission to trading of the Securities under this exemption makes a summary document in the English language which is approved by the Regulator in accordance with the requirements in section 4.6 and published:
(i)	containing the information set out in Rule 4.5.2(1)(b);
(ii)	stating where the most recent and current Prospectus, if any, can be obtained; and
(iii)	specifying where the financial information disclosed by the Issuer pursuant to its on-going disclosure obligations of the Other Market is available.
(10)	Securities offered in connection with any issue of Securities under Rules 9.7.1 or 9.7.4, where the Securities are of the same class already admitted to trading on the same Recognised Investment Exchange.",SCHEMA,,basic,ADGM,mixed_difficulty,f70272ac-30bf-4e62-92d7-8b863f75cdf9,16a48ee7-becd-40f8-8af0-17dbcd09dfc0,,,4.4.Guidance.2.,4.4.1,,,,,HV0069,46321a06af84dda3,ObliQA-XRef_Out_Datasets/final_large_merged/ObliQA-XRef-ADGM-ALL/final.jsonl,,,,
7745e6835dca8da7,"When can a letter of credit count as a qualifying letter of credit that the Regulator may allow to be included as eligible capital, and what specific features must it have (like being enforceable in ADGM or an approved jurisdiction, not needing all-party consent to change, no collateral required from the Captive Insurer, and the bank’s rating and regulation)?","A letter of credit can be treated as a qualifying letter of credit only if it both meets the required conditions for the relevant requirements and the Regulator allows it to be included as eligible capital [#SRC:09531ba6-44f7-4113-bdf4-943582ecc05c]. Meeting the required conditions means the letter of credit must be unconditional and irrevocable, and it must not include a subordination clause [#TGT:27f296e6-bc33-466d-b0c3-d6ff38a741d3]. It must be legally enforceable in ADGM or in another jurisdiction that the Regulator has approved for this purpose, and it must not be capable of being cancelled or amended unless all parties consent [#TGT:27f296e6-bc33-466d-b0c3-d6ff38a741d3]. It also needs to be for a fixed amount and renewable annually [#TGT:27f296e6-bc33-466d-b0c3-d6ff38a741d3]. The agreement between the bank and the Captive Insurer must not require the Captive Insurer to give collateral to the bank as a condition for issuing the letter of credit [#TGT:27f296e6-bc33-466d-b0c3-d6ff38a741d3]. Finally, the bank providing it must be rated at least BBB+ by Standard & Poor’s (or an equivalent rating by another Approved Rating Agency) and be regulated in ADGM or another jurisdiction approved by the Regulator, at issue and afterwards [#TGT:27f296e6-bc33-466d-b0c3-d6ff38a741d3].","A letter of credit is a qualifying letter of credit if:
(a)	it meets the requirements in Rule ‎3.1.4(2); and
(b)	the Regulator allows, under Rule 2(2)(a), that it be included as eligible capital.","A letter of credit meets the requirements of this Rule 3.1.4(2) if:
(a)	it is unconditional and irrevocable;
(b)	it does not contain a subordination clause;
(c)	it is legally enforceable in ADGM or any other jurisdiction approved for this purpose by the Regulator;
(d)	it cannot be cancelled or amended without the consent of all parties;
(e)	it is for a fixed amount;
(f)	it is renewable annually;
(g)	the terms of the agreement between the bank and the Captive Insurer do not require the Captive Insurer to give collateral to the bank for issuing the letter of credit; and
(h)	the bank that provides the letter of credit is, at the time of issue, and afterwards:
(i)	rated at least BBB+ by Standard & Poor's or the equivalent by another Approved Rating Agency; and
(ii)	regulated in ADGM or any other jurisdiction approved for this purpose by the Regulator.",SCHEMA,,basic,ADGM,mixed_difficulty,09531ba6-44f7-4113-bdf4-943582ecc05c,27f296e6-bc33-466d-b0c3-d6ff38a741d3,,,3.1.4.(1),3.1.4.(2),,,,,HV0070,7745e6835dca8da7,ObliQA-XRef_Out_Datasets/final_large_merged/ObliQA-XRef-ADGM-ALL/final.jsonl,,,,
8ff811107a4ee8b8,"Where investments are made using Musharaka or Mudaraba contracts with commodities as the underlying assets, how must an Authorised Person calculate its Commodities Risk Capital Requirement, including the required treatment of Trading Book and Non Trading Book commodity positions and the permitted calculation approaches?","Where investments are made using Musharaka or Mudaraba contracts with commodities as the underlying assets, an Authorised Person must calculate its Commodities Risk Capital Requirement in the manner required for commodity exposures [#SRC:bbd0d60b-0179-4756-8de1-848cacc7db4e]. In doing so, the calculation must cover commodity positions in both the Trading Book and the Non Trading Book, rather than being limited to one book only [#TGT:e93a335b-caf1-4776-842f-11bd1e28aefe]. The Authorised Person must then apply one of the specified calculation approaches: either use its internal Market Risk model, provided that model has been approved by the Regulator for the purpose of calculating the Commodities Risk Capital Requirement, or apply the prescribed rules set out for this calculation method [#TGT:e93a335b-caf1-4776-842f-11bd1e28aefe]. Accordingly, when the commodity exposure arises through Musharaka or Mudaraba structures, the firm must ensure it selects an allowed approach and applies it consistently to the relevant Trading Book and Non Trading Book commodity positions to arrive at the Commodities Risk Capital Requirement [#SRC:bbd0d60b-0179-4756-8de1-848cacc7db4e] [#TGT:e93a335b-caf1-4776-842f-11bd1e28aefe].","Market risk. Where investments are made using Musharaka or Mudaraba contracts with commodities as the underlying assets, an Authorised Person must calculate its Commodities Risk Capital Requirement in accordance with PRU Rule 5.7.1.","An Authorised Person in Category 1, 2 or 5 must calculate its Commodities Risk Capital Requirement in respect of Trading Book and Non Trading Book commodity positions by:
(a)	applying its internal Market Risk model which has been approved by the Regulator for this purpose; or
(b)	applying the Rules set out in Section A6.5.",SCHEMA,,professional,ADGM,mixed_difficulty,bbd0d60b-0179-4756-8de1-848cacc7db4e,e93a335b-caf1-4776-842f-11bd1e28aefe,,,5.4.10,5.7.1,,,,,HV0071,8ff811107a4ee8b8,ObliQA-XRef_Out_Datasets/final_large_merged/ObliQA-XRef-ADGM-ALL/final.jsonl,,,,
2b8ee19ae20c88cf,What must a Third Party Provider do to ensure its professional indemnity insurance both remains adequate to reimburse Customers if operational risk events occur and also stays above the required threshold tied to recent Third Party Transactions?,"A Third Party Provider must maintain professional indemnity insurance coverage that is sufficient in purpose and effect to reimburse Customers if operational risk events occur, meaning the coverage must be kept at a level that can respond to losses arising from such events and support customer reimbursement when needed [#SRC:c9a29acd-37bb-40cb-9516-3121dbf18b53]. In addition to that customer-protection objective, the Third Party Provider must continuously monitor its remaining professional indemnity insurance coverage and ensure it does not fall below a quantitative floor linked to its transaction activity: at all times, the remaining coverage must be greater than thirty times the average daily value of all Third Party Transactions over the past ninety calendar days [#TGT:aaaa3ad8-9dea-490e-bd62-04177ed8aa0b]. Practically, this requires the Third Party Provider to track Third Party Transactions over the rolling ninety-day period, calculate the average daily value, apply the thirty-times multiplier, and compare the result to the remaining coverage so that coverage is maintained and adjusted as transaction volumes change, while still meeting the overarching requirement that coverage be sufficient to reimburse Customers following operational risk events [#SRC:c9a29acd-37bb-40cb-9516-3121dbf18b53] [#TGT:aaaa3ad8-9dea-490e-bd62-04177ed8aa0b].",Rule 6.12A.2 requires a Third Party Provider to maintain sufficient professional indemnity insurance coverage to reimburse Customers should operational risk events occur.,Transaction Limits. A Third Party Provider must ensure that its remaining professional indemnity insurance coverage is always greater than thirty times the average daily value of all Third Party Transactions in the past ninety calendar days.,SCHEMA,,professional,ADGM,mixed_difficulty,c9a29acd-37bb-40cb-9516-3121dbf18b53,aaaa3ad8-9dea-490e-bd62-04177ed8aa0b,,,6.12A.4.Guidance.2.,6.12A.2,,,,,HV0072,2b8ee19ae20c88cf,ObliQA-XRef_Out_Datasets/final_large_merged/ObliQA-XRef-ADGM-ALL/final.jsonl,,,,
1e44cabdde5dba07,"When the Customer is not a Natural Person and the Customer and the Third Party Provider have agreed in writing to disapply the provisions governing withdrawal of consent, to what extent may the Customer still withdraw consent to a series of Third Party Transactions, and what is the authorisation status of previously consented but unexecuted Third Party Transactions at the time of withdrawal, taking into account the stated condition that applies to withdrawal?","If the Customer is not a Natural Person, the Customer and the Third Party Provider are permitted to agree in writing that the provisions dealing with withdrawal of consent do not apply [#SRC:10510c2c-99d3-4cba-bac5-61cda5d00d44]. Absent (or unless overridden by) such a written agreement, the Customer is permitted to withdraw consent to a series of Third Party Transactions at any time, but this permission operates subject to the stated condition that applies to withdrawal [#TGT:e4c92e77-6fe0-46b4-a71f-9f3a479ee273]. Where consent is withdrawn under that permission, any Third Party Transactions that were previously consented to but have not yet been executed at the time of withdrawal will no longer be regarded as authorised [#TGT:e4c92e77-6fe0-46b4-a71f-9f3a479ee273]. Accordingly, compliance should confirm (i) whether the Customer is not a Natural Person, and (ii) whether there is a written agreement between the Customer and the Third Party Provider disapplying the withdrawal-of-consent provisions; if so, the default ability to withdraw consent and the resulting change in authorisation status may not apply as described [#SRC:10510c2c-99d3-4cba-bac5-61cda5d00d44].","Where the Customer is not a Natural Person, the Customer and the Third Party Provider may agree in writing that the following Rules do not apply:
(a)	Rules 20.2.15 and 20.2.16 (charges for information);
(b)	Rule 20.7.3 and 20.7.4 (withdrawal of consent);
(c)	Rule 20.8.2 (revocation of a Payment Order);
(d)	Rules 20.10.1 and 20.10.2 (requests for refund);
(e)	Rule 20.11.1 (evidence on authentication and execution);
(f)	Rule 20.12.5 (liability for charges); and
the parties may agree that a different time period applies concerning unauthorised or incorrectly executed Payment Transactions for the purposes of Rule 20.10.1.","Subject to Rule 20.8.2, the Customer may withdraw consent to a series of Third Party Transactions at any time.  All Third Party Transactions which have been previously consented to but not yet executed at the time that consent has been withdrawn will no longer be regarded as authorised.",SCHEMA,,professional,ADGM,mixed_difficulty,10510c2c-99d3-4cba-bac5-61cda5d00d44,e4c92e77-6fe0-46b4-a71f-9f3a479ee273,,,20.4.1,20.7.4,,,,,HV0073,1e44cabdde5dba07,ObliQA-XRef_Out_Datasets/final_large_merged/ObliQA-XRef-ADGM-ALL/final.jsonl,,,,
77032a5135185e5a,"If a Petroleum Reporting Entity is disclosing material Contingent Resources estimates for the first time, what must it say about the types of permits or licences it holds, and what other required explanations must it include about the data, the basis for the discovery, and how the estimates were made?","If a Petroleum Reporting Entity discloses material estimates of Contingent Resources that it has not previously disclosed, it must include the types of permits or licences it holds that relate to the estimates and are relevant to the disclosed Contingent Resources estimates [#SRC:a9ffc27d-5147-4066-826f-22c25cd1e704] [#TGT:cd78e857-9a44-49d6-932d-db3b31f20dec]. It must also explain the new data and information and explain how that new data and information affected the estimates (including Contingent Resources), and it must describe any changes or additions to information it previously disclosed that relates to Contingent Resources [#SRC:a9ffc27d-5147-4066-826f-22c25cd1e704]. Alongside those points, it must provide the basis for confirming a significant quantity of potentially moveable Petroleum and for determining that a discovery has been made, and it must describe the method used to estimate the Contingent Resources, the key contingencies that led to the Contingent Resources classification, and any further appraisal drilling and evaluation work that will be undertaken to assess commercial recovery and progress the project [#TGT:cd78e857-9a44-49d6-932d-db3b31f20dec]. If the estimates depend on technology under development or involve Unconventional Petroleum Resources, the disclosure must also include the additional specified explanations and details for those situations [#TGT:cd78e857-9a44-49d6-932d-db3b31f20dec].","A Petroleum Reporting Entity making a disclosure under Rule 12.6.1 must ensure the disclosure contains:
(1)	the types of permits or licences held by the Petroleum Reporting Entity relating to the estimates;
(2)	an explanation of the new data and information;
(3)	an explanation of how the new data and information has affected the estimates of Prospective Resources, Contingent Resources or Petroleum Resources; and
(4)	any changes or additions to the information previously disclosed relating to:
(a)	Prospective Resources under Rules 12.8.1(1) to 12.8.1(4);
(b)	Contingent Resources under Rules 12.10.1(1) to 12.10.1(5); and
(c)	Petroleum Reserves under Rules 12.12.1(1) to 12.12.1(7).","A Petroleum Reporting Entity disclosing estimates of Contingent Resources that are material, and that have not previously been disclosed by the Petroleum Reporting Entity, must ensure the disclosure contains:
(1)	the types of permits or licences held by the Petroleum Reporting Entity relevant to the disclosed estimates of Contingent Resources;
(2)	the basis for, confirming the existence of a significant quantity of potentially moveable Petroleum, and the determination of a discovery;
(3)	a description of:
(a)	the method of estimation;
(b)	the key contingencies that resulted in the estimates being classified as Contingent Resources;
(c)	any further appraisal drilling and evaluation work to be undertaken to assess the potential for commercial recovery, and to progress the relevant project;
(4)	if the disclosed estimates of Contingent Resources are contingent on technology under development, to ensure that Unrecoverable quantities are not classified as part of the Contingent Resources, an explanation of whether the technology has:
(a)	been demonstrated to be commercially viable in analogous reservoirs;
(b)	been demonstrated to be commercially viable in other reservoirs that are not analogous, and that a pilot project, which is planned and budgeted, will be necessary to demonstrate commerciality for this reservoir; or
(c)	not been demonstrated to be commercially viable, but is currently under active development, and there is sufficient evidence to indicate that the technology may reasonably be expected to be available for commercial application within five years; and
(5)	if the disclosed estimates of Contingent Resources relate to Unconventional Petroleum Resources, the:
(a)	type(s) of Unconventional Contingent Resource;
(b)	land area;
(c)	number of wells; and
(d)	specialised extraction technology proposed to be utilised.",SCHEMA,,basic,ADGM,mixed_difficulty,a9ffc27d-5147-4066-826f-22c25cd1e704,cd78e857-9a44-49d6-932d-db3b31f20dec,,,12.6.2,12.10.1,,,,,HV0074,77032a5135185e5a,ObliQA-XRef_Out_Datasets/final_large_merged/ObliQA-XRef-ADGM-ALL/final.jsonl,,,,
87231a712205b723,"When a Mining Reporting Entity makes a disclosure that includes forecast financial information derived from a Production Target and also discloses an estimate of Ore Reserves, what specific categories of information must it include about (i) the assumptions used to determine the forecast financial information and (ii) the key factors or assumptions underlying the Ore Reserves estimate?","Where a Mining Reporting Entity discloses forecast financial information derived from a Production Target, it must include comprehensive information about the assumptions used to determine that forecast financial information, including all material economic assumptions employed, any statement and methodological explanation if those material economic assumptions are considered commercially sensitive, and all other material assumptions utilised; it must also identify the Production Target from which the forecast financial information is derived (including the required information associated with that Production Target) [#SRC:2c78a258-d9f2-4150-9d2c-ba681d8f9489]. In addition, when the same Mining Reporting Entity discloses an estimate of Ore Reserves, the disclosure must also include key information relating to the factors or assumptions supporting that Ore Reserves estimate, specifically mining (recovery/dilution) factors or assumptions, metallurgical factors or assumptions, cut-off parameters, study status, and the relative accuracy/confidence of the estimate [#TGT:cb1ec09f-a7d3-4c38-ba2e-4e72ed8c3129]. Taken together, the disclosure package must therefore address both the forecast’s underlying economic and other material assumptions (and the Production Target basis) and the Ore Reserves estimate’s technical and study-related assumptions and confidence indicators, ensuring both elements are covered when they appear in the same disclosure.","A Mining Reporting Entity’s disclosure pursuant to Rule 11.9.1 must include:
(1)	in relation to the assumptions used to determine the forecast financial information:
(a)	all material economic assumptions employed;
(b)	if the Mining Reporting Entity considers the material economic assumptions to be commercially sensitive, a statement to that effect and an explanation of the methodology used to determine the material economic assumptions; and
Guidance
A Mining Reporting Entity that considers certain information relating to the material economic assumptions to be commercially sensitive should refer to paragraphs 47-54 of the Guidance on Mining and paragraphs 127 and 128 of the Guidance on Continuous Disclosure.
(c)	all other material assumptions utilised.
(2)	the Production Target from which the forecast financial information is derived (including all the information contained in Rule 11.8.3).","ORE RESERVES . Rule 11.6 also requires that when a Mining Reporting Entity discloses an estimate of Ore Reserves, the disclosure is also to include key information relating to mining (recovery/dilution) factors or assumptions, metallurgical factors or assumptions, cut-off parameters, study status and the relative accuracy/confidence.",SCHEMA,,professional,ADGM,mixed_difficulty,2c78a258-d9f2-4150-9d2c-ba681d8f9489,cb1ec09f-a7d3-4c38-ba2e-4e72ed8c3129,,,11.9.2,53),,,,,HV0075,87231a712205b723,ObliQA-XRef_Out_Datasets/final_large_merged/ObliQA-XRef-ADGM-ALL/final.jsonl,,,,
27b02d45aee84f3f,"If an Authorised Person is in Category 1, 2 or 5 and also manages a PSIA that is an Unrestricted PSIA, what must it not do regarding (1) Financial Group Large Exposures (including the Financial Group’s PSIAus) compared to the Group’s Tier 1 and (2) exposures to a Counterparty or related counterparty groups compared to its Capital Resources, depending on how the exposure is financed?","If the Authorised Person falls within Category 1, 2 or 5 and also is an Authorised Person Managing a PSIA that is an Unrestricted PSIA, it is prohibited from exceeding specific exposure limits under both sets of requirements. Under the Financial Group Large Exposure restriction, it must not incur any Financial Group Large Exposure, including the Financial Group’s PSIAus, that is more than 25% of its Group’s Tier 1; any exposure above that level is not permitted. [#SRC:daaa6de1-3ef9-4148-ae13-789a1bb8a600] Separately, when managing the Unrestricted PSIA, it must not have an Exposure to a Counterparty, Connected Counterparty, a group of Closely Related Counterparties, or a group of Connected Counterparties that exceeds the relevant percentage of its Capital Resources. The limit is 25% if the exposure is financed by its Capital Resources or Unrestricted PSIAs, and 40% if financed by an aggregate of its own Capital Resources and Unrestricted PSIAs. [#TGT:7521ffc6-250a-43ac-b7fd-68049d51519f] These prohibitions apply based on the stated counterparty groupings and financing basis.","Subject to IFR Rule 5.4.15, an Authorised Person in Category 1, 2 or 5 must not incur any Financial Group Large Exposure, including the Financial Group's PSIAus, that exceeds 25% of its Group's Tier 1.","Exposure limits. An Authorised Person Managing a PSIA, which is an Unrestricted PSIA, must not have an Exposure to a Counterparty, Connected Counterparty, group of Closely Related Counterparties or to a group of Connected Counterparties that exceeds any one of the following percentages of its Capital Resources:
(a)	25% if financed by its Capital Resources or Unrestricted PSIAs; or
(b)	40% if financed by an aggregate of its own Capital Resources and Unrestricted PSIAs.",SCHEMA,,basic,ADGM,hard_enriched,daaa6de1-3ef9-4148-ae13-789a1bb8a600,7521ffc6-250a-43ac-b7fd-68049d51519f,,,8.4.1,5.4.15,,,,,HV0076,27b02d45aee84f3f,ObliQA-XRef_Out_Datasets/final_large_merged/ObliQA-XRef-ADGM-ALL/final.jsonl,,,,
610fd687cbc00576,"If an Authorised Person is an MTF or OTF for spot commodity activities, how much regulatory capital must it hold compared with what a Recognised Investment Exchange must hold, including any extra buffer the Regulator can change?","In the spot commodity activities context described, when the FSRA applies the regulatory capital requirements to an Authorised Person that is an MTF or OTF, the amount of regulatory capital to be held is measured against operational expenses and is equivalent to six months of those expenses [#SRC:59dfe046-0591-4dc2-a1d3-f4b1d56e6ee8]. A Recognised Investment Exchange must also hold capital based on operational expenses, starting with an amount equal to six months’ operational expenses [#TGT:1f2f00c6-1680-4516-adc8-b360f33ebe96]. In addition, the Recognised Investment Exchange must hold a further buffer amount that can be up to another six months’ operational expenses, unless the Regulator directs otherwise [#TGT:1f2f00c6-1680-4516-adc8-b360f33ebe96]. So, both obligations use six months of operational expenses as the baseline measure, but only the Recognised Investment Exchange requirement explicitly includes a possible extra buffer layer that may be adjusted by the Regulator. The practical effect is that the Recognised Investment Exchange capital requirement can extend beyond the six-month baseline depending on regulatory direction.","REGULATORY REQUIREMENTS - SPOT COMMODITY ACTIVITIES
Capital Requirements
The FSRA applies the regulatory capital requirements in COBS Rule 22.10 in two different scenarios, such that:

a)	where the Authorised Person is an MTF or OTF, the regulatory capital to be held (under COBS Rule 22.10.1(a) and MIR Rule 3.2.1) is equivalent to 6 months’ operational expenses ; and

b)	in relation to all other Authorised Persons, the ‘conventional’ regulatory capital requirements applicable to the Regulated Activities undertaken apply.","A Recognised Investment Exchange shall hold the following capital:
(a)	an amount equal to 6 months' operational expenses; plus
(b)	unless the Regulator directs otherwise, an additional buffer amount of up to a further 6 months' operational expenses.",SCHEMA,,basic,ADGM,hard_enriched,59dfe046-0591-4dc2-a1d3-f4b1d56e6ee8,1f2f00c6-1680-4516-adc8-b360f33ebe96,,,54),3.2.1,,,,,HV0077,610fd687cbc00576,ObliQA-XRef_Out_Datasets/final_large_merged/ObliQA-XRef-ADGM-ALL/final.jsonl,,,,
048e236039d09c7e,"If the Regulator tells a Reporting Entity that a reporting requirement applies and how long it must follow it, when does the Reporting Entity have to fill out MKT Form 10-1 every quarter, and what else might the Regulator include in that notice?","The Reporting Entity has to complete MKT Form 10-1 on a quarterly basis when the Regulator makes the obligation apply through one of the listed triggers: the Regulator requires the form as a condition of admission to the Official List, the Regulator classifies the Reporting Entity as a Mining Exploration Reporting Entity or a Petroleum Exploration Reporting Entity, or the Regulator otherwise requires the form under the statutory basis referenced in the obligation. [#TGT:67e6fb61-6313-4d10-b3bb-b9b99d81cb75] Separately, when the Regulator applies the relevant reporting framework to the Reporting Entity, the Regulator will inform the Reporting Entity that it applies and will state the length of time the Reporting Entity is required to comply. [#SRC:6ad7b78f-3be1-497f-944b-9d2ddcef1e86] If it is relevant, the Regulator’s notice may also include any other requirement imposed on the Reporting Entity in relation to its obligations under that framework. Taken together, the quarterly form-filing duty depends on the Regulator’s action, and the notice clarifies both that the duty applies and the period and any additional requirements tied to it.","The Regulator, when applying Rule 10.1.3B(1), will inform the Reporting Entity that the Rule applies, the length of time the Reporting Entity is required to comply with the Rule and, if applicable, any other requirement imposed on the Reporting Entity in relation to its obligations under the Rule.","A Reporting Entity must complete MKT Form 10-1 on a quarterly basis if the Regulator:
(a)	requires it as a condition of admission to the Official List pursuant to section 52(1)(b) of the FSMR;
(b)	classifies the Reporting Entity as a Mining Exploration Reporting Entity or a Petroleum Exploration Reporting Entity; or
(c)	requires it pursuant to section 84 of the FSMR.",SCHEMA,,basic,ADGM,hard_enriched,6ad7b78f-3be1-497f-944b-9d2ddcef1e86,67e6fb61-6313-4d10-b3bb-b9b99d81cb75,,,10.1.3B.(1).Guidance.3.,10.1.3B.(1),,,,,HV0078,048e236039d09c7e,ObliQA-XRef_Out_Datasets/final_large_merged/ObliQA-XRef-ADGM-ALL/final.jsonl,,,,
713051124c871887,"If a Recognised Clearing House cannot get one specific transaction settled, can it still be treated as meeting the Recognition Requirement, and what must its required satisfactory arrangements include by way of referencing other requirements?","Yes. A Recognised Clearing House is permitted to rely on the position that it will not be regarded as failing to comply with the Recognition Requirement just because it is unable to arrange for a specific transaction to be settled [#TGT:a15123d3-b822-401d-9551-e8759dd9e84e]. However, that does not remove the need for it to have the required satisfactory arrangements in place. Those satisfactory arrangements should include a reference to the requirements that are identified as the relevant set to be pointed to, so that the arrangements are tied back to those requirements rather than standing alone [#SRC:549c69d5-2c89-4747-8878-9ae4ce57346e]. Put simply, the “not treated as failing” point is a narrow protection for a single settlement problem, while the arrangements obligation is about having an overall framework that is documented and that directs the reader to the referenced requirements. The Recognised Clearing House should therefore keep its arrangements current and ensure they contain the required reference, even when it needs to rely on the protection for an individual transaction that cannot be settled.",The satisfactory arrangements required by Rule 3.8.1 should reference the requirements set out in Rule 4.3.3.,A Recognised Clearing House will not be regarded as failing to comply with the Recognition Requirement merely because it is unable to arrange for a specific transaction to be settled.,SCHEMA,,basic,ADGM,hard_enriched,549c69d5-2c89-4747-8878-9ae4ce57346e,a15123d3-b822-401d-9551-e8759dd9e84e,,,3.8.3.Guidance.1.,4.3.3,,,,,HV0079,713051124c871887,ObliQA-XRef_Out_Datasets/final_large_merged/ObliQA-XRef-ADGM-ALL/final.jsonl,,,,
57e9094f0c23a7a5,"When an Authorised Person determines its Credit RWA as a sum of RWAs across exposure categories, what must it include and exclude when calculating the RWA component for its Credit Risk Exposures, so that this CR Exposures component is correctly separated from securitisation Exposures and other non-credit-risk items?","An Authorised Person’s Credit RWA is determined by summing distinct RWA components, including the RWA for all its Credit Risk Exposures (CR Exposures), the RWA for all its securitisation Exposures (SE Exposures), and the RWA for its Counterparty Risk Exposures [#SRC:5e5b0814-b3c0-441d-b92e-c7fe290a8020]. To ensure the CR Exposures component is calculated on the correct scope before it is added into that overall sum, the Authorised Person must include, within its calculation of RWA for CR Exposures, any on balance sheet asset and any off balance sheet item [#TGT:cb5e6ab2-3cae-450b-87c6-acb11128d3f0]. At the same time, it must exclude from the CR Exposures calculation any SE Exposure, any securitised Exposure that meets the requirements for recognition of risk transference in a Traditional Securitisation, and any Exposure classified as a position or instrument in the Trading Book [#TGT:cb5e6ab2-3cae-450b-87c6-acb11128d3f0]. This separation ensures securitisation-related exposures are not double-counted within the CR Exposures component when computing total Credit RWA [#SRC:5e5b0814-b3c0-441d-b92e-c7fe290a8020].","The Credit RWA of an Authorised Person is the sum of:
(a)	its risk weighted assets (RWA) for all its Credit Risk Exposures (referred to in these Rules as ""CR Exposures"") calculated in accordance with Rules 4.8.2 and 4.8.3;
(b)	its RWA for all its securitisation Exposures (referred to in these Rules as ""SE Exposures"") calculated in accordance with Rule 4.8.4 and Section 4.14; and
(c)	its RWA for its Counterparty Risk Exposures as calculated in accordance with Sections A4.6 to A4.8.","Calculation of RWA for Credit Risk Exposures (CR Exposures). An Authorised Person must include in its calculation of RWA for CR Exposures:
(a)	any on balance sheet asset; and
(b)	any off balance sheet item; but excluding:
(c)	any SE Exposure;
(d)	any securitised Exposure that meets the requirements for the recognition of risk transference in a Traditional Securitisation set out in Section 4.14; and
(e)	any Exposure classified as a position or instrument in the Trading Book in accordance with Section A2.1.",SCHEMA,,professional,ADGM,hard_enriched,5e5b0814-b3c0-441d-b92e-c7fe290a8020,cb5e6ab2-3cae-450b-87c6-acb11128d3f0,,,4.8.1.(2),4.8.2,,,,,HV0080,57e9094f0c23a7a5,ObliQA-XRef_Out_Datasets/final_large_merged/ObliQA-XRef-ADGM-ALL/final.jsonl,,,,
229b60d52a727226,"When an Authorised Person engaged in regulated activities in relation to Virtual Assets is required to hold regulatory capital in a manner consistent with the requirements applicable to a Recognised Investment Exchange, what form must that regulatory capital take, and what minimum capital amounts must a Recognised Investment Exchange hold (including any buffer that may be varied by the Regulator)?","An Authorised Person engaged in regulated activities in relation to Virtual Assets is required to hold regulatory capital in a way that aligns with the requirements applicable to a Recognised Investment Exchange, and—under those aligned requirements—the Authorised Person’s regulatory capital must be held in fiat form [#SRC:9795daec-7cae-4276-a676-296830fc723d]. In parallel, the Recognised Investment Exchange itself has a specific capital holding obligation: it shall hold capital equal to 6 months’ operational expenses, and, unless the Regulator directs otherwise, it must also hold an additional buffer amount of up to a further 6 months’ operational expenses [#TGT:1f2f00c6-1680-4516-adc8-b360f33ebe96]. Read together, the cross-referenced framework means the Authorised Person’s capital must satisfy the fiat-form constraint while being calibrated by reference to the Recognised Investment Exchange-style expense-based capital baseline and the potential additional buffer, with the buffer’s application and extent subject to direction by the Regulator [#SRC:9795daec-7cae-4276-a676-296830fc723d] [#TGT:1f2f00c6-1680-4516-adc8-b360f33ebe96].","REGULATORY REQUIREMENTS FOR AUTHORISED PERSONS ENGAGED IN REGULATED ACTIVITIES IN RELATION TO VIRTUAL ASSETS
Capital Requirements
Given the nature of, and the risks associated with Virtual Assets, COBS Rule 17.3 requires an Authorised Person to hold regulatory capital in a manner consistent with MIR Rule 3.2.1 (being the requirements that a Recognised Investment Exchange must meet). Pursuant to these Rules, regulatory capital held by an Authorised Person must be in fiat form.","A Recognised Investment Exchange shall hold the following capital:
(a)	an amount equal to 6 months' operational expenses; plus
(b)	unless the Regulator directs otherwise, an additional buffer amount of up to a further 6 months' operational expenses.",SCHEMA,,professional,ADGM,hard_enriched,9795daec-7cae-4276-a676-296830fc723d,1f2f00c6-1680-4516-adc8-b360f33ebe96,,,31),3.2.1,,,,,HV0081,229b60d52a727226,ObliQA-XRef_Out_Datasets/final_large_merged/ObliQA-XRef-ADGM-ALL/final.jsonl,,,,
80d6c95ebae92dd0,"When an Authorised Person is required to retain records of voice or electronic communications for at least two years, how should it determine whether particular communications fall outside the scope because they are general market-condition discussions not intended to lead to a specific Transaction, or because they occur between Fund Managers (or between Fund Managers and Eligible Custodians) of the same Fund acting in that capacity?","An Authorised Person must retain all records of voice or electronic communication for a minimum of two years, and this sits alongside related recordkeeping expectations such as being able to demonstrate prompt accessibility, keeping records in a comprehensible form (or being able to reproduce them promptly), and implementing procedures to prevent unauthorised alteration [#SRC:1dc324af-ed0d-41c9-9593-a65d39f6eb80]. In applying that retention requirement, the Authorised Person should also assess whether the communications in question fall within categories described as outside the scope of a related obligation, including (a) communications between Fund Managers, or between Fund Managers and Eligible Custodians of the same Fund when acting in that capacity, and (b) voice and electronic communications that are not intended to lead to the conclusion of a specific Transaction and instead are general conversations about market conditions [#TGT:7b6f7ff4-f87f-4553-8897-071620379a1f]. Practically, this means the Authorised Person should classify communications by purpose and participants (e.g., transaction-intent versus general market discussion; intra-fund operational communications versus other interactions) and ensure its procedures and record formats support prompt retrieval and integrity for the communications it must retain.","To comply with Rule 6.8.1‎(b), an Authorised Person must:
(i)	be able to demonstrate prompt accessibility of all records;
(ii)	maintain records in comprehensible form or must be capable of being promptly so reproduced;
(iii)	make and implement appropriate procedures to prevent unauthorised alteration of its records; and
(iv)	retain all records of voice or electronic communication for a minimum of two years.","The obligation in Rule ‎6.8.1(a) does not apply to the following:
(i)	Corporate Finance Business;
(ii)	corporate treasury functions;
(iii)	communications between Fund Managers, or between Fund Managers and Eligible Custodians of the same Fund (when acting in that capacity); and
(iv)	voice and electronic communications which are not intended to lead to the conclusion of a specific Transaction and are general conversations or communications about market conditions.",SCHEMA,,professional,ADGM,hard_enriched,1dc324af-ed0d-41c9-9593-a65d39f6eb80,7b6f7ff4-f87f-4553-8897-071620379a1f,,,6.8.1.(c),6.8.1.(b),,,,,HV0082,80d6c95ebae92dd0,ObliQA-XRef_Out_Datasets/final_large_merged/ObliQA-XRef-ADGM-ALL/final.jsonl,,,,
df992550123bafca,"For a Remote Body’s annual report to the Regulator, what time period should the report cover, and how do you set the start and end dates so the period follows on correctly from the last report (or, if there was no last report, from the Recognition Order), especially if the Remote Body changes its reporting period?","The Remote Body must give the Regulator an annual report, and the period covered by that report should most conveniently be one year [#SRC:1bdaf884-5e47-444f-a4b8-9cedd8d6e757], but it still has to be defined using the required start/end rules and continuity expectations [#TGT:dfcc4e9a-d1ad-454a-9f55-22de40772814]. To set the period, start counting from the day after the period covered by the last report. If there is no earlier report, start after the making of the Recognition Order recognising the Remote Body as such. The period then ends on the date you specify in the report; if you do not specify an end date, it ends on the date of the report itself. If the Remote Body decides to change the reporting period (for example, to align with a different cycle), it should keep the periods continuous by making the first day of the new period the day immediately after the last day of the previous period. Copies of the report should then be sent to the Regulator within two months after the period ends.",The period covered by the report to be submitted under Rule 7.4.1 would most conveniently be one year.,"A Remote Body shall provide the Regulator with an annual report which contains the information set out in Rule ‎7.4.2. In relation to the report:
(a)	the period covered by such a report starts on the day after the period covered by its last report or, if there is no such report, after the making of the Recognition Order recognising the Remote Body as such, and ends on the date specified in the report or, if no date is specified, on the date of the report.
(b)	if a Remote Body changes the period covered by its report, it should ensure that the first day of the period covered by a report is the day immediately following the last day of the period covered by the previous report.
(c)	copies of the report should be sent to the Regulator within two months after the end of the period to which it relates.",SCHEMA,,basic,ADGM,hard_enriched,1bdaf884-5e47-444f-a4b8-9cedd8d6e757,dfcc4e9a-d1ad-454a-9f55-22de40772814,,,7.4.1.Guidance,7.4.1,,,,,HV0083,df992550123bafca,ObliQA-XRef_Out_Datasets/final_large_merged/ObliQA-XRef-ADGM-ALL/final.jsonl,,,,
4fda40b2c8db34fa,"Where the Customer is not a Natural Person and the Customer and the Third Party Provider agree in writing to apply a different notification time period for unauthorised or incorrectly executed Payment Transactions, what must the Customer do to remain entitled to redress for an unauthorised or incorrectly executed Third Party Transaction, and how does that agreed time period interact with the default deadline?","When the Customer is not a Natural Person, the Customer and the Third Party Provider are permitted to agree in writing that a different time period applies for unauthorised or incorrectly executed Payment Transactions for the relevant refund/redress framework [#SRC:10510c2c-99d3-4cba-bac5-61cda5d00d44]. Even where such an agreed time period is in place, the Customer’s entitlement to redress remains conditional on notification to its Third Party Provider without undue delay once the Customer becomes aware of an unauthorised or incorrectly executed Third Party Transaction [#TGT:d299e513-87d9-47de-9c0f-1f15cca91cbb]. Absent an agreed alternative, the default outer limit is that the Customer must notify the Third Party Provider no later than twelve months after the date of execution to be entitled to redress [#TGT:d299e513-87d9-47de-9c0f-1f15cca91cbb]. Accordingly, the compliance approach is: confirm whether the Customer is not a Natural Person; verify there is a written agreement with the Third Party Provider setting a different time period; and ensure the Customer’s notification is made without undue delay and within the applicable time period (the agreed period if validly set, otherwise the twelve-month limit) [#SRC:10510c2c-99d3-4cba-bac5-61cda5d00d44] [#TGT:d299e513-87d9-47de-9c0f-1f15cca91cbb].","Where the Customer is not a Natural Person, the Customer and the Third Party Provider may agree in writing that the following Rules do not apply:
(a)	Rules 20.2.15 and 20.2.16 (charges for information);
(b)	Rule 20.7.3 and 20.7.4 (withdrawal of consent);
(c)	Rule 20.8.2 (revocation of a Payment Order);
(d)	Rules 20.10.1 and 20.10.2 (requests for refund);
(e)	Rule 20.11.1 (evidence on authentication and execution);
(f)	Rule 20.12.5 (liability for charges); and
the parties may agree that a different time period applies concerning unauthorised or incorrectly executed Payment Transactions for the purposes of Rule 20.10.1.","Subject to Rule 20.10.2, a Customer is only entitled to redress if it notifies its Third Party Provider without undue delay, and in any event no later than twelve months after the date of execution, on becoming aware of any unauthorised or incorrectly executed Third Party Transaction.",SCHEMA,,professional,ADGM,hard_enriched,10510c2c-99d3-4cba-bac5-61cda5d00d44,d299e513-87d9-47de-9c0f-1f15cca91cbb,,,20.4.1,20.10.1,,,,,HV0084,4fda40b2c8db34fa,ObliQA-XRef_Out_Datasets/final_large_merged/ObliQA-XRef-ADGM-ALL/final.jsonl,,,,
ba828e11e8e65613,"If a Recognised Investment Exchange admits to trading a Financial Instrument that uses a benchmark or index from a Price Reporting Agency, what checks must the exchange do to make sure the agency meets the required standards for how it sets prices and handles transparency, governance, conflicts, and complaints?","If a Recognised Investment Exchange admits to trading a Financial Instrument that references an underlying benchmark or index provided by a Price Reporting Agency, the exchange must carry out appropriate due diligence to ensure the Price Reporting Agency meets the applicable requirements [#SRC:69082061-a103-4087-acae-fa41e87fd0da]. Those checks should be designed to confirm, at a minimum, that the Price Reporting Agency has fair and non-discriminatory procedures for establishing prices and that those procedures are made public; and that it can demonstrate adequate and appropriate transparency over its methodology, calculation and inputs so users can understand how the benchmark or index is derived and what its potential limitations are [#TGT:8a81e6cb-f1f1-4988-af97-f966f288017a]. Where appropriate, the exchange should also verify that the agency gives priority to concluded transactions and has measures to minimise selective reporting. In addition, due diligence should cover whether the agency is of good standing and repute as an independent and objective provider, has a sound corporate governance framework, has adequate arrangements to avoid staff conflicts of interest that could materially and adversely affect the price establishment process, and has adequate mechanisms to resolve complaints about its assessment process and methodology [#TGT:8a81e6cb-f1f1-4988-af97-f966f288017a].","When admitting to trading a Financial Instrument that references an underlying benchmark or index provided by a Price Reporting Agency, a Recognised Investment Exchange must undertake appropriate due diligence to ensure that the Price Reporting Agency meets the requirements in Rule 3.11.2.","For the purposes of Rules 3.11.1 and 3.11.3, a Price Reporting Agency must:
(a)	have fair and non-discriminatory procedures for establishing prices of a Financial Instrument, which are made public;
(b)	demonstrate adequate and appropriate transparency over the methodology, calculation and inputs to allow users to understand how the benchmark or index is derived and its potential limitations;
(c)	where appropriate, give priority to concluded transactions in making assessments and adopt measures to minimise selective reporting;
(d)	be of good standing and repute as an independent and objective price reporting agency or index provider;
(e)	have a sound corporate governance framework;
(f)	have adequate arrangements to avoid its staff having any conflicts of interest where such conflicts are, or are likely to have, a material adverse impact on a price establishment process; and
(g)	adequate complaint resolution mechanisms to resolve any complaints about its assessment process and methodology.",SCHEMA,,basic,ADGM,hard_enriched,69082061-a103-4087-acae-fa41e87fd0da,8a81e6cb-f1f1-4988-af97-f966f288017a,,,3.11.1,3.11.2,,,,,HV0085,ba828e11e8e65613,ObliQA-XRef_Out_Datasets/final_large_merged/ObliQA-XRef-ADGM-ALL/final.jsonl,,,,
5240ab88a5aa38dc,"When an initial annual fee becomes due partway through a calendar year and must be paid to the Regulator within the required timeframe, how must the prorated portion for the remainder of that calendar year be calculated based on the number of months remaining, and what payment timing applies?","Where an annual fee first becomes due during a calendar year, the initial annual fee must be paid in full to the Regulator within twenty days from the date it becomes due, but only after applying a proration for the remainder of that calendar year. The proration is not discretionary: the portion due of the annual designation fee must be determined by reference to the number of months remaining until the end of the calendar year, so the amount payable reflects the remaining months rather than a full-year charge. Accordingly, the compliance steps are (i) identify the date the fee becomes due, (ii) calculate the portion due by counting the months remaining to the end of the calendar year and basing the annual designation fee portion on that remaining-months figure, and then (iii) ensure the resulting prorated initial annual fee is paid in full to the Regulator within the twenty-day deadline. This approach applies to the initial annual fee proration for the remainder of the calendar year [#TGT:b8f50488-8fd2-4f32-a6c6-d841b3c60c37] and specifies the method for determining the portion due based on months remaining [#SRC:94b3f85d-c033-41a3-a884-c873899c049f].","In accordance with Rule 1.2.2, for Rule 10.2.1(a) the portion due of the annual designation fee is to be based on the number of months remaining until the end of the calendar year.","In regard to fees payable on an annual basis pursuant to these Rules:
(a)	the initial annual fee must be paid in full to the Regulator within twenty days of the date on which the fee becomes due, prorated for the remainder of the calendar year; and
(b)	subsequent annual fees for the period commencing 1 January are payable in advance and must be paid in full to the Regulator on or before 31 January of the calendar year to which the fee relates.",SCHEMA,,professional,ADGM,hard_enriched,94b3f85d-c033-41a3-a884-c873899c049f,b8f50488-8fd2-4f32-a6c6-d841b3c60c37,,,10.2.1.Guidance,1.2.2,,,,,HV0086,5240ab88a5aa38dc,ObliQA-XRef_Out_Datasets/final_large_merged/ObliQA-XRef-ADGM-ALL/final.jsonl,,,,
4b1efc25dc9528d2,"If a Mining Reporting Entity publishes a disclosure that includes Exploration Targets, Exploration Results, or estimates of Mineral Resources or Ore Reserves, what details must it say about the Competent Person(s), and what written approval must it get from the Competent Person(s) before publishing?","If a Mining Reporting Entity makes a disclosure that contains Exploration Targets, Exploration Results, or estimates of Mineral Resources or Ore Reserves, it must include specific information about the Competent Person(s) behind the disclosure. The disclosure must say that it is based on, and fairly represents, information and supporting documentation prepared by a named Competent Person(s). It must also explain, for each Competent Person, whether they are an employee of the Mining Reporting Entity or a Related Party; if they are not, the disclosure must name the Competent Person’s employer. In addition, the disclosure must identify the professional organisation of which each Competent Person is a member [#SRC:1133d38f-067b-4a0a-b325-b5c7b2512203]. Separately, before the disclosure is made, the Mining Reporting Entity must obtain the prior written consent of the Competent Person(s) covering the form and context in which the Exploration Results or the estimates (as relevant) and the supporting information are presented in the disclosure [#TGT:c30b96f6-edff-4774-b206-68a20fe00ba8].","Competent Persons . Subject to Rule 11.12.2, a disclosure by a Mining Reporting Entity containing Exploration Targets, Exploration Results, or estimates of Mineral Resources or Ore Reserves must state:
(1)	that it is based on, and fairly represents, information and supporting documentation prepared by a named Competent Person(s);
(2)	in each case, whether the Competent Person is an employee of the Mining Reporting Entity or a Related Party and, if not, the name of the Competent Person’s employer; and
(3)	in each case, the name of the professional organisation of which each Competent Person is a member.","Competent Persons . The disclosure made in Rule 11.12.1 must only be made with the prior written consent of the Competent Person(s) as to the form and context in which the Exploration Results or estimates of Mineral Resources or Ore Reserves, as the case may be, and the supporting information is presented in the disclosure.",SCHEMA,,basic,ADGM,hard_enriched,1133d38f-067b-4a0a-b325-b5c7b2512203,c30b96f6-edff-4774-b206-68a20fe00ba8,,,11.12.1,11.12.2,,,,,HV0087,4b1efc25dc9528d2,ObliQA-XRef_Out_Datasets/final_large_merged/ObliQA-XRef-ADGM-ALL/final.jsonl,,,,
eebe235602d9d4f8,"What arrangements must a Recognised Investment Exchange maintain to regularly reassess whether a Price Reporting Agency continues to satisfy the required standards for price establishment, transparency, governance, conflicts management, and complaint handling?","A Recognised Investment Exchange must maintain arrangements that ensure it regularly reviews, on an ongoing basis, whether a Price Reporting Agency continues to meet the applicable requirements, rather than relying on a one-time assessment at onboarding [#SRC:7728ff1d-b279-4806-b3fd-13f3e8a34e79]. In conducting that regular review, the Recognised Investment Exchange should assess whether the Price Reporting Agency continues to: operate fair and non-discriminatory, publicly available procedures for establishing prices of a Financial Instrument; provide adequate transparency over its methodology, calculations, and inputs so users can understand how any benchmark or index is derived and its limitations; and, where appropriate, prioritise concluded transactions and minimise selective reporting [#TGT:8a81e6cb-f1f1-4988-af97-f966f288017a]. The review should also cover whether the Price Reporting Agency remains of good standing and repute as an independent and objective provider, maintains a sound corporate governance framework, has adequate arrangements to avoid staff conflicts of interest that could materially adversely affect the price establishment process, and maintains adequate complaint resolution mechanisms for complaints about its assessment process and methodology [#TGT:8a81e6cb-f1f1-4988-af97-f966f288017a].",A Recognised Investment Exchange must have arrangements in place to regularly review whether a Price Reporting Agency continues to meet the requirements of Rule 3.11.2.,"For the purposes of Rules 3.11.1 and 3.11.3, a Price Reporting Agency must:
(a)	have fair and non-discriminatory procedures for establishing prices of a Financial Instrument, which are made public;
(b)	demonstrate adequate and appropriate transparency over the methodology, calculation and inputs to allow users to understand how the benchmark or index is derived and its potential limitations;
(c)	where appropriate, give priority to concluded transactions in making assessments and adopt measures to minimise selective reporting;
(d)	be of good standing and repute as an independent and objective price reporting agency or index provider;
(e)	have a sound corporate governance framework;
(f)	have adequate arrangements to avoid its staff having any conflicts of interest where such conflicts are, or are likely to have, a material adverse impact on a price establishment process; and
(g)	adequate complaint resolution mechanisms to resolve any complaints about its assessment process and methodology.",SCHEMA,,professional,ADGM,hard_enriched,7728ff1d-b279-4806-b3fd-13f3e8a34e79,8a81e6cb-f1f1-4988-af97-f966f288017a,,,3.11.3,3.11.2,,,,,HV0088,eebe235602d9d4f8,ObliQA-XRef_Out_Datasets/final_large_merged/ObliQA-XRef-ADGM-ALL/final.jsonl,,,,
f8720b938d34456e,"When an Authorised Person is considering whether it may recognise the effects of CRM from a Credit Derivative because the protection provider is an MDB, what must it do for any CR Exposure to those qualifying MDBs in terms of risk weighting, and which MDBs qualify for that treatment?","An Authorised Person may recognise the effects of CRM of a Credit Derivative only where the credit protection is provided by an eligible entity, including an MDB that falls within the relevant MDB category [#SRC:089417ca-c77d-4879-bc10-8d8138b1853b]. Where the counterparty/exposure is to a qualifying MDB within the Multilateral development bank (MDB) asset class, the Authorised Person must apply a 0% risk weight to any CR Exposure to those qualifying MDBs [#TGT:aed2a764-3ad1-4646-bf24-f6416556ffb4]. The qualifying MDBs for this 0% risk weight treatment are: the World Bank Group (International Bank for Reconstruction and Development (IBRD), Multilateral Investment Guarantee Agency (MIGA), and International Finance Corporation (IFC)); the Asian Development Bank (ADB); the African Development Bank (AfDB); the European Bank for Reconstruction and Development (EBRD); the Inter American Development Bank (IADB); the European Investment Bank (EIB); the European Investment Fund (EIF); the Nordic Investment Bank (NIB); the Caribbean Development Bank (CDB); the Islamic Development Bank (IDB); and the Council of Europe Development Bank (CEDB) [#TGT:aed2a764-3ad1-4646-bf24-f6416556ffb4].","An Authorised Person may recognise the effects of CRM of a Credit Derivative only if it is provided by any of the following entities:
(a)	central government or central bank;
(b)	MDB referred to in Rules 4.12.7 to 4.12.9;
(c)	International Organisations referred to in Rule 4.12.9;
(d)	PSE;
(e)	banks and Securities firms which qualify for inclusion in bank asset class; or
(f)	any other entity that has an external credit assessment from a recognised credit rating agency that maps to a Credit Quality Grade 3 or better.","Multilateral development bank (MDB) asset class. An Authorised Person must apply a 0% risk weight to any CR Exposure to the qualifying MDBs set out below:
(a)	The World Bank Group comprised of the International Bank for Reconstruction and Development (IBRD), the Multilateral Investment Guarantee Agency (MIGA), and the International Finance Corporation (IFC);
(b)	The Asian Development Bank (ADB);
(c)	The African Development Bank (AfDB);
(d)	The European Bank for Reconstruction and Development (EBRD);
(e)	The Inter American Development Bank (IADB);
(f)	The European Investment Bank (EIB);
(g)	The European Investment Fund (EIF);
(h)	The Nordic Investment Bank (NIB);
(i)	The Caribbean Development Bank (CDB);
(j)	The Islamic Development Bank (IDB); and
(k)	The Council of Europe Development Bank (CEDB).",SCHEMA,,professional,ADGM,hard_enriched,089417ca-c77d-4879-bc10-8d8138b1853b,aed2a764-3ad1-4646-bf24-f6416556ffb4,,,4.13.11.(1),4.12.8,,,,,HV0089,f8720b938d34456e,ObliQA-XRef_Out_Datasets/final_large_merged/ObliQA-XRef-ADGM-ALL/final.jsonl,,,,
1b895eb922148ad3,"If an Authorised Person says its dealing is limited to acting only as Matched Principal, what category treatment applies to that limited dealing, and what does it have to do in practice to qualify as dealing in investments as a Matched Principal?","If an Authorised Person’s dealing activities are limited to acting only as Matched Principal, those dealing activities are treated as falling within the scope of the category identified for firms whose dealing is limited in that way [#SRC:e705fde9-d397-4a9f-b5a0-471529529c66]. To qualify, the Authorised Person must meet the definition of dealing in investments as a Matched Principal: it must enter into transactions as a principal only to fulfil its Clients’ orders, and it may hold positions for its own account only when it fails to match Clients’ orders [#TGT:36237c4c-0aef-4cdf-879a-4f72f0c1facc]. It also must keep the total market value of those positions at no more than 15% of the Firm’s Tier 1 Capital Resources, and ensure the positions are incidental and held only for the time reasonably required to carry out that type of transaction [#TGT:36237c4c-0aef-4cdf-879a-4f72f0c1facc]. Meeting these conditions supports the conclusion that the firm is acting only as Matched Principal for the purpose of applying the category scope described for such limited dealing [#SRC:e705fde9-d397-4a9f-b5a0-471529529c66].","Category 1
An Authorised Person is in Category 1 if:
(a)		(a)	its Financial Services Permission authorises it to carry on one or more of the Regulated Activities of Accepting Deposits or Managing a Profit Sharing Investment Account which is a PSIAu; and
(b)		(b)	it does not meet the criteria of Category 5.
Guidance
A Category 1 Authorised Person may be authorised to conduct other Regulated Activities, but it is the authorisation for Accepting Deposits or Managing a Profit Sharing Investment Account which is a PSIAu that is determinative of its belonging to Category 1.
Category 2
Guidance
1.	A Category 2 Authorised Person may be authorised to conduct other Regulated Activities, but it is the authorisation for Dealing in Investments as Principal (not only as a Matched Principal) or Providing Credit, and the absence of authorisation for the activities specified in Rule 1.3.1, that are determinative of its belonging to Category 2.
2.	Where the dealing activities of a firm are limited to acting only as Matched Principal, the activities fall in the scope of Category 3A in accordance with Rule 1.3.3(1). A definition of ""Matched Principal"" is in Rule 1.3.3(2).","For the purposes of these Rules, an Authorised Person Deals in Investments as a ""Matched Principal"" if:
(a)	it enters into transactions as a principal only for the purpose of fulfilling its Clients' orders;
(b)	it holds positions for its own account (""positions"") only as a result of a failure to match Clients' orders;
(c)	the total market value of the positions it holds is no more than 15% of the Firm's Tier 1 Capital Resources; and
(d)	the positions are incidental in nature and are strictly limited to the time reasonably required to carry out a transaction of that nature.",SCHEMA,,basic,ADGM,hard_enriched,e705fde9-d397-4a9f-b5a0-471529529c66,36237c4c-0aef-4cdf-879a-4f72f0c1facc,,,1.3.1,1.3.3.(2),,,,,HV0090,1b895eb922148ad3,ObliQA-XRef_Out_Datasets/final_large_merged/ObliQA-XRef-ADGM-ALL/final.jsonl,,,,
e8d436b85bd1818e,"When a Mining Reporting Entity prepares a disclosure that includes forecast financial information derived from a Production Target and also includes ore reserves information supported by a separate report, what must the Mining Reporting Entity include about the assumptions used to determine the forecast financial information, and how must the ore reserves information in the disclosure be presented relative to the separate report and annexure?","Where a Mining Reporting Entity makes a disclosure that contains forecast financial information derived from a Production Target, it must include detailed information about the assumptions used to determine that forecast financial information: all material economic assumptions employed; if it considers those material economic assumptions commercially sensitive, it must state that and explain the methodology used to determine them; and it must also include all other material assumptions utilised [#SRC:2c78a258-d9f2-4150-9d2c-ba681d8f9489]. In addition, it must include the Production Target from which the forecast financial information is derived, together with the required accompanying information for that Production Target [#SRC:2c78a258-d9f2-4150-9d2c-ba681d8f9489]. For ore reserves information, the information included in the disclosure must be a fair and balanced representation of the information contained in a separate report, and that separate report must be included as an annexure to the disclosure [#TGT:b8cb4fdb-f627-43ae-90bf-801a549f8d63]. In complying, the FSRA does not expect a summary of all information in the separate report; instead, only information material to understanding the estimates of Mineral Resources in the separate report, and not otherwise included in the body of the disclosure, is expected to be included [#TGT:b8cb4fdb-f627-43ae-90bf-801a549f8d63].","A Mining Reporting Entity’s disclosure pursuant to Rule 11.9.1 must include:
(1)	in relation to the assumptions used to determine the forecast financial information:
(a)	all material economic assumptions employed;
(b)	if the Mining Reporting Entity considers the material economic assumptions to be commercially sensitive, a statement to that effect and an explanation of the methodology used to determine the material economic assumptions; and
Guidance
A Mining Reporting Entity that considers certain information relating to the material economic assumptions to be commercially sensitive should refer to paragraphs 47-54 of the Guidance on Mining and paragraphs 127 and 128 of the Guidance on Continuous Disclosure.
(c)	all other material assumptions utilised.
(2)	the Production Target from which the forecast financial information is derived (including all the information contained in Rule 11.8.3).","ORE RESERVES . Pursuant to Rule 11.6.1, the information included in the disclosure must be a fair and balanced representation of the information contained in the separate report prepared in accordance with Rule 11.6.2 (which must be included as an annexure to the disclosure).  In complying with this obligation, the FSRA does not expect a Mining Reporting Entity to prepare a summary of all the information contained in the separate report.  Instead, it is expected that that only information which is material to understanding the estimates of Mineral Resources contained in the separate report, that is not otherwise included in the body of the disclosure, be included.",SCHEMA,,professional,ADGM,hard_enriched,2c78a258-d9f2-4150-9d2c-ba681d8f9489,b8cb4fdb-f627-43ae-90bf-801a549f8d63,,,11.9.2,48),,,,,HV0091,e8d436b85bd1818e,ObliQA-XRef_Out_Datasets/final_large_merged/ObliQA-XRef-ADGM-ALL/final.jsonl,,,,
58ca7134acbd61e8,"For the purposes of an investigation, when is the Investigator permitted to compel attendance at an interview and require answers to questions, and what procedural step must the Investigator take when directing the Person Under Investigation or any other person (whether or not connected to the Person Under Investigation) to attend at a specified time and place?","The Investigator is permitted, for the purposes of an investigation, to require a person (the interviewee) to attend an interview and answer questions [#SRC:a8953086-147f-4fb9-9370-ff7349385aaf]. Where the person being directed is the Person Under Investigation or any other person (whether or not connected to the Person Under Investigation), the Investigator may exercise this power by issuing a written notice that requires the person to attend an interview at a specified time and place and answer questions [#TGT:ba9deea1-694d-4225-bf79-201773a12046]. Read together, this means the interview requirement is tied to the investigative purpose and can be imposed on both the Person Under Investigation and third parties, including those with no connection to the Person Under Investigation, provided the direction is communicated through written notice and specifies the time and place for the interview [#SRC:a8953086-147f-4fb9-9370-ff7349385aaf] [#TGT:ba9deea1-694d-4225-bf79-201773a12046].","Power to require a person to attend an interview . Under section 206(1)(a) of FSMR, the Investigator has the power to require a person (the interviewee) to attend an interview and answer questions for the purposes of an investigation.","The Investigator may, by written notice, require the person who is the Person Under Investigation or any other person (whether or not connected to the Person Under Investigation) to—
(a)	attend an interview at a Specified time and place and answer questions;
(b)	produce at a Specified time and place any Specified Documents or Documents of a Specified description;
(c)	provide such information as the Investigator may require;
(d)	provide such assistance as the Investigator may require; or
(e)	permit the Investigator to enter the business premises of such person during normal business hours for the purpose of inspecting and copying Documents on such premises.",SCHEMA,,professional,ADGM,hard_enriched,a8953086-147f-4fb9-9370-ff7349385aaf,ba9deea1-694d-4225-bf79-201773a12046,,,6.6.1,Part 17.206.(1),,,,,HV0092,58ca7134acbd61e8,ObliQA-XRef_Out_Datasets/final_large_merged/ObliQA-XRef-ADGM-ALL/final.jsonl,,,,
cf8dd636cd9dd2cb,"When an Authorised Person wants to treat the netting of an on balance sheet Exposure against an offsetting on balance sheet item as eligible, what conditions must it satisfy regarding the netting agreement and its legal enforceability and documentation, and what additional prerequisite must be met before it may recognise that netting as eligible?","An Authorised Person may recognise as eligible the netting of an on balance sheet Exposure against an offsetting on balance sheet item only where the related Netting agreement meets the specified condition that governs eligibility [#SRC:6446b9df-ac01-4d04-bb14-029e92f0b3f7]. In addition, for the Authorised Person to recognise an on balance sheet Netting agreement, it must ensure a set of operational and legal conditions are satisfied: the asset and liability must be owing between the Authorised Person and the same Counterparty; netting must be performed consistently with the Authorised Person’s legal rights; a legal right of set off must exist; the agreement must not include a Walkaway Clause; and the netting must be effective and enforceable upon default, bankruptcy, liquidation, or similar circumstances affecting either party. The Authorised Person must also monitor, control, and manage the positions on a net basis and monitor and control roll off Exposure where there is a Maturity Mismatch. Finally, it must hold, for each relevant jurisdiction, a written and reasoned legal opinion from an appropriately qualified external legal adviser, confirming the key legal requirements and kept under review to remain current [#TGT:f3f3a9ac-35d6-4ee0-9390-c8543c3da4cf].",An Authorised Person may recognise as eligible the Netting of an on balance sheet Exposure against an offsetting on balance sheet item if the related Netting agreement meets the condition in Rule 4.13.19.,"On balance sheet Netting. For an Authorised Person to recognise an on balance sheet Netting agreement for the purposes of Rule 4.13.17, all of the following conditions must be satisfied:
(1)	(a)	both the on balance sheet Exposure (asset) and the offsetting on balance sheet item (liability) are owing between the Authorised Person and the same Counterparty;
(b)	the Authorised Person nets the on balance sheet Exposure (asset) and the offsetting on balance sheet item (liability) in a way that is consistent with its legal rights against the Counterparty;
(c)	a legal right of set off exists;
(d)	the agreement between the Authorised Person and the Counterparty does not contain a Walkaway Clause;
(e)	the Netting provided for in the agreement between the Authorised Person and the Counterparty is effective and enforceable in the event of default, bankruptcy, liquidation or other similar circumstances affecting either the Counterparty or the Authorised Person;
(f)	the on balance sheet Exposure (asset) and the offsetting on balance sheet item (liability) are monitored, controlled and managed on a net basis; and
(g)	the potential for roll off Exposure is monitored and controlled where there is a Maturity Mismatch; and
(2)	it has, in respect of each relevant jurisdiction, a written and reasoned legal opinion which:
(a)	has been provided by an external source of legal advice of appropriate professional standing;
(b)	confirms that the requirements of (1)(a) (e) are met for all relevant jurisdictions; and
(c)	is kept under review to ensure that it remains correct and up to date in the event of changes to the relevant laws.",SCHEMA,,professional,ADGM,hard_enriched,6446b9df-ac01-4d04-bb14-029e92f0b3f7,f3f3a9ac-35d6-4ee0-9390-c8543c3da4cf,,,4.13.17.(1),4.13.19,,,,,HV0093,cf8dd636cd9dd2cb,ObliQA-XRef_Out_Datasets/final_large_merged/ObliQA-XRef-ADGM-ALL/final.jsonl,,,,
deea83499d67e2c9,"A Mining Reporting Entity is expected to follow the non-mandatory parts of a Mining Reporting Standard. If its disclosure does not meet one of those non-mandatory requirements, what does it have to say in the disclosure?","The Regulator expects a Mining Reporting Entity to fully comply with all non-mandatory requirements set out in a Mining Reporting Standard, alongside the requirement to fully comply with all binding requirements in that Standard [#SRC:b8235755-7447-4ae5-b3dc-8cb14109c124]. If the Mining Reporting Entity’s disclosure nevertheless does not meet a non-mandatory requirement contained in the relevant Mining Reporting Standard, the entity must address that gap directly in the disclosure. Specifically, it must include a statement that explains (1) how the disclosure differs from the non-mandatory requirement and (2) why it differs, so the departure is clear and justified to the reader [#TGT:211edfe0-af57-41c8-84ca-814e1af3de0f]. In practice, this means the entity should not treat non-mandatory requirements as “ignore if inconvenient”; it should either comply fully with them as expected, or, where it does not, provide a transparent explanation within the disclosure itself describing the nature of the difference and the reasons for taking that approach.","Rule 11.2.1(1) requires a Mining Reporting Entity to fully comply with all binding requirements set out in a Mining Reporting Standard. The Regulator also expects a Mining Reporting Entity to fully comply with all non-mandatory requirements set out in a Mining Reporting Standard, including, for example, Table 1 of the JORC Code or SAMREC Code, or explain its non-compliance in accordance with Rule 11.2.2.","Requirements for all disclosures. Where a disclosure by a Mining Reporting Entity does not meet a non-mandatory requirement contained in a Mining Reporting Standard, the Mining Reporting Entity must provide in its disclosure a statement as to how and why its disclosure differs from the non-mandatory requirement contained in the relevant Mining Reporting Standard.",SCHEMA,,basic,ADGM,hard_enriched,b8235755-7447-4ae5-b3dc-8cb14109c124,211edfe0-af57-41c8-84ca-814e1af3de0f,,,11.2.2.Guidance,11.2.2,,,,,HV0094,deea83499d67e2c9,ObliQA-XRef_Out_Datasets/final_large_merged/ObliQA-XRef-ADGM-ALL/final.jsonl,,,,
c354f4a6a30cbac7,"If an Authorised Person doing Virtual Asset regulated activities must follow the same capital approach as a Recognised Investment Exchange, what form must the Authorised Person’s regulatory capital be in, and how much capital does a Recognised Investment Exchange have to hold (including any extra buffer the Regulator can change)?","For an Authorised Person engaged in regulated activities in relation to Virtual Assets, the regulatory capital requirement is linked to the requirements that a Recognised Investment Exchange must meet, and the regulatory capital held by the Authorised Person must be in fiat form [#SRC:9795daec-7cae-4276-a676-296830fc723d]. Separately, a Recognised Investment Exchange has a clear obligation to hold capital based on its operational expenses: it shall hold an amount equal to 6 months’ operational expenses, and it shall also hold an additional buffer amount of up to a further 6 months’ operational expenses unless the Regulator directs otherwise [#TGT:1f2f00c6-1680-4516-adc8-b360f33ebe96]. Putting these together, the Authorised Person must ensure its regulatory capital is held in the required form (fiat) while aligning its capital approach to the Recognised Investment Exchange standard, and the Recognised Investment Exchange must maintain both the baseline 6-month operational-expense capital and, unless changed by the Regulator, an additional buffer of up to another 6 months’ operational expenses [#SRC:9795daec-7cae-4276-a676-296830fc723d] [#TGT:1f2f00c6-1680-4516-adc8-b360f33ebe96].","REGULATORY REQUIREMENTS FOR AUTHORISED PERSONS ENGAGED IN REGULATED ACTIVITIES IN RELATION TO VIRTUAL ASSETS
Capital Requirements
Given the nature of, and the risks associated with Virtual Assets, COBS Rule 17.3 requires an Authorised Person to hold regulatory capital in a manner consistent with MIR Rule 3.2.1 (being the requirements that a Recognised Investment Exchange must meet). Pursuant to these Rules, regulatory capital held by an Authorised Person must be in fiat form.","A Recognised Investment Exchange shall hold the following capital:
(a)	an amount equal to 6 months' operational expenses; plus
(b)	unless the Regulator directs otherwise, an additional buffer amount of up to a further 6 months' operational expenses.",SCHEMA,,basic,ADGM,hard_enriched,9795daec-7cae-4276-a676-296830fc723d,1f2f00c6-1680-4516-adc8-b360f33ebe96,,,31),3.2.1,,,,,HV0095,c354f4a6a30cbac7,ObliQA-XRef_Out_Datasets/final_large_merged/ObliQA-XRef-ADGM-ALL/final.jsonl,,,,
ab28308168b764d1,"If an RIE or MTF has to put in place arrangements that make sure parties’ rights and liabilities from trades on its platform are settled on time, when does engaging a Recognised Clearing House or a Remote Clearing House count as enough to meet that requirement, and what restriction is stated for Remote Clearing Houses in Digital Securities?","For an RIE or MTF, the core obligation is to have satisfactory arrangements that secure the timely discharge of the rights and liabilities of the parties to transactions taking place on its platform [#SRC:54798d14-a849-4384-81d3-79f14fca8fd4]. The paired definition explains how that obligation can be met in a streamlined way: if the RIE or MTF engages a Recognised Clearing House or a Remote Clearing House, that engagement is treated as sufficient to satisfy the requirement, i.e., it is deemed to meet the arrangements standard for timely discharge [#TGT:9217cc24-dbcc-43e5-8884-f398ee26b820]. At the same time, the source passage adds an important constraint for Digital Securities: it notes the FSRA’s position that it will not permit Remote Clearing Houses for this purpose in the Digital Securities context [#SRC:54798d14-a849-4384-81d3-79f14fca8fd4]. So, although the deemed-sufficient concept includes both types of clearing house in general terms [#TGT:9217cc24-dbcc-43e5-8884-f398ee26b820], an RIE or MTF dealing with Digital Securities should not plan to rely on a Remote Clearing House and should instead look to engagement of a Recognised Clearing House to satisfy the timely-discharge arrangements obligation [#SRC:54798d14-a849-4384-81d3-79f14fca8fd4].","DIGITAL SECURITIES SETTLEMENT
Digital Settlement Facilities (DSFs)
Pursuant to MIR Rule 3.8.1, RIEs or MTFs are required to have satisfactory arrangements for securing the timely discharge of the rights and liabilities of the parties to transactions taking place on its platform.   MIR Rule 3.8.2 normally allows for a RCH or Remote Clearing House (noting the FSRA’s position that it will not permit Remote Clearing Houses for this purpose in the context of Digital Securities) to be deemed as sufficient for the purposes of satisfying MIR Rule 3.8.1.",The engagement of a Recognised Clearing House or Remote Clearing House will be deemed sufficient to satisfy Rule 3.8.1.,SCHEMA,,basic,ADGM,hard_enriched,54798d14-a849-4384-81d3-79f14fca8fd4,9217cc24-dbcc-43e5-8884-f398ee26b820,,,56),3.8.2,,,,,HV0096,ab28308168b764d1,ObliQA-XRef_Out_Datasets/final_large_merged/ObliQA-XRef-ADGM-ALL/final.jsonl,,,,
0bddd684a5a6da69,"When an Authorised Person is determining the credit risk weight to be used for Credit Risk Exposures based on credit assessments, what procedure must it follow to calculate risk-weighted assets for those exposures, and how does that procedure connect the exposure value to the credit risk weight used in the calculation?","Where credit assessments are used for the purpose of determining the credit risk weight for Credit Risk Exposures, the Authorised Person must apply the prescribed risk‑weighted assets calculation process for those Credit Risk Exposures [#SRC:dced9cf2-78fe-480a-9b65-4bff40564d27]. Specifically, to calculate its RWA for CR Exposures, it must first determine the Exposure value (E) for each on‑balance sheet and off‑balance sheet asset using the applicable exposure measurement methodology and recognising the effects of any applicable credit risk mitigation. It must then categorise each Exposure under the relevant rules, and allocate an applicable Credit Quality Grade and risk weight for that Exposure under the relevant rules. The Authorised Person must calculate the RWA amount for each CR Exposure using the formula RWA(CR) = E × CRW, where CRW is the applicable risk weight determined through the categorisation and credit quality grade/risk weight allocation steps. Finally, it must aggregate the results by adding the RWA amounts calculated for all of its CR Exposures to arrive at total RWA for CR Exposures [#TGT:5c99a9f9-b97d-4f45-834a-0562c13cf368].",This Section governs credit assessments of Exposures for the purpose of determining the CRW for Credit Risk (CR) Exposures as provided in Rule 4.8.3 and for securitisation (SE) Exposures as provided in Rule 4.8.4.,"Calculation of RWA for Credit Risk Exposures (CR Exposures). To calculate its RWA for CR Exposures, an Authorised Person must:
(a)	calculate the value of the Exposure (represented as ""E"") for every on-balance sheet and every off balance sheet asset in accordance with the Exposure measurement methodology specified in Section 4.9 and recognising the effects of any applicable CRM;
(b)	categorise that Exposure in accordance with the Rules in Section 4.10;
(c)	allocate an applicable Credit Quality Grade and risk weight for that Exposure in accordance with the Rules in Section 4.11 and 4.12;
(d)	calculate the RWA amount for that Exposure using the following formula: RWA(CR) = E x CRW
where:
(i)	""RWA(CR)"" refers to the risk weighted Exposure amount for that CR Exposure;
(ii)	""E"" refers to the Exposure value or amount, for that CR Exposure; and
(iii)	""CRW"" refers to the applicable risk weight for that CR Exposure determined in accordance with (b) and (c); and
(e)	add the RWA amounts calculated in accordance with (d) for all its CR Exposures.",SCHEMA,,professional,ADGM,hard_enriched,dced9cf2-78fe-480a-9b65-4bff40564d27,5c99a9f9-b97d-4f45-834a-0562c13cf368,,,4.11.Guidance,4.8.3,,,,,HV0097,0bddd684a5a6da69,ObliQA-XRef_Out_Datasets/final_large_merged/ObliQA-XRef-ADGM-ALL/final.jsonl,,,,
bb24724bb265896b,"When an Authorised Person engaged in regulated activities in relation to Virtual Assets aligns its regulatory capital approach to the requirements that apply to a Recognised Investment Exchange, what form must that regulatory capital take, and what minimum capital amounts must a Recognised Investment Exchange hold (including any buffer that may be varied by the Regulator)?","An Authorised Person engaged in regulated activities in relation to Virtual Assets must hold its regulatory capital in a manner consistent with the requirements that a Recognised Investment Exchange must meet, and—under those requirements—the regulatory capital held by the Authorised Person must be in fiat form [#SRC:9795daec-7cae-4276-a676-296830fc723d]. In parallel, the Recognised Investment Exchange is subject to a specific capital holding obligation: it shall hold capital equal to 6 months’ operational expenses, and it shall also hold an additional buffer amount of up to a further 6 months’ operational expenses unless the Regulator directs otherwise [#TGT:1f2f00c6-1680-4516-adc8-b360f33ebe96]. Read together, the framework ties the Authorised Person’s regulatory capital approach to the Recognised Investment Exchange capital standard while also imposing a distinct form requirement on the Authorised Person (fiat), and it defines the Recognised Investment Exchange’s baseline and potential buffer capital amounts, with the buffer subject to direction by the Regulator [#SRC:9795daec-7cae-4276-a676-296830fc723d] [#TGT:1f2f00c6-1680-4516-adc8-b360f33ebe96].","REGULATORY REQUIREMENTS FOR AUTHORISED PERSONS ENGAGED IN REGULATED ACTIVITIES IN RELATION TO VIRTUAL ASSETS
Capital Requirements
Given the nature of, and the risks associated with Virtual Assets, COBS Rule 17.3 requires an Authorised Person to hold regulatory capital in a manner consistent with MIR Rule 3.2.1 (being the requirements that a Recognised Investment Exchange must meet). Pursuant to these Rules, regulatory capital held by an Authorised Person must be in fiat form.","A Recognised Investment Exchange shall hold the following capital:
(a)	an amount equal to 6 months' operational expenses; plus
(b)	unless the Regulator directs otherwise, an additional buffer amount of up to a further 6 months' operational expenses.",SCHEMA,,professional,ADGM,hard_enriched,9795daec-7cae-4276-a676-296830fc723d,1f2f00c6-1680-4516-adc8-b360f33ebe96,,,31),3.2.1,,,,,HV0098,bb24724bb265896b,ObliQA-XRef_Out_Datasets/final_large_merged/ObliQA-XRef-ADGM-ALL/final.jsonl,,,,
893586bb931cb773,"If the Regulator thinks a Listed Entity being admitted to the Official List needs quarterly cash reports (for example, because it is admitted under the assets eligibility test, has less than three years of audited financial statements, or is a cash-box), what does the Reporting Entity have to do each quarter when the Regulator also requires quarterly reporting as a condition of admission or because it classifies the Reporting Entity as a Mining Exploration Reporting Entity or a Petroleum Exploration Reporting Entity?","If the Regulator generally expects quarterly cash reporting because the Listed Entity being admitted to the Official List is admitted under the assets eligibility test, has less than three years of audited financial statements, or is otherwise considered to need quarterly cash reports (including where the admission is of a cash-box), that sets the circumstances in which the Regulator may impose a quarterly reporting requirement on the Reporting Entity [#SRC:ef54c7e6-d860-4e8b-aed8-ddcd2cbacab8]. When the Regulator then actually triggers that requirement—by making it a condition of admission to the Official List, by classifying the Reporting Entity as a Mining Exploration Reporting Entity or a Petroleum Exploration Reporting Entity, or by otherwise requiring quarterly reporting—the Reporting Entity must complete MKT Form 10-1 on a quarterly basis [#TGT:67e6fb61-6313-4d10-b3bb-b9b99d81cb75]. In other words, the “quarterly cash reports” expectation described in the circumstances above is met, when required by the Regulator, through the concrete action of completing MKT Form 10-1 every quarter. The key is that the quarterly obligation applies only when the Regulator requires it in one of the specified ways, and then it must be done quarterly.","The Regulator will generally require a Reporting Entity to comply with Rule 10.1.3B(1)(i) in circumstances where the Listed Entity with Securities being admitted to the Official List is admitted under the assets eligibility test (see Rule 2.3.16), has less than three years of audited financial statements as prescribed in Rule 2.3.2(1), or is considered by the Regulator, for other reasons, to require quarterly cash reports, such as the admission of a cash-box.","A Reporting Entity must complete MKT Form 10-1 on a quarterly basis if the Regulator:
(a)	requires it as a condition of admission to the Official List pursuant to section 52(1)(b) of the FSMR;
(b)	classifies the Reporting Entity as a Mining Exploration Reporting Entity or a Petroleum Exploration Reporting Entity; or
(c)	requires it pursuant to section 84 of the FSMR.",SCHEMA,,basic,ADGM,hard_enriched,ef54c7e6-d860-4e8b-aed8-ddcd2cbacab8,67e6fb61-6313-4d10-b3bb-b9b99d81cb75,,,10.1.3B.(1).Guidance.1.,10.1.3B.(1),,,,,HV0099,893586bb931cb773,ObliQA-XRef_Out_Datasets/final_large_merged/ObliQA-XRef-ADGM-ALL/final.jsonl,,,,
57dadba191a2b41c,"When Securities are Exempt Securities and are being admitted to trading on a Recognised Investment Exchange, is a person still prohibited from having those Securities admitted unless there is an Approved Prospectus, or does the prohibition not apply (subject to any stated requirement)?","A person is generally prohibited from having Securities admitted to trading on a Recognised Investment Exchange unless there is an Approved Prospectus in relation to the relevant Securities [#TGT:82ade9b4-bba4-449c-815c-32d6ef292b54]. However, where the admission to trading on a Recognised Investment Exchange concerns Securities that are Exempt Securities, the stated prohibition does not apply, provided the admission is subject to the specified requirement referenced for that exemption framework [#SRC:f70272ac-30bf-4e62-92d7-8b863f75cdf9]. In practical compliance terms, this means you must first determine whether the Securities qualify as Exempt Securities for the purpose of admission to trading, and then ensure the admission is conducted in accordance with the applicable requirement tied to that exemption. If the Securities are not Exempt Securities (or the relevant requirement is not met), the default position remains that the person must not proceed with admission to trading on the Recognised Investment Exchange without an Approved Prospectus for the relevant Securities [#TGT:82ade9b4-bba4-449c-815c-32d6ef292b54].","The prohibition in section 61(1) of the FSMR does not apply, subject to the requirement in Rule 4.4.2, to the admission to trading on a Recognised Investment Exchange of Securities that are Exempt Securities under Rule 4.4.1.","A person shall not, subject to subsection ‎(3)—
(a)	make an Offer of Securities in the Abu Dhabi Global Market; or
(b)	have Securities admitted to trading on a Recognised Investment Exchange;
unless there is an Approved Prospectus in relation to the relevant Securities.",SCHEMA,,professional,ADGM,hard_enriched,f70272ac-30bf-4e62-92d7-8b863f75cdf9,82ade9b4-bba4-449c-815c-32d6ef292b54,,,4.4.Guidance.2.,Part 6.Chapter 1.61.(1),,,,,HV0100,57dadba191a2b41c,ObliQA-XRef_Out_Datasets/final_large_merged/ObliQA-XRef-ADGM-ALL/final.jsonl,,,,
d0307902f53d75e0,"When including data from related undertakings linked by a common management relationship on a proportional-share basis, how must intra-group transactions be treated in the data used to calculate consolidated group own funds?","In calculating consolidated group own funds, the data used must be adjusted so that it excludes the effects of intra-group transactions, even where the data being brought in relates to related undertakings connected through a common management relationship and is included on a proportional-share basis. [#SRC:907d8b8e4af834c2] Specifically, where data of related undertakings linked by a common management relationship is included using the proportional share approach (and included in line with the applicable inclusion approaches referenced for such data), that inclusion does not remove the need to ensure the underlying data is net of intra-group transactions for the consolidated own-funds calculation. [#TGT:477b207547388eb5] Accordingly, the compliance outcome is that proportional-share inclusion determines how much of the related undertaking’s data is brought into the consolidation, while the netting requirement determines how that data must be presented for the consolidated group own-funds calculation—i.e., after removing intra-group transaction effects from the relevant data inputs. [#SRC:907d8b8e4af834c2] [#TGT:477b207547388eb5]","For the purposes of the calculation of the consolidated group own funds , the data referred to in 11.1A and 11.1B shall be net of any intra-group transaction .","Notwithstanding point (4) of 11.1A data of related undertakings linked by a common management relationship shall be included in accordance with points (1), (3), (4), (5) or (6) of 11.1A on the basis of the proportional share as referred to in Chapter 8 .",DPEL,,professional,UKFIN,mixed_difficulty,907d8b8e4af834c2,477b207547388eb5,,,907d8b8e4af834c2,477b207547388eb5,,,,,HV0101,d0307902f53d75e0,ObliQA-XRef_Out_Datasets/final_large_merged/ObliQA-XRef-UKFIN-ALL/final.jsonl,,,,
d2f7d3287e9cb100,"If a derivative has several important risk drivers, when do you map it to one risk category versus several, and what do you need to be ready to show the competent authorities about the hedging sets for those categories?","You need to (1) map the derivative to the right risk category or categories based on its material risk drivers, and (2) be able to provide specific hedging-set information by risk category if the competent authorities ask. [#SRC:83d0ae2a5dfdf3ce] If all the material risk drivers for the derivative fall in the same risk category, you map the transaction only once to that category, using the most material risk driver as the basis. [#TGT:28d975e9bccdd9ad] If the material risk drivers fall into different risk categories, you map the transaction once to each risk category where it has at least one material risk driver, and you use the most material risk driver within each category for that mapping. [#TGT:28d975e9bccdd9ad] After hedging sets are established for each risk category, you must be able to provide, on request: how many hedging sets exist in each risk category; the primary or most material risk driver for the relevant transactions (or, where applicable, the pair of risk drivers for each hedging set); and how many transactions are in each hedging set. [#SRC:83d0ae2a5dfdf3ce]","Institutions shall make available upon request by the competent authorities the number of hedging sets established in accordance with paragraph 2 of this Article for each risk category, with the primary risk driver, or the most material risk driver in the given risk category for transactions referred to in Article 277(3) , or the pair of risk drivers of each of those hedging sets and with the number of transactions in each of those hedging sets .","By way of derogation from paragraph 2 , institutions shall map derivative transactions that have more than one material risk driver to more than one risk category. Where all the material risk drivers of one of those transactions belong to the same risk category, institutions shall only be required to map that transaction once to that risk category on the basis of the most material of those risk drivers. Where the material risk drivers of one of those transactions belong to different risk categories, institutions shall map that transaction once to each risk category for which the transaction has at least one material risk driver, on the basis of the most material of the risk drivers in that risk category.",DPEL,,basic,UKFIN,mixed_difficulty,83d0ae2a5dfdf3ce,28d975e9bccdd9ad,,,83d0ae2a5dfdf3ce,28d975e9bccdd9ad,,,,,HV0102,d2f7d3287e9cb100,ObliQA-XRef_Out_Datasets/final_large_merged/ObliQA-XRef-UKFIN-ALL/final.jsonl,,,,
9f6a43f2eec1dad8,"When a firm is maintaining the transitional measure on technical provisions over the transitional period, under what circumstances may it recalculate the measure more frequently than the standard interval, and where is the PRA’s clarification on the recalculation process made available online?","A firm may recalculate the transitional measure on technical provisions (TMTP) on a regular cycle of every 24 months, but it can do so more often if the firm’s risk profile has materially changed; this reflects the Directive approach that is described as being transposed into HM Treasury’s Solvency 2 Regulations 2015 and is the baseline against which the PRA sets its expectations for maintaining TMTP over the transitional period and handling recalculations. [#SRC:f12971ae475fa040] The PRA’s clarification is provided through a supervisory statement intended to explain the PRA’s expectations on maintaining TMTP and the recalculation process, and the online location for the November 2016 update to that supervisory statement is the Bank of England PRA webpage at www.bankofengland.co.uk/pra/Pages/publications/ss/2016/ss1715update.aspx. [#TGT:8db537fa9d23cb87] In practice, to align with these expectations, the firm should treat the 24‑month interval as the default recalculation cadence while being prepared to justify a more frequent recalculation by demonstrating that a material change in its risk profile has occurred, and it should consult the referenced online supervisory statement update for the PRA’s clarifications on process and maintenance over the transitional period. [#SRC:f12971ae475fa040] [#TGT:8db537fa9d23cb87]","The Solvency II Directive allows for a recalculation of the transitional measure on technical provisions (TMTP) 1 every 24 months, or more frequently where the risk profile of the firm has materially changed. These Directive provisions have been transposed by HM Treasury’s Solvency 2 Regulations 2015 (2015/575) (see Regulation 54) 2 . The purpose of this supervisory statement is to provide clarity with respect to the PRA’s expectations as to how the TMTP should be maintained over the transitional period and the process for recalculations of the TMTP. It should be read alongside Regulation 54 of the Solvency 2 Regulations 2015, the Transitional Measures Part of the PRA Rulebook and the Supervisory Statement 17/15 ‘Solvency II: transitional measures on risk-free interest rates and technical provisions’ 3 .",3. November 2016: www.bankofengland.co.uk/pra/Pages/publications/ss/2016/ss1715update.aspx,DPEL,,professional,UKFIN,mixed_difficulty,f12971ae475fa040,8db537fa9d23cb87,,,f12971ae475fa040,8db537fa9d23cb87,,,,,HV0103,9f6a43f2eec1dad8,ObliQA-XRef_Out_Datasets/final_large_merged/ObliQA-XRef-UKFIN-ALL/final.jsonl,,,,
05e60eb208924d28,"If the scheme’s funds once hit the target level but later fall to under two-thirds of that target, what does the FSCS have to do about levies—and how does that fit with the need to pay back any money it borrowed under the loan arrangements?","If the deposit guarantee scheme’s available financial means have reached the target level for the first time and then later fall to less than two-thirds of that target, the FSCS must impose regular DGS compensation cost levies on DGS members at a level that lets the scheme reach the target level again within six years. [#TGT:c7ca74e274b138ba] Separately, when the FSCS has borrowed amounts under the referenced borrowing arrangements, it must impose a DGS compensation costs levy on DGS members that is large enough to repay what was borrowed within a reasonable time, and it must meet the repayment deadlines in the applicable loan agreement (and the referenced related provision). [#SRC:6bd5528a11ff8d7e] Put together, the FSCS needs to set levies so they achieve both outcomes at the same time: rebuilding the scheme’s funds back to the target level within the six-year window triggered by the drop below two-thirds, while also ensuring the borrowed amounts are repaid on the loan agreement’s timetable and within a reasonable time. [#TGT:c7ca74e274b138ba] [#SRC:6bd5528a11ff8d7e]",The FSCS must impose a DGS compensation costs levy on DGS members sufficient to repay any amounts borrowed in accordance with 32.2 within a reasonable time and in accordance with repayment deadlines under the applicable loan agreement and 34.3 .,"(1) If, after the available financial means of the deposit guarantee scheme have reached the target level for the first time, the available financial means have been reduced to less than two-thirds of the target level , the FSCS must impose regular DGS compensation cost levies on DGS members at a level allowing the target level to be reached again within six years.",DPEL,,basic,UKFIN,mixed_difficulty,6bd5528a11ff8d7e,c7ca74e274b138ba,,,6bd5528a11ff8d7e,c7ca74e274b138ba,,,,,HV0104,05e60eb208924d28,ObliQA-XRef_Out_Datasets/final_large_merged/ObliQA-XRef-UKFIN-ALL/final.jsonl,,,,
0245ac9fe25ebe1b,"When a firm is valuing with-profits policy liabilities, under what circumstances must it move away from a retrospective calculation and instead use a prospective calculation, and what is the required prospective valuation method for the liabilities that fall within scope?","A firm must switch from a retrospective calculation to a prospective calculation when the retrospective approach would not adequately reflect the value of the with-profits policy liabilities, or when the firm can demonstrate that using the retrospective approach is not practicable; in assessing practicability and appropriateness, the PRA expects the firm to consider the nature of its with-profits policies and whether the retrospective results would be meaningful, with whole of life policies (or other policies where a retrospective result could be negative or materially lower than a prospective value) given as examples where a prospective approach might be needed. [#SRC:681709c2b6db278a] When those circumstances apply, the firm must calculate the value of its with-profits policy liabilities on a prospective basis for the liabilities in scope (excluding future policy-related liabilities). [#TGT:4234a0c42c171b96] The prospective calculation must be performed as an aggregate across each with-profits policy, using the net present values of the expected future cash-flows specified for that purpose. [#TGT:4234a0c42c171b96]","Surplus Funds 3.2 generally requires the value of with-profits policy liabilities to be calculated on the basis of a retrospective approach set out in Surplus Funds 3.3 . However, where this approach would not adequately reflect the value of the liabilities, or the firm is able to demonstrate that this approach is not practicable, then the prospective basis for calculation in Surplus Funds 3.4 is required. The PRA expects firms to consider whether the application of the retrospective approach would be practicable given the nature of their with-profits policies and, even if possible, whether the results would be meaningful or an appropriate basis for the calculations. While each firm will need to consider its own specific circumstances, whole of life policies or other policies where the result of the retrospective calculation might be negative or significantly lower than the value calculated using the prospective approach are examples where the prospective approach might be necessary.","Where the circumstances set out in 3.2 apply, a firm must calculate the value of its with-profits policy liabilities (other than future policy-related liabilities ) on a prospective basis as the aggregate of the net present values of the following expected future cash-flows in respect of each with-profits policy :",DPEL,,professional,UKFIN,mixed_difficulty,681709c2b6db278a,4234a0c42c171b96,,,681709c2b6db278a,4234a0c42c171b96,,,,,HV0105,0245ac9fe25ebe1b,ObliQA-XRef_Out_Datasets/final_large_merged/ObliQA-XRef-UKFIN-ALL/final.jsonl,,,,
a9cf7943a6f83fe5,"For a CTP operational incident, what is the timing and trigger for a critical third party to provide incident information initially versus providing further information after later developments (including when the incident is resolved), and who must receive the later updates?","A critical third party has two distinct, time-sensitive information submissions tied to different triggers: an initial submission after the incident occurs, and subsequent updates after significant changes in circumstances. The initial obligation is to submit information about the CTP operational incident as soon as practicable after the occurrence of the incident, limited to what it is aware of at the time it submits that information. [#TGT:69933824d660799f] Separately, once an initial report has been made and any intermediate incident report has already been submitted, the critical third party must provide additional information as soon as practicable after any significant change from what was previously described, including when the CTP operational incident is resolved, again limited to what it is aware of at the relevant time. [#SRC:de95dc63af31c5be] This later obligation is not just to submit more detail in the abstract; it is specifically to provide information further to what has already been disclosed, and it must be provided to both the regulators and the affected firms. [#SRC:de95dc63af31c5be] Taken together, the compliance approach is: submit incident information promptly after occurrence, then continue to update promptly when circumstances materially change (including resolution), ensuring the updates go to regulators and affected firms. [#TGT:69933824d660799f] [#SRC:de95dc63af31c5be]","A critical third party must, as soon as is practicable after any significant change in circumstances from that described in the initial report submitted under 8.1 and any intermediate incident report already submitted under this rule (including the CTP operational incident being resolved) and in so far as it is aware at the relevant time, provide the regulators and the affected firms with information further to that already disclosed in relation to the CTP operational incident , including but not limited to:","A critical third party must, as soon as is practicable after the occurrence of a CTP operational incident and in so far as it is aware at the time of submission, submit the following information about the CTP operational incident :",DPEL,,professional,UKFIN,mixed_difficulty,de95dc63af31c5be,69933824d660799f,,,de95dc63af31c5be,69933824d660799f,,,,,HV0106,a9cf7943a6f83fe5,ObliQA-XRef_Out_Datasets/final_large_merged/ObliQA-XRef-UKFIN-ALL/final.jsonl,,,,
872b3037ff11f7d2,"When a firm is planning a major migration programme and has only shortlisted potential providers (so a final provider has not yet been selected), what should it do about notifying the regulator, and what documentation requirement still applies to the outsourcing arrangement once it proceeds?","A firm planning a major migration programme may consider notifying before it has chosen the final provider, particularly where it is still selecting from a shortlist, because early notification can be appropriate in those circumstances. [#SRC:f9f533f94194f92e] Separately, when the outsourcing arrangement is put in place, the arrangement must be documented in a written agreement, and the firm should review that written agreement to confirm it meets the firm’s regulatory obligations and risk management expectations. [#TGT:9752e97c411082aa] [#SRC:f9f533f94194f92e] In practice, this means the firm can (i) make an earlier notification during provider selection for a major migration programme, and then (ii) ensure the eventual outsourcing is fully captured in a written agreement that is checked against regulatory and risk-management expectations before relying on it operationally. [#SRC:f9f533f94194f92e] [#TGT:9752e97c411082aa]","reviewing the written agreement to ensure it complies with their regulatory obligations and risk management expectations (see Chapter 6 ). In some circumstances, it might be appropriate to make a notification before a final provider has been selected. An example of this is if a firm is planning a major migration programme and is still trying to select a provider from a shortlist.","In line with Article 31(3) of MODR (banks) and Conditions Governing Business 7.5(3) (insurers), all outsourcing arrangements must be set out in a written agreement.",DPEL,,professional,UKFIN,mixed_difficulty,f9f533f94194f92e,9752e97c411082aa,,,f9f533f94194f92e,9752e97c411082aa,,,,,HV0107,872b3037ff11f7d2,ObliQA-XRef_Out_Datasets/final_large_merged/ObliQA-XRef-UKFIN-ALL/final.jsonl,,,,
fe6cadb25ae512e8,"If a firm is planning to issue an item on the same terms as a basic own funds item issued in the last 12 months (with only the issue date, maturity date, amount, currency, and interest rate allowed to differ), and it already sent the first notification but then wants to change what it submitted before the item is issued, what does it need to do and how quickly?","If the planned item is being issued on identical terms to one or more items that were included in the basic own funds forming the own funds eligible for the group SCR and were issued by the undertaking in the group within the previous 12 months, then “identical terms” allows differences only for the issue date, maturity date, amount of the issuance, currency of the issuance, and the rate of interest payable by the issuer. [#SRC:7114cf075695c1d8] Once the firm has made the initial notification for the item, if it then proposes (before the item is issued) to change any of the information it previously submitted, it must send another written notification covering that change. [#TGT:b15834f057327c97] The timing requirement is immediate in the sense that the further written notification must be provided without delay, and it applies specifically in the window after the initial notification but prior to issuance. [#TGT:b15834f057327c97] This means the firm should not wait until issuance to correct or update details; any proposed change to the previously submitted information—whether it relates to the “identical terms” description or other submitted details—must be re-notified promptly in writing before the item is issued. [#SRC:7114cf075695c1d8] [#TGT:b15834f057327c97]","(3) any item which is to be issued on identical terms to one or more items included in the basic own funds forming the own funds eligible for the group SCR issued by the undertaking in the group within the previous 12 months and notified to the PRA in accordance with 6.2 , excluding (1) the issue date, (2) the maturity date, (3) the amount of the issuance, (4) the currency of the issuance, and (5) the rate of interest payable by the issuer.","If after an initial notification under 6.2 , but prior to an item’s issuance, a firm proposes to change the information previously submitted, it must provide a further written notification of that change without delay.",DPEL,,basic,UKFIN,mixed_difficulty,7114cf075695c1d8,b15834f057327c97,,,7114cf075695c1d8,b15834f057327c97,,,,,HV0108,fe6cadb25ae512e8,ObliQA-XRef_Out_Datasets/final_large_merged/ObliQA-XRef-UKFIN-ALL/final.jsonl,,,,
49917f7c055c5bc0,"When the PRA assesses whether minimum requirements applied to an entity established outside the United Kingdom exceed that entity’s share of consolidated group requirements for the same risk type, how should the PRA treat a situation where a PRA authorised firm calculates consolidated capital using an IRB model but an overseas subsidiary must use a standardised approach for the same credit risk portfolio, resulting in higher individual or sub-consolidated requirements?","In that scenario, the PRA’s assessment focuses on whether, for the relevant risk type, the minimum requirements applied to the non-UK entity on an individual or sub-consolidated basis exceed the entity’s share of the consolidated group requirements for the same risk. [#SRC:ef9de1e6e4142317] However, where the consolidated group requirement is calculated using an IRB model for a portfolio of credit risk exposures, and the overseas subsidiary must instead apply a standardised approach for the same portfolio—leading to higher requirements at the subsidiary level—the PRA would not count that difference when assessing group risk. [#TGT:723e2d0bc5ddaf68] This treatment aligns with the PRA’s general approach of not taking into account requirements that are attributable to risks already mitigated through the risk-based capital framework or by other means, and not taking into account requirements that net off in consolidation (such as intragroup risks and offsetting positions). [#SRC:ef9de1e6e4142317] Accordingly, even though the subsidiary’s local calculation method produces higher requirements for the same credit risk portfolio, that uplift is excluded from the PRA’s group-risk assessment of the excess over the subsidiary’s share of consolidated requirements. [#TGT:723e2d0bc5ddaf68]","the extent to which, for any given risk type, the minimum requirements applied to an entity established outside the United Kingdom, on an individual or sub-consolidated basis, exceed the entity’s share 19 of the consolidated group requirements for the same risk. When making this assessment, the PRA would not generally take into account requirements that are attributable to risks that: (i) are already mitigated through the risk based capital framework 20 or by other means; 21 or (ii) net off in consolidation (for example, intragroup risks and offsetting positions); and","20. For example, a PRA authorised firm may have permission to use an IRB model to calculate consolidated capital requirements in respect of a portfolio of credit risk exposures. If its overseas subsidiary is required to use a standardised approach for the same portfolio of credit risk exposures (on an individual or sub-consolidated basis), and as a result, it is subject to higher requirements in respect of that portfolio, the PRA would not take the difference into account in its assessment of group risk.",DPEL,,professional,UKFIN,mixed_difficulty,ef9de1e6e4142317,723e2d0bc5ddaf68,,,ef9de1e6e4142317,723e2d0bc5ddaf68,,,,,HV0109,49917f7c055c5bc0,ObliQA-XRef_Out_Datasets/final_large_merged/ObliQA-XRef-UKFIN-ALL/final.jsonl,,,,
ce23ef288fcc6cf4,"When designing a firm’s governance arrangements for liquidity risk, what must the insurer’s monitoring and reporting system deliver to decision-makers and relevant functions, and how must that be integrated into the firm-wide governance expectation for cooperation, internal reporting, and communication at all relevant levels?","An insurer should structure its liquidity risk monitoring and reporting so that it reliably supports decision-making while also fitting within a governance framework that enables effective cooperation and information flow across the firm. The insurer is expected to have an effective system for monitoring and reporting liquidity risk that produces reports which are clear, concise, timely, and accurate for the relevant functions within the insurer, and the fast-moving nature of liquidity risk should be reflected in how the reporting system operates (for example, in its responsiveness and timeliness). [#SRC:c6c19d84cebb7ce5] In parallel, the firm’s system of governance must establish, implement, and maintain effective cooperation, internal reporting, and communication of information at all relevant levels of the firm, so liquidity risk reporting should be embedded in those firm-wide channels rather than operating in isolation. [#TGT:ecd277e44d328d29] Taken together, this means the insurer must (i) put in place reporting processes and procedures that ensure necessary information is available to decision-makers, (ii) deliver liquidity risk reports meeting the stated quality characteristics to relevant internal functions, and (iii) ensure those reports and related information are communicated through governance arrangements that promote cooperation and internal reporting across all relevant levels. [#SRC:c6c19d84cebb7ce5] [#TGT:ecd277e44d328d29]","Under Conditions Governing Business 2A.1(8) and Non-Solvency II Firms – Governance 7.1 , an insurer must establish systems for the management of risk. Conditions Governing Business 3.1(1A)(d) and Non-Solvency II Firms – Governance 2.5 and 3.2 require the establishment of reporting processes and procedures to ensure that the necessary information is available to decision-makers. With these obligations in mind, the PRA expects an insurer to have an effective system of monitoring and reporting liquidity risk which provides clear, concise, timely and accurate liquidity risk reports to relevant functions within the insurer. Liquidity risks are often fast moving, a characteristic which is expected be reflected in an insurer’s reporting system. Design of metrics and reporting is set out in more detail in Chapter 6 .","(1) the system of governance referred to at paragraph 2.2(1) establishes, implements and maintains effective cooperation, internal reporting and communication of information at all relevant levels of the firm ;",DPEL,,professional,UKFIN,mixed_difficulty,c6c19d84cebb7ce5,ecd277e44d328d29,,,c6c19d84cebb7ce5,ecd277e44d328d29,,,,,HV0110,ce23ef288fcc6cf4,ObliQA-XRef_Out_Datasets/final_large_merged/ObliQA-XRef-UKFIN-ALL/final.jsonl,,,,
0d935037aaab1bb6,"When calculating the NPL ratio as a ratio of non-performing loans to total loans, what specific reported fields may be used to determine the non-performing loans figure, and how does that figure fit into the overall ratio calculation?","To compute the NPL ratio, you must express non-performing loans as the numerator and total loans as the denominator, because the ratio is defined as non-performing loans divided by total loans. [#SRC:100c416be2d4ca28] For the numerator, the non-performing loans amount may be determined using the sum of specified reported fields, depending on the reporting framework used. [#TGT:1674bc5320648995] In particular, non-performing loans can be calculated as the sum of the fields firms are required to report in form FSA015 (11G, 11Q, 20B, 20D, 23B, 23D, 26B, 26D, 31B, 31C). [#TGT:1674bc5320648995] Alternatively, the non-performing loans figure may be taken from FINREP as row 330, column 060 of F18.00, or from FINREP F7.00 using the combination of row 0190 columns 060, 070, 080 and 090. [#TGT:1674bc5320648995] Once the non-performing loans numerator is determined using one of these reporting-based definitions, it is then divided by total loans to produce the NPL ratio. [#SRC:100c416be2d4ca28]",NPL ratio will be calculated as the ratio of non-performing loans 4 to total loans. 5,"4. Defined as the sum of the following fields as firms are required to report in form FSA015: 11G, 11Q, 20B, 20D, 23B, 23D, 26B, 26D, 31B, 31C; or row 330, column 060 of F18.00 (FINREP); or row 0190 column 060, row 0190 column 070, row 0190 column 080 and row 0190 column 090 of F7.00 (FINREP).",DPEL,,professional,UKFIN,mixed_difficulty,100c416be2d4ca28,1674bc5320648995,,,100c416be2d4ca28,1674bc5320648995,,,,,HV0111,0d935037aaab1bb6,ObliQA-XRef_Out_Datasets/final_large_merged/ObliQA-XRef-UKFIN-ALL/final.jsonl,,,,
9872519f71bdf7c6,"Where a claim is treated as suspended and the FSCS has decided not to pursue recoveries, how is the point at which the claim is treated as paid determined if the compensation recipient asks in writing to pursue recoveries themselves and seeks an assignment of rights back from the FSCS?","If the FSCS has decided not to pursue recoveries and the compensation recipient asks in writing to pursue them, the FSCS is required to assign the relevant rights back to the compensation recipient. [#TGT:4df8d3ca566204fc] In that situation, the claim is treated as paid only when (and only to the extent that) recoveries are actually made from the credit institution or a third party in respect of the eligible deposit, and those recoveries may be made either by the FSCS or by the person to whom rights have been assigned back (i.e., the depositor/compensation recipient once the assignment occurs). [#SRC:09c735f8e9adc351] Practically, this means the written request and resulting assignment do not, by themselves, cause the suspended claim to be treated as paid; payment treatment is tied to the timing and amount of recoveries achieved after the assignment (or by the FSCS if it makes recoveries). [#SRC:09c735f8e9adc351] The linkage is that the FSCS’s obligation to assign rights back upon a written request applies specifically when it has chosen not to pursue recoveries, and once rights are assigned back, recoveries made by the compensation recipient are the recoveries that determine when and to what extent the claim is deemed paid. [#TGT:4df8d3ca566204fc] [#SRC:09c735f8e9adc351]",Any claim of B against the depositor that is suspended in accordance with 28.2A is only deemed to have been paid for the purposes of regulation 24(1)(b) of the Electronic Money Regulations or regulation 23(14)(b) of the Payment Services Regulations when (and to the extent) the FSCS (or the depositor where the FSCS assigns rights back to the depositor in accordance with 29.2 ) has made recoveries from the credit institution or any third party in respect of the eligible deposit .,"If the FSCS decides not to pursue such recoveries and a compensation recipient wishes to pursue those recoveries and so requests in writing, the FSCS must comply with that request and assign the rights back to the compensation recipient .",DPEL,,professional,UKFIN,mixed_difficulty,09c735f8e9adc351,4df8d3ca566204fc,,,09c735f8e9adc351,4df8d3ca566204fc,,,,,HV0112,9872519f71bdf7c6,ObliQA-XRef_Out_Datasets/final_large_merged/ObliQA-XRef-UKFIN-ALL/final.jsonl,,,,
db00d79d2582fc39,"When the PRA is considering using its power to direct a society to transfer all its engagements to one or more other societies (including where negotiations are already under way), how does the PRA determine whether the assessment should focus on whether members (or a proportion of them) would be unreasonably prejudiced, and how does that modified approach interact with the PRA’s ability to require approval by board resolution rather than a member vote?","Where the PRA is acting in circumstances that trigger the modified merger procedure, it may apply a special, consolidated test focused on whether members (or a proportion of them) would be unreasonably prejudiced by the transfer, rather than applying the usual first and second tests separately. [#SRC:2aacec38e1160f5f] Whether that special test applies is not automatic; it is a matter for the PRA’s judgement based on any representations it receives and its own enquiries into the particular case. [#SRC:2aacec38e1160f5f] In parallel, the PRA has a power—where it considers it expedient to protect the investments of shareholders or depositors—to direct a society to transfer all its engagements to one or more other societies within a specified period, and the statutory framework described also contemplates a modified merger procedure in consequence. [#TGT:0aeb091942915c7e] In that directed-transfer context (or where the PRA would have directed a transfer but negotiations were already under way), the PRA may additionally direct that the transferor society’s approval can be given by board resolution rather than by a member Merger Resolution. [#TGT:0aeb091942915c7e] Consistently with this, when the PRA considers the further criterion it must assess, it takes account of the fact that the procedure has been modified. [#SRC:2aacec38e1160f5f]","As is noted in paragraph 3.193 , the First and Second Criteria are replaced, in those circumstances, by a single criterion as to whether the members or a proportion of them would be unreasonably prejudiced by the transfer. Whether this special criterion applies will be a matter of judgement for the PRA to make in the light of any representations made to it and its own enquiries in respect of the particular case. It follows also that, in considering the Third Criterion , the PRA will take account of the modified procedure.","This section describes the PRA’s powers to direct a society to transfer all its engagements to one or more other societies and/or to proceed by board resolution, and the modified merger procedure consequently prescribed by the 1986 Act. Section 42B of the 1986 Act provides that, if the PRA considers it expedient to do so to protect the investments of shareholders or depositors, it may direct a society, among other things, to transfer all its engagements to one or more other societies within a specified period (subsection (1)(a)). In such a case, or where the PRA would have directed a transfer of engagements, but for the fact that negotiations were already under way, the PRA may also direct that the approval of the transfer of engagements by the transferor society may be by board resolution rather than by Merger Resolution.",DPEL,,professional,UKFIN,mixed_difficulty,2aacec38e1160f5f,0aeb091942915c7e,,,2aacec38e1160f5f,0aeb091942915c7e,,,,,HV0113,db00d79d2582fc39,ObliQA-XRef_Out_Datasets/final_large_merged/ObliQA-XRef-UKFIN-ALL/final.jsonl,,,,
fd828d396136ee70,"For a firm that has a matching adjustment permission and chooses to use the EVT when preparing the required attestation for each relevant portfolio of assets as a whole, what approach must it take to the EVT’s principles and assumptions, including any minimum parameters and treatment of retained risks?","A firm with a matching adjustment permission must submit an attestation to the PRA for each relevant portfolio of assets as a whole, and that attestation must be provided at the required time, by the required person, and in the required form. [#TGT:e4cd8736edad498d] If, in preparing that required attestation, the firm chooses to use the EVT for attestation purposes, the PRA expects the firm to engage with the principles that underpin the EVT rather than applying it mechanically. [#SRC:bac9c4bd1480db48] In doing so, the firm should use its own assumptions that it judges appropriate for attesting that the matching adjustment can be earned with a high degree of confidence from the assets held in the relevant portfolio. [#SRC:bac9c4bd1480db48] Those assumptions should not be set below the PRA’s published minimum parameters where such parameters apply. [#SRC:bac9c4bd1480db48] The firm should also give additional consideration to any retained risks other than the NNEG that are not assessed by the EVT, so that the attestation appropriately reflects risks not captured by the EVT approach. [#SRC:bac9c4bd1480db48]","Where a firm chooses to use the EVT for attestation purposes, the PRA expects it to engage with the principles underlying the EVT and use its own assumptions that are judged to be appropriate when attesting that the MA can be earned with a high degree of confidence from the assets held in the relevant portfolio of assets ( Matching Adjustment 9.1(1)(b) ). These assumptions should not fall below the PRA’s published minimum parameters where applicable, with additional consideration given to any retained risks other than the NNEG that are not assessed by the EVT.",A firm with a matching adjustment permission must provide to the PRA the attestation set out at (1) at the time set out in (2) by a person in (3) in the form set out in 12.1 in respect of each relevant portfolio of assets as a whole held by the firm .,DPEL,,professional,UKFIN,mixed_difficulty,bac9c4bd1480db48,e4cd8736edad498d,,,bac9c4bd1480db48,e4cd8736edad498d,,,,,HV0114,fd828d396136ee70,ObliQA-XRef_Out_Datasets/final_large_merged/ObliQA-XRef-UKFIN-ALL/final.jsonl,,,,
99f3b1ddfcaccec1,"When the PRA receives an MA application, what decision timeframe should a firm plan for, and how does that expectation change depending on whether the firm provides sufficient-quality evidence with limited follow-up versus insufficient evidence requiring material iterative dialogue (including where a streamlined approach is suitable)?","A firm should plan on the PRA aiming to decide an MA application within six months of receiving it, but should also expect that the actual time to decision depends on the quality and completeness of the evidence provided and the extent of follow-up engagement needed. [#SRC:e05922df7b656058] The PRA’s baseline expectation is to provide its decision no later than six months from receipt of the firm’s application. [#SRC:e05922df7b656058] This six-month expectation is framed on the assumption that the firm supplies evidence of sufficient quality for the PRA to decide and that requests for additional information or clarification are limited. [#TGT:21bff8d22b1aaa7c] If those assumptions are met, the PRA expects to determine the outcome within six months from the date of receipt. [#TGT:21bff8d22b1aaa7c] If a streamlined approach is considered suitable, the PRA would expect to reach a decision more quickly than the six-month outer expectation. [#SRC:e05922df7b656058] Conversely, where insufficient evidence is provided and/or there is a need for material iterative dialogue between the PRA and the firm, the time needed for the PRA to reach a decision is likely to be extended beyond the standard expectation. [#TGT:21bff8d22b1aaa7c]","The PRA is committed to assessing and providing decisions on all MA applications as quickly as possible, and expects to give its decision no later than six months from its receipt of a firm’s application (subject to the points made in paragraph 2.29 of this SoP). If a streamlined approach is considered suitable, then the PRA would expect to reach a decision more quickly.","Assuming that the firm has provided a sufficient quality of evidence to allow the PRA to make a decision, and that the need for additional information and/or clarification has been limited, the PRA expects to determine the outcome of an application no later than six months from the date of receipt. Where insufficient evidence is provided and/or there is need for material iterative dialogue between the PRA and the firm, this is likely to extend the time needed for the PRA to reach a decision.",DPEL,,professional,UKFIN,mixed_difficulty,e05922df7b656058,21bff8d22b1aaa7c,,,e05922df7b656058,21bff8d22b1aaa7c,,,,,HV0115,99f3b1ddfcaccec1,ObliQA-XRef_Out_Datasets/final_large_merged/ObliQA-XRef-UKFIN-ALL/final.jsonl,,,,
a0927dbe81380a29,"When deciding whether to give confirmation for an amalgamation or transfer, how should the PRA treat a failure to meet a requirement in the Friendly Societies Act 1992 or the rules of a participating society, and in what circumstances can the PRA modify requirements based on an application by members?","The PRA must withhold confirmation if it concludes that a relevant requirement in the Friendly Societies Act 1992 or in the rules of any participating society has not been met, because that type of non-fulfilment is a stated ground on which confirmation must not be given. [#SRC:c0235e996b557c4a] However, the PRA is not limited to a binary “met/not met” assessment: it can modify some requirements and can direct that certain failures may be disregarded, which can affect whether a particular non-compliance remains a bar to confirmation. [#SRC:c0235e996b557c4a] Separately, and as a concrete route to modification, the PRA has discretion to modify some requirements for a transfer of engagements from a friendly society where a specified number of the society’s members apply and the PRA is satisfied that making the modification is expedient in the interests of the society’s members or potential members. [#TGT:479c243b93b94186] In practice, this means that if a requirement shortfall would otherwise prevent confirmation, the PRA can only move away from that outcome where it uses its modification power (including on a qualifying member application) so that the relevant requirement is adjusted and/or the failure is treated as one that may be disregarded. [#SRC:c0235e996b557c4a][#TGT:479c243b93b94186]","(1) confirmation must not be given if the PRA considers that: (a) there is a substantial risk that the successor society or transferee will be lawfully unable to carry out the engagements to be transferred to it. For the purposes of this condition, the PRA may have regard to the requirements of any country outside of the UK which appear to be relevant; (b) information material to the members’ decision about the amalgamation or transfer was not made available to all the members eligible to vote; (c) the vote on any resolution approving the amalgamation or transfer does not represent the views of the members eligible to vote; or (d) some relevant requirement of the Friendly Societies Act 1992 or the rules of any of the participating societies was not fulfilled (but it can modify some requirements and direct that certain failures may be disregarded, see 4.13 above and 4.28 below);","The PRA has discretion under section 89 of the Friendly Societies Act 1992 to modify some of the requirements for a transfer of engagements from a friendly society, on the application of a specified number of its members, if it is satisfied that it is expedient to do so in the interests of its members or potential members.",DPEL,,professional,UKFIN,mixed_difficulty,c0235e996b557c4a,479c243b93b94186,,,c0235e996b557c4a,479c243b93b94186,,,,,HV0116,a0927dbe81380a29,ObliQA-XRef_Out_Datasets/final_large_merged/ObliQA-XRef-UKFIN-ALL/final.jsonl,,,,
433f59e6d3bf883b,"If a transfer plan would raise pay for directors or other officers because of the transfer, what vote has to be held and who votes on it, and what must be included in the Transfer Statement so the PRA can decide on the society’s confirmation application?","When the transfer terms include a pay increase for directors or other officers because of the transfer, the society must put an ordinary resolution about that pay increase to a meeting of the society. [#SRC:7b4a2555806fbf1b] That ordinary resolution is decided by a simple majority of the members who are entitled to vote and who do vote, with shareholding and borrowing members voting together. [#SRC:7b4a2555806fbf1b] The meeting for this ordinary resolution does not have to be the same meeting that considers the Transfer Resolutions. [#TGT:59f0c65404b632d5] Also, even though the ordinary resolution must be put to a meeting, it does not need to be approved to make the pay increase effective, because the increase is authorised through the overall approval of the transfer and its terms when the Transfer Resolutions pass. [#TGT:59f0c65404b632d5] Separately, the proposed pay increase must be explained in the Transfer Statement, and the PRA must be satisfied (when reviewing the society’s application for confirmation of the transfer) that the ordinary resolution was in fact put before a meeting of the society. [#TGT:59f0c65404b632d5] This gives members a distinct chance to comment on pay changes apart from the main transfer decision. [#SRC:7b4a2555806fbf1b]","As is described in paragraphs 4.82 and 4.83 , if the terms of a transfer include provision for increased emoluments of directors or other officers in consequence of the transfer, an ordinary resolution approving any such provision must be put before a meeting of the society. An ordinary resolution is passed by a simple majority of members (both shareholding and borrowing members voting together) qualified to vote and voting. However, it is not required that the resolution must be put to the same meeting as the Transfer Resolutions, neither is approval of the ordinary resolution required to authorise such increased emoluments which, as terms of the transfer, are authorised by the passage of the Transfer Resolutions. The purpose of Section 99A of the 1986 Act is to give the members an opportunity to express their views on these matters separately from their decision on whether or not to approve the transfer and its terms.","Any such increase in emoluments is required by Section 99A(2) of the 1986 Act to be put before a meeting of the society in an ordinary resolution approving such provision. However, although such an ordinary resolution must be put to a meeting, it is not required to be passed in order to authorise such increases which will be authorised by the general approval of the transfer and its terms provided by the passage of the Transfer Resolutions. Neither is it required that the ordinary resolution be put before the meeting which is to consider the Transfer Resolutions. However, as is explained below, any proposed increase in emoluments will have to be explained in the Transfer Statement, and the PRA will have to be satisfied that the requisite ordinary resolution was put before a meeting of the society when it considers a society’s application for confirmation of a transfer.",DPEL,,basic,UKFIN,mixed_difficulty,7b4a2555806fbf1b,59f0c65404b632d5,,,7b4a2555806fbf1b,59f0c65404b632d5,,,,,HV0117,433f59e6d3bf883b,ObliQA-XRef_Out_Datasets/final_large_merged/ObliQA-XRef-UKFIN-ALL/final.jsonl,,,,
7e5254a08f4c0af7,"If a firm changes its MA portfolio without obtaining approval from the PRA to vary its MA permission, what are the consequences for its ability to apply a matching adjustment when calculating the best estimate, and what remediation timeline applies if the changes cause the MA eligibility conditions to be breached?","A firm may only apply a matching adjustment when calculating the best estimate of its insurance or reinsurance obligations if it has a matching adjustment permission; without that permission it must not apply the adjustment to the relevant risk-free interest rate term structure. [#TGT:78efaa111a0c4a1d] Separately, if the firm makes changes to its MA portfolio without obtaining PRA approval to vary its MA permission (and those changes are outside the scope of what is contemplated in the referenced context), that conduct is treated as a breach for which the PRA would consider using its supervisory powers. [#SRC:4b18983e4bca375c] In addition, where the changes to the MA portfolio lead to a breach of the MA eligibility conditions, the firm must restore compliance with the relevant condition(s) within two months to avoid a reduction to the matching adjustment. [#SRC:4b18983e4bca375c] Taken together, the firm should ensure it both holds the required permission before applying the matching adjustment in best-estimate calculations and, if portfolio changes have caused eligibility non-compliance, completes remediation within the two-month window to prevent a reduction. [#TGT:78efaa111a0c4a1d] [#SRC:4b18983e4bca375c]","If a firm makes changes to its MA portfolio without obtaining approval from the PRA to vary its MA permission, and if these changes are outside the scope of what is contemplated in paragraph 9.1A above, this would constitute a breach of Matching Adjustment 2.1 , in respect of which the PRA would consider exercising its supervisory powers. If changes made to the MA portfolio result in a breach of the MA eligibility conditions, then the firm will need to restore compliance with the relevant condition(s) within two months in order to avoid a reduction to the MA.",A firm must not apply a matching adjustment to the relevant risk-free interest rate term structure to calculate the best estimate of its insurance or reinsurance obligations unless it has a matching adjustment permission .,DPEL,,professional,UKFIN,mixed_difficulty,4b18983e4bca375c,78efaa111a0c4a1d,,,4b18983e4bca375c,78efaa111a0c4a1d,,,,,HV0118,7e5254a08f4c0af7,ObliQA-XRef_Out_Datasets/final_large_merged/ObliQA-XRef-UKFIN-ALL/final.jsonl,,,,
5608c374a74adc0e,"When a firm is required to have written policies and procedures covering risk management, internal control, internal audit and (where relevant) outsourcing, what specific content must those policies include and how must that content align with the firm’s broader direction?","A firm that is required to establish, implement and maintain written policies and adequate procedures for risk management, internal control, internal audit and, where relevant, outsourcing must ensure those written policies are drafted with sufficient operational detail and strategic alignment. Specifically, the firm must have written policies and adequate procedures in place for at least those functions (and outsourcing where relevant), and must keep them established, implemented, and maintained as written documentation. [#TGT:223fc6e5205a9c72] In addition, the firm must ensure its policies in these areas clearly describe (i) who is responsible for what, (ii) the objectives of the arrangements, (iii) the processes to be followed, and (iv) the reporting procedures that will be applied. [#SRC:d73247674d265abb] Finally, the responsibilities, objectives, processes, and reporting procedures set out in those policies must be consistent with the firm’s overall business strategy, so the written framework for these control functions does not conflict with how the firm intends to operate and manage its business. [#SRC:d73247674d265abb]","A firm must ensure that its policies on risk-management, internal control, internal audit and, where relevant, outsourcing referred to in 2.4(1) clearly set out the relevant responsibilities, objectives, processes and reporting procedures to be applied, all of which must be consistent with the firm’s overall business strategy.","(1) establish, implement and maintain written policies and adequate procedures in relation to at least risk management, internal control, internal audit and, where relevant, outsourcing ;",DPEL,,professional,UKFIN,mixed_difficulty,d73247674d265abb,223fc6e5205a9c72,,,d73247674d265abb,223fc6e5205a9c72,,,,,HV0119,5608c374a74adc0e,ObliQA-XRef_Out_Datasets/final_large_merged/ObliQA-XRef-UKFIN-ALL/final.jsonl,,,,
cc08595658c186fc,"When a firm rates tenants and uses those ratings to derive a probability of non-rent payment, what expectation applies to how intuitive that transformation should be, and how should the firm treat the relationship between the resulting PD and actual non-payment—particularly when considering divergence between observed default rates and PD across different economic conditions in the mid-corporate space?","The firm should ensure that converting tenant ratings into a probability of non-rent payment is done in a way that is intuitive, rather than opaque or hard to interpret. [#SRC:091fac39c7e6e49b] At the same time, even if tenants are rated by the firm, the firm should not assume the resulting PD is typically a direct read-across to the probability of non-payment, because factors such as model philosophy can break that one-to-one mapping. [#TGT:43ecedb5d0451d08] In practice, this means the firm needs to explicitly address and articulate what divergence it expects between observed default rates and PD, and how that divergence may vary under different economic conditions, with particular attention to the mid-corporate space where firms often struggle with this definition. [#TGT:43ecedb5d0451d08] The compliance outcome is a coherent approach where (i) the rating-to-non-payment-probability transformation remains intuitive to users and reviewers, and (ii) the firm documents and manages the anticipated gap between PD outputs and observed non-payment/default experience rather than treating PD as a direct proxy for non-payment. [#SRC:091fac39c7e6e49b] [#TGT:43ecedb5d0451d08]",(b) the transformation of ratings into non-rent payment probability is intuitive; 12,"12. Even where tenants are rated by the firm the PD will not usually represent a direct read across to probability of non-payment due to, for example, model philosophy issues. Addressing this is likely to be a key area since many firms struggle with defining what divergence is expected between observed default rate and PD in different economic conditions in the mid-corporate space.",DPEL,,professional,UKFIN,mixed_difficulty,091fac39c7e6e49b,43ecedb5d0451d08,,,091fac39c7e6e49b,43ecedb5d0451d08,,,,,HV0120,cc08595658c186fc,ObliQA-XRef_Out_Datasets/final_large_merged/ObliQA-XRef-UKFIN-ALL/final.jsonl,,,,
5291250dbbe646b9,"When coordinating regulatory functions for an RFTS, how should responsibility be allocated between the PRA and the FCA for leading the process and issuing the certificate of financial resources to the court, including the exception where the transferee is an FCA solo regulated entity, and how is this coordination framework documented?","For an RFTS, the PRA is the default lead regulator for the overall process, and it is also the regulator responsible for specific regulatory functions connected with RFTS applications, including providing certificates under FSMA. [#TGT:39a1985ef6854457] However, there is a defined exception for the certificate of financial resources: where the transferee is an FCA solo regulated entity, the FCA (not the PRA) issues that certificate to the court. [#TGT:39a1985ef6854457] This allocation of responsibilities sits within a broader statutory context in which FSMA prescribes functions for both the PRA and the FCA in relation to RFTS, and the two regulators are expected to coordinate how they exercise those functions where there is common regulatory interest. [#SRC:5f2897ab41776611] The coordination framework is documented through a Memorandum of Understanding maintained by the PRA and the FCA, which describes each regulator’s role in exercising its FSMA functions on matters of common regulatory interest and explains how they intend to ensure those functions are exercised in a coordinated way. [#SRC:5f2897ab41776611]","FSMA 5 also prescribes certain statutory functions in relation to RFTS for both the PRA and FCA. In accordance with FSMA, the PRA and the FCA maintain a Memorandum of Understanding 6 which describes each regulator’s role in relation to the exercise of its functions under FSMA relating to matters of common regulatory interest and how each regulator intends to ensure the co-ordinated exercise of such functions.","The PRA will lead the process for the RFTS. As described above, the PRA will also be responsible for specific regulatory functions connected with RFTS applications including the provision of certificates under section 111 of FSMA. The only exception to this is when the transferee is an FCA solo regulated entity. In this instance, the FCA will issue the certificate of financial resources to the court.",DPEL,,professional,UKFIN,mixed_difficulty,5f2897ab41776611,39a1985ef6854457,,,5f2897ab41776611,39a1985ef6854457,,,,,HV0121,5291250dbbe646b9,ObliQA-XRef_Out_Datasets/final_large_merged/ObliQA-XRef-UKFIN-ALL/final.jsonl,,,,
ba2795f1c51b082e,"For a firm calculating the required margin of solvency for classes III and VII, how must the firm adjust that required margin when it covers a death risk, including where the required margin would otherwise be zero?","When a firm is determining the required margin of solvency for classes III and VII, it must use the calculation framework specified for those classes and then apply an additional adjustment if it covers a death risk. [#SRC:a3e39e9b0ab41484] Specifically, the required margin of solvency for classes III and VII must be calculated in accordance with the set of calculations referenced for those classes. [#SRC:a3e39e9b0ab41484] If the firm covers a death risk, it must add an extra amount to the required margin of solvency that it has arrived at under the relevant calculation routes, and this applies even if the required margin of solvency would otherwise be zero. [#TGT:d279a616f589ab73] The added amount is the sum produced by applying the specified calculation, but with the stated exclusions from that calculation applied for this purpose. [#TGT:d279a616f589ab73] In other words, the firm first computes the required margin of solvency for the relevant classes using the referenced class-based methodology, and then, where death risk is covered, increases that result by the separately computed add-on amount (computed using the specified calculation with the noted parts excluded). [#SRC:a3e39e9b0ab41484] [#TGT:d279a616f589ab73]",A firm must calculate the required margin of solvency in respect of classes III and VII in accordance with 3.2 to 3.4 .,"Where a firm covers a death risk, a sum arrived at by applying the calculation in 2.3 (but excluding for these purposes 2.3 (4) and (5)) must be added to the required margin of solvency , including a required margin of solvency of zero, arrived at under any of 3.2 and 3.3 .",DPEL,,professional,UKFIN,mixed_difficulty,a3e39e9b0ab41484,d279a616f589ab73,,,a3e39e9b0ab41484,d279a616f589ab73,,,,,HV0122,ba2795f1c51b082e,ObliQA-XRef_Out_Datasets/final_large_merged/ObliQA-XRef-UKFIN-ALL/final.jsonl,,,,
d6c5ac2d4ee8a8c1,"If the rules have to be applied across the whole group (with any needed changes), what does the firm need to do regularly about its governance system, and what should it do when it finds problems?","If the situation is one where the listed requirements are to be applied at the level of the group (with any necessary changes), the firm should treat the governance expectation as operating across the group rather than only within a single firm entity. [#SRC:bb599b0cccb14552] In that setting, the firm has an ongoing duty to keep its system of governance under review by monitoring it and regularly evaluating whether it is adequate and effective. [#TGT:819ccde69365886c] Where that monitoring and evaluation shows shortcomings, the firm must take appropriate measures to fix or otherwise address those deficiencies. [#TGT:819ccde69365886c] Read together, this means the firm’s regular governance checks and any corrective actions should be performed in a way that fits the group-level application of the requirements (i.e., adjusted as needed for the group context). [#SRC:bb599b0cccb14552] [#TGT:819ccde69365886c]","(1) Where 2.1(1) or 2.1(2) applies, the following requirements apply with any necessary changes at the level of the group : (1a) Conditions Governing Business 1A ; (a) Conditions Governing Business 2.2 to 2.6 ; (a1) Conditions Governing Business 2A.1 to 2A.6 ; (b) Conditions Governing Business 3 ; (b1) Conditions Governing Business 3A ; (c) Conditions Governing Business 4 ; (c1) Conditions Governing Business 4A ; (d) Conditions Governing Business 5 ; (e) Conditions Governing Business 6 ; (f) Conditions Governing Business 7 ; (f1) Conditions Governing Business 11A to 11F ; (g) Fitness and Propriety 2.1 to 2.3 , 4.1 , 4.3 and 4.4 ; (h) Allocation of Responsibilities 4 ; and (i) Key Function Holder – Notifications 2 to 6 , in accordance with 17.4 .","A firm must monitor, and on a regular basis evaluate, the adequacy and effectiveness of its system of governance and take appropriate measures to address any deficiencies.",DPEL,,basic,UKFIN,mixed_difficulty,bb599b0cccb14552,819ccde69365886c,,,bb599b0cccb14552,819ccde69365886c,,,,,HV0123,d6c5ac2d4ee8a8c1,ObliQA-XRef_Out_Datasets/final_large_merged/ObliQA-XRef-UKFIN-ALL/final.jsonl,,,,
c067ff1441e73431,"When setting a firm’s capital stack, how should the PRA buffer relate to the firm’s total capital requirement and the combined buffer, and what specific buffer components must be included when calculating the combined buffer (including any scope limitation for particular firms)?","A firm’s capital stack should be constructed so that the PRA buffer (Pillar 2B) sits on top of, and is held in addition to, both the firm’s total capital requirement and the combined buffer; its purpose is to absorb losses under a severe stress scenario while being set in a way that avoids duplicating what is already covered by the combined buffers. [#SRC:37bcd95fb7b21224] In this framework, the PRA buffer, the combined buffer, and the total capital requirement together form the PRA’s overall capital framework (i.e., the capital stack is the sum of these layers). [#SRC:37bcd95fb7b21224] To calculate the combined buffer layer that the PRA buffer must avoid duplicating, the combined buffer must include the Capital Conservation Buffer, the Countercyclical Buffer, and the buffer for global systemically important institutions. [#TGT:9c1fa36fe39c19a7] In addition, for ring-fenced banks and the largest building societies, the combined buffer also includes the other systemically important institutions buffer (O-SII buffer), meaning this component applies only within that stated firm scope. [#TGT:9c1fa36fe39c19a7]","The PRA buffer (also referred to as Pillar 2B) is an amount of capital firms should maintain in addition to their total capital requirement 32 (TCR) and the combined buffer. The PRA buffer absorbs losses that may arise under a severe stress scenario, while avoiding duplication with the combined buffers. Together the PRA buffer, the combined buffer 33 and the TCR make up the PRA’s capital framework as illustrated by the capital stack in Figure 2.","33. The combined buffer comprises the Capital Conservation Buffer (CCoB), the Countercyclical Buffer (CCyB), the buffer for global systemically important institutions (G-SIIs) and (for ring-fenced banks and the largest building societies) the other systemically important institutions buffer (O-SII buffer).",DPEL,,professional,UKFIN,mixed_difficulty,37bcd95fb7b21224,9c1fa36fe39c19a7,,,37bcd95fb7b21224,9c1fa36fe39c19a7,,,,,HV0124,c067ff1441e73431,ObliQA-XRef_Out_Datasets/final_large_merged/ObliQA-XRef-UKFIN-ALL/final.jsonl,,,,
ca019e83ad724f49,"When assessing whether a firm’s culture supports prudent management, what specific responsibilities does the board have, what behaviours are expected from individuals across the firm, and what indicators will the PRA look for to be satisfied that risk management and control functions have real influence—particularly in relation to challenging orthodoxies, understanding when viability is at risk, and taking timely action on risks?","A firm should be able to demonstrate a culture that supports prudent management, with clear accountability at both board and individual levels, and with risk management and control functions having genuine influence in decision-making. [#SRC:41637720a107d8eb] The board is expected to take responsibility for establishing, embedding, and maintaining the firm’s culture, rather than treating culture as an informal or delegated matter. [#TGT:6a3529e5c660df25] Individuals at all levels are expected to take responsibility for acting in a way that is consistent with the firm’s safety and soundness, and the firm’s remuneration and incentives should reinforce careful and prudent management. [#TGT:6a3529e5c660df25] In evaluating whether the culture is effective (without prescribing a single “right culture”), the PRA will look for evidence that boards and management understand the circumstances in which the firm’s viability would be in question, that accepted orthodoxies are actively challenged, and that risks are addressed on a timely basis. [#SRC:41637720a107d8eb] The PRA also wants to be satisfied that designated risk management and control functions carry real weight within the firm, which should align with the board-led cultural framework and individual responsibility expectations described above. [#SRC:41637720a107d8eb] [#TGT:6a3529e5c660df25]","The PRA expects firms to have a culture that supports their prudent management. The PRA does not have any ‘right culture’ in mind, rather it focuses on whether boards and management clearly understand the circumstances in which the firm’s viability would be under question, whether accepted orthodoxies are challenged, and whether action is taken to address risks on a timely basis. The PRA wants to be satisfied in particular that designated risk management and control functions carry real weight within firms 5 .","The PRA also expects that individuals, whatever their position in the firm, should take responsibility for acting in a manner consistent with its safety and soundness; that remuneration and incentive structures should reward careful and prudent management; that firms and individuals should deal with the PRA (and other regulators as appropriate) in an open and co-operative manner as set out in the PRA’s Fundamental Rules; and that the board takes responsibility for establishing, embedding and maintaining a firm’s culture 6 . The PRA seeks to address serious failings in the culture of firms as part of its approach to supervision.",DPEL,,professional,UKFIN,mixed_difficulty,41637720a107d8eb,6a3529e5c660df25,,,41637720a107d8eb,6a3529e5c660df25,,,,,HV0125,ca019e83ad724f49,ObliQA-XRef_Out_Datasets/final_large_merged/ObliQA-XRef-UKFIN-ALL/final.jsonl,,,,
d5e836ccef83eaa6,"If members are going to vote on a transfer, but the transferee society wants to approve its promise to take on the transferor society’s commitments through its committee of management (not a special vote), what must members be told before they vote, and what does the PRA look for before it agrees to that committee approach?","Members’ voting on a transfer should only happen after they have been given enough clear information to understand both the transfer terms and how their interests may be affected, and this member-information standard still matters even if the transferee society is asking for a committee of management resolution route for its undertaking. [#SRC:5417d16edd7906ff] The friendly society must ensure that, before votes are cast, members are clearly and fully informed of the terms on which the transfer is to take place and have all information needed to understand the effect on their interests; if information that is material to the decision is not made available to all members eligible to vote, the PRA may decide not to confirm the transfer. [#SRC:5417d16edd7906ff] If the society’s rules allow, delegates can vote, except on an affected members’ resolution. [#SRC:5417d16edd7906ff] On the transferee side, the PRA can allow the undertaking to fulfil the transferor society’s engagements to be approved by a committee of management resolution rather than a special resolution, but it will want comfort that the transfer is in the interests of members of both societies and that it will not mean a change of policy by the transferee society. [#TGT:39ca82df9578b7ff] The PRA is unlikely to allow this unless the transferee is significantly larger than the business being transferred. [#TGT:39ca82df9578b7ff]","Under the Friendly Societies Act 1992, members will normally have the opportunity to vote on a proposed transfer or amalgamation (save for the exceptions set out in 4.12 and 4.13 ). A friendly society has to ensure that, before casting their votes, its members are clearly and fully informed of the terms on which the amalgamation or transfer of engagements is to take place and that they have all the information needed to understand how their interests will be affected. If the society’s rules permit, delegates can vote except on an ‘affected members’ resolution’ under section 86. The PRA may not confirm an amalgamation or a transfer if it considers that information material to the members’ decision was not made available to all the members eligible to vote.","The PRA has discretion under section 86(3)(b) of the Friendly Societies Act 1992 to allow a transferee society to resolve to undertake to fulfil the engagements of a transferor society by resolution of the committee of management, rather than by special resolution. Among the issues that the PRA would wish to be satisfied on before exercising this discretion, are that the transfer will be in the interests of the members of both societies and that the transfer will not mean a change of policy by the transferee society. The PRA is unlikely to exercise this discretion unless the transferee is significantly larger than the business to be transferred.",DPEL,,basic,UKFIN,hard_enriched,5417d16edd7906ff,39ca82df9578b7ff,,,5417d16edd7906ff,39ca82df9578b7ff,,,,,HV0126,d5e836ccef83eaa6,ObliQA-XRef_Out_Datasets/final_large_merged/ObliQA-XRef-UKFIN-ALL/final.jsonl,,,,
6c8f72f9eb49197e,"When a firm is considering operating split desks, what should it do in relation to the PRA, and how might the PRA evaluate and respond to the firm’s proposed changes in light of its expectations about control over UK risks and booking model expectations?","If a firm is considering operating split desks, it should notify the PRA at the point split desks are being considered, reflecting that split desks are viewed as increasing operational risk because the same risk is managed in two locations and therefore requires greater oversight and coordination. [#SRC:4190cc2641fd48ce] In parallel, the firm should be prepared for the PRA to assess whether the proposed changes are compatible with the degree of control the PRA expects the firm to exercise over risks affecting the activities it carries on in the UK, with the extent and manner in which the PRA’s booking model expectations are met being an important factor in that assessment. [#TGT:7ed859d16f359ce8] If the PRA is not satisfied that the proposed changes are appropriate—taking into account the overall degree of integration or separation between the overseas and UK businesses, the controls in place, and other factors—then the PRA may impose conditions or restrictions on what the firm may do. [#TGT:7ed859d16f359ce8] The firm should also ensure that all relevant control functions are satisfied that the split desks are effectively managed, since this structure is not expected to be used extensively. [#SRC:4190cc2641fd48ce]","Split desk considerations: Split desks are associated with higher operational risks since the management of the same risk in two locations, rather than one, increases the extent of oversight and coordination needed. All the relevant control functions should be satisfied that the desks are effectively managed. A firm may need or choose to operate them in some circumstances, but the PRA does not expect this structure to be used extensively. Hence the expectation that firms will notify the PRA when split desks are being considered [ 4.25D - 4.25E above].","The PRA will assess whether the proposed changes are compatible with the degree of control it expects a firm to exercise over risks affecting the activities it carries on in the UK. The extent to which and manner in which the PRA’s booking model expectations (see below) are met will be an important factor in the PRA’s assessment. Where the PRA is not satisfied that the proposed changes are appropriate, taking into account the overall degree of integration or separation between the overseas and UK businesses, the controls in place and other factors set out in this SS, then the PRA may impose conditions or restrictions on what the firm may do. By way of illustration, some specific factors relevant to trading activities that the PRA may consider are:",DPEL,,professional,UKFIN,hard_enriched,4190cc2641fd48ce,7ed859d16f359ce8,,,4190cc2641fd48ce,7ed859d16f359ce8,,,,,HV0127,6c8f72f9eb49197e,ObliQA-XRef_Out_Datasets/final_large_merged/ObliQA-XRef-UKFIN-ALL/final.jsonl,,,,
083fc14d3daa3e6f,"If there is a transfer event, what is ‘Z B ’ meant to measure in the update, and how does the PRA say a firm can meet the requirement—unless it has a waiver or modification?","For a transfer event, the PRA expects the update to produce ‘Z B ’ as a ratio that captures the dynamic portion of the total TMTP after the transfer as a percentage of the dynamic BEL on the underlying business after the transfer, taking into account that it is subject to any adjustment referenced for that purpose. [#SRC:a2f66dc44340ad31] Firms must make sure the relevant requirement is followed unless they have been granted a waiver or modification under the stated permissions approach. [#TGT:b34bb4d4e11aa3c7] The PRA indicates this can be done in practice by adjusting the value of ‘Z B ’ or by adjusting ‘C 0 ’. [#TGT:b34bb4d4e11aa3c7] Putting these together: when you are working out how the ratio changes because of the transfer event, you use the post-transfer ‘Z B ’ definition for what the ratio represents, and you then ensure adherence by adjusting ‘Z B ’ (or ‘C 0 ’) unless the waiver/modification condition applies. [#SRC:a2f66dc44340ad31] [#TGT:b34bb4d4e11aa3c7]","The PRA expects that the update required by Transitional Measures on Technical Provisions 6 should result in ‘Z B ’, representing the dynamic portion of the total TMTP post transfer as a percentage of the dynamic BEL on the underlying business post transfer subject to any adjustment referred to in 3.7E below. For the purpose of determining how this ratio has changed due to a transfer event:","Firms must ensure that Transitional Measures on Technical Provisions 6.2 is adhered to, unless they have been granted a waiver or modification as set out in 3.3 of the SoP ‘Permissions for transitional measures on technical provisions and risk-free interest rates’. The PRA expects this can be achieved by adjusting the value for ‘Z B ’ or ‘C 0 ’.",DPEL,,basic,UKFIN,hard_enriched,a2f66dc44340ad31,b34bb4d4e11aa3c7,,,a2f66dc44340ad31,b34bb4d4e11aa3c7,,,,,HV0128,083fc14d3daa3e6f,ObliQA-XRef_Out_Datasets/final_large_merged/ObliQA-XRef-UKFIN-ALL/final.jsonl,,,,
6c71c40cbac54bce,"If there is a serious disruption, how should impact tolerances be used to help decisions, and what should the firm have already done (through mapping and testing) to check it can keep important business services within those tolerances in severe but plausible scenarios?","In a disruption, impact tolerances can be used as a decision aid, but they are not the only input: they should be considered alongside other information that is relevant to managing the incident effectively. [#SRC:51a4e8e33523d5d5] Separately, the firm is expected to be able to keep delivering its important business services within impact tolerances even in severe but plausible scenarios, and mapping and testing those services is what equips the firm to establish whether it can stay within tolerance and what changes may be needed to do so. [#TGT:0f14e9411e03a950] Linking these points, the same impact tolerance benchmarks that guide incident-time choices should also be used by boards and senior management to prioritise investment and to put recovery and response arrangements in place ahead of time, so that the firm’s mapped and tested capability aligns with staying within tolerance under stress. [#SRC:51a4e8e33523d5d5][#TGT:0f14e9411e03a950]","Impact tolerances provide a standard which boards and senior management should use for prioritising investment and making recovery and response arrangements (see Chapters 4 to 6 of this SS). They may be helpful in informing decision-making during operational disruptions, when they would be considered alongside other information relevant to managing an incident effectively.",The Operational Resilience Parts 17 require firms to ensure they are able to deliver their important business services within impact tolerances in severe but plausible scenarios. Mapping and testing the delivery of important business services will equip firms to establish whether and how they can remain within impact tolerances.,DPEL,,basic,UKFIN,hard_enriched,51a4e8e33523d5d5,0f14e9411e03a950,,,51a4e8e33523d5d5,0f14e9411e03a950,,,,,HV0129,6c71c40cbac54bce,ObliQA-XRef_Out_Datasets/final_large_merged/ObliQA-XRef-UKFIN-ALL/final.jsonl,,,,
f785a281ba3c0bbc,"When a firm’s recovery plan includes a communication plan for informing internal and external stakeholders during the recovery process, what governance alignment is expected for that communication plan, and what specific communication objectives should the plan address (including handling negative market reaction and wider financial system impact)?","A firm’s recovery plan is expected to embed a communication plan that both sets out what the firm will communicate during recovery and is governed in a way that aligns with how recovery actions are authorised and controlled. [#TGT:bb8b61ee7ed6c85d] Specifically, the governance procedures for the communication plan should be documented within the recovery plan and should match the governance procedures used to invoke the recovery plan itself, while also being consistent with the firm’s broader corporate governance for communications. [#SRC:b3cab0b6630c112c] If the communication plan’s governance differs from either the recovery-plan invocation governance or the firm’s wider communications governance, the firm should explain those differences. [#SRC:b3cab0b6630c112c] In terms of content and objectives, the communication plan should provide a clear strategy for disseminating timely and appropriate information to stakeholders, including both internal and external audiences, throughout the firm’s recovery process. [#TGT:bb8b61ee7ed6c85d] The plan should also address how the firm will manage potential negative market reactions to recovery options, how it will mitigate potential impacts of recovery options on the firm’s financial position and franchise, and how the approach is designed to minimise broader impacts on the financial system. [#TGT:bb8b61ee7ed6c85d]","Governance procedures for the firm’s communication plan (see ‘ (ix) Communication plan ’ below) should be captured by the recovery plan and be consistent with the governance procedures for invoking the recovery plan itself. They should also be consistent with the firm’s wider corporate governance for communications. Where this is not the case, the differences should be explained.","The recovery plan should include a communication plan to ensure that there is a clear strategy for managing the dissemination of timely and appropriate information to stakeholders (both internal and external) during the firm’s recovery process. In particular, firms should consider how they will manage any negative market reaction to recovery options, mitigate the potential impact of recovery options on the firm’s financial position and franchise, and detail how the approach seeks to minimise the impact on the financial system more widely.",DPEL,,professional,UKFIN,hard_enriched,b3cab0b6630c112c,bb8b61ee7ed6c85d,,,b3cab0b6630c112c,bb8b61ee7ed6c85d,,,,,HV0130,f785a281ba3c0bbc,ObliQA-XRef_Out_Datasets/final_large_merged/ObliQA-XRef-UKFIN-ALL/final.jsonl,,,,
d9c3713da950deb5,"When a firm is ensuring that the calculation of the probability distribution forecast produced by its internal model meets the specified compliance standard, what additional expectation applies regarding the principles for the methods and assumptions used in the internal model, and what must be done to demonstrate compliance?","A firm must ensure that its internal model—specifically including how it calculates the probability distribution forecast it generates—complies with the specified set of requirements. [#TGT:3ed819cc35a6fc9d] In doing so, the firm must also ensure that the methods and assumptions used in the internal model adhere to the principles set out in the Statistical Quality Standards (SQS) for internal models. [#SRC:f9ebadff53a4bf82] Beyond meeting those substantive requirements, the firm has an explicit evidencing obligation: compliance with the SQS requirements must be demonstrated to the PRA. [#SRC:f9ebadff53a4bf82] Practically, this means the firm’s compliance approach should link the probability distribution forecast calculation back to the underlying methods and assumptions and show that those methods and assumptions follow the relevant SQS principles, and then provide evidence of that compliance to the PRA. [#SRC:f9ebadff53a4bf82] The combined expectation is therefore twofold: (1) ensure the internal model’s probability distribution forecast calculation complies with the stated requirements, and (2) evidence to the PRA that the internal model’s methods and assumptions comply with the SQS principles. [#TGT:3ed819cc35a6fc9d] [#SRC:f9ebadff53a4bf82]",The Statistical Quality Standards (SQS) for internal models in Solvency Capital Requirement – Internal Models 11 and Solvency Capital Requirement – Internal Models 16.2 set out requirements on the principles that the methods and assumptions used in the internal model must adhere to. Compliance with those requirements must be evidenced to the PRA.,"A firm must ensure that its internal model and, in particular, the calculation of the probability distribution forecast generated by it, complies with 11.2 to 11.13 .",DPEL,,professional,UKFIN,hard_enriched,f9ebadff53a4bf82,3ed819cc35a6fc9d,,,f9ebadff53a4bf82,3ed819cc35a6fc9d,,,,,HV0131,d9c3713da950deb5,ObliQA-XRef_Out_Datasets/final_large_merged/ObliQA-XRef-UKFIN-ALL/final.jsonl,,,,
6c636537df6c2f62,"When a firm with a matching adjustment permission is determining technical provisions in a currency where the PRA does not publish the relevant calibration inputs, how must the firm ensure its proposed fundamental spread approach captures differences in credit quality by rating notch for an assigned asset that maps to credit quality steps 1 to 5?","In that situation, the firm must both (i) develop and defend its own technical information for the fundamental spread and (ii) apply a rating-notch adjustment for relevant assigned assets. Where the PRA does not publish the technical information needed for the MA calculation in a particular currency, it becomes the firm’s responsibility to propose technical information that meets Solvency II requirements and to justify the approach to its supervisor. [#SRC:8453fefed49631c2] In addition, for any assigned asset that has a credit rating or internal credit assessment of a comparable standard mapping to credit quality steps 1 to 5 (inclusive), the firm must adjust the fundamental spread that would otherwise be derived from the asset’s credit quality step so that it reflects the corresponding rating notch. [#TGT:9fdf13a401180fa3] The practical implication is that the firm’s self-proposed technical information cannot stop at a credit-quality-step level if it is to be used for such assigned assets; it must be capable (where possible and appropriate) of being adjusted to capture differences in credit quality by rating notch. [#SRC:8453fefed49631c2] The firm should be prepared to explain to its supervisor how its proposed calibration and the required notch-level adjustment work together to produce an MA fundamental spread that meets the applicable requirements. [#SRC:8453fefed49631c2][#TGT:9fdf13a401180fa3]","For the purposes of determining TPs, the FS calibrations used in the MA calculation are, in most cases, provided by the PRA in technical information produced in accordance with Matching Adjustment 4.10 to 4.15 . Where a firm has TPs in a particular currency for which the PRA does not publish technical information, it is the firm’s responsibility to propose technical information that complies with Solvency II requirements, and to justify this approach to its supervisor. 5 Firms are required to adjust this technical information (where possible and appropriate) to allow the FS to capture differences in credit quality by rating notch ( Matching Adjustment 6 ). Firms are required to apply additions to the FS for assets with highly predictable (HP) cash flows (as per Matching Adjustment 4.16 ) and can apply any further additions to the FS that they consider necessary to ensure it covers all risks retained by the firm (as per Matching Adjustment 4.17 ). No similar technical information is provided in order to calculate the SCR and the PRA expects firms to consider if and how any adjustments to the technical information, and additions to the FS, used to calculate TPs need to be updated in stress conditions.","Where an assigned asset has a credit rating or internal credit assessment of a comparable standard (within the meaning of 7.1(1) ) mapping to credit quality steps 1 to 5 (inclusive), a firm with a matching adjustment permission must make an adjustment to the fundamental spread derived from the credit quality step attributed to that asset in order to reflect the corresponding rating notch , in accordance with 6.3 and 6.4 .",DPEL,,professional,UKFIN,hard_enriched,8453fefed49631c2,9fdf13a401180fa3,,,8453fefed49631c2,9fdf13a401180fa3,,,,,HV0132,6c636537df6c2f62,ObliQA-XRef_Out_Datasets/final_large_merged/ObliQA-XRef-UKFIN-ALL/final.jsonl,,,,
34e2b915257abecc,"When assessing whether a special purpose vehicle located in Gibraltar or a third country can be treated as meeting the relevant regulatory expectations, what conditions must be satisfied regarding (i) oversight by a supervisory authority and equivalence of requirements, and (ii) the governance arrangements expected of a UK ISPV in light of the risks assumed and the authorised regulated activity?","To treat a special purpose vehicle in Gibraltar or a third country as meeting the relevant expectations, you must confirm both its external regulatory status and the governance standard that would apply in the UK context. [#SRC:012c29b081ac0f05] Specifically, the Gibraltar/third-country vehicle must be regulated by a supervisory authority in Gibraltar or that third country, and it must comply with requirements that are equivalent to the specified set of Insurance Special Purpose Vehicles requirements. [#SRC:012c29b081ac0f05] In parallel, the benchmark governance expectation for a UK ISPV is that it has an effective system of governance designed to ensure sound and prudent management, and that this system is appropriate to the nature, scale, and complexity of the risks the UK ISPV assumes as well as the regulated activity for which it is authorised. [#TGT:d90fd8705cd51108] Read together, this means an equivalence assessment for a non-UK vehicle should not stop at confirming supervision and formal equivalence; it should also consider whether the vehicle’s governance arrangements would meet the UK ISPV standard of effectiveness and proportionality to its risk profile and authorised activity. [#SRC:012c29b081ac0f05] [#TGT:d90fd8705cd51108]","(2) in the case of a special purpose vehicle in Gibraltar or a third country , it is regulated by a supervisory authority in Gibraltar or a third country , and complies with requirements equivalent to those set out in Insurance Special Purpose Vehicles 2 , 2A to 2D , and 5A.1 to 5A.4 .","A UK ISPV must have an effective system of governance which provides for the sound and prudent management of the UK ISPV and which is appropriate to the nature, scale and complexity of the risks it assumes and the regulated activity for which it is authorised.",DPEL,,professional,UKFIN,hard_enriched,012c29b081ac0f05,d90fd8705cd51108,,,012c29b081ac0f05,d90fd8705cd51108,,,,,HV0133,34e2b915257abecc,ObliQA-XRef_Out_Datasets/final_large_merged/ObliQA-XRef-UKFIN-ALL/final.jsonl,,,,
3bdf1c57377df0f9,"For an RFTS application, who runs the overall process, and who sends the financial resources certificate to the court if the transferee is only regulated by the FCA, considering the regulators’ agreement on how they coordinate shared-interest functions?","The PRA runs the overall RFTS process, but the FCA takes over issuing the financial resources certificate to the court when the transferee is an FCA solo regulated entity, within a wider coordination arrangement between the two regulators for RFTS-related functions. [#TGT:39a1985ef6854457] In general, the PRA leads the process for the RFTS and is responsible for specific regulatory functions connected with RFTS applications, including providing certificates. [#TGT:39a1985ef6854457] The stated exception is that, if the transferee is an FCA solo regulated entity, the FCA issues the certificate of financial resources to the court. [#TGT:39a1985ef6854457] This split of tasks aligns with the fact that both the PRA and the FCA have statutory functions in relation to RFTS and they maintain a Memorandum of Understanding that sets out each regulator’s role for functions involving common regulatory interest and explains how they intend to coordinate the exercise of those functions. [#SRC:5f2897ab41776611]","FSMA 5 also prescribes certain statutory functions in relation to RFTS for both the PRA and FCA. In accordance with FSMA, the PRA and the FCA maintain a Memorandum of Understanding 6 which describes each regulator’s role in relation to the exercise of its functions under FSMA relating to matters of common regulatory interest and how each regulator intends to ensure the co-ordinated exercise of such functions.","The PRA will lead the process for the RFTS. As described above, the PRA will also be responsible for specific regulatory functions connected with RFTS applications including the provision of certificates under section 111 of FSMA. The only exception to this is when the transferee is an FCA solo regulated entity. In this instance, the FCA will issue the certificate of financial resources to the court.",DPEL,,basic,UKFIN,hard_enriched,5f2897ab41776611,39a1985ef6854457,,,5f2897ab41776611,39a1985ef6854457,,,,,HV0134,3bdf1c57377df0f9,ObliQA-XRef_Out_Datasets/final_large_merged/ObliQA-XRef-UKFIN-ALL/final.jsonl,,,,
34051549c629fc2a,"If a firm chooses to produce one integrated document that combines its liquidity contingency plan (contingency funding plan) and its recovery plan, how should it align scenario testing in that recovery plan with existing stress testing capabilities, and what standard must the recovery-plan scenarios meet?","When a firm integrates its liquidity contingency plan (contingency funding plan) with its recovery plan into a single document, it should design scenario testing for the recovery plan in a way that leverages its established stress testing capabilities while still ensuring the recovery-plan scenarios are fit for purpose. [#TGT:d6da2dce246d82de] In practice, firms are encouraged to make their scenario-testing approach consistent with existing stress testing used for the Internal Capital Adequacy Assessment Process (ICAAP) and the Internal Liquidity Adequacy Assessment Process (ILAAP), and where relevant may also draw on work performed for the Bank’s previous concurrent stress test exercises. [#SRC:62cb42c43841e1d5] Even when leveraging those existing capabilities within an integrated document intended to support coherent alerting and response to liquidity stress, the firm should not treat reuse as sufficient by itself; it must ensure that the scenarios included in the recovery plan are relevant and sufficiently severe for testing the recovery plan. [#SRC:62cb42c43841e1d5] This approach supports the objective of a coherent process and risk management framework that the integrated-document expectation is intended to promote. [#TGT:d6da2dce246d82de]","Firms are encouraged to ensure their approach to scenario testing is consistent with – and leverage – their existing stress testing capabilities, such as those used for the Internal Capital Adequacy Assessment Process (ICAAP) and the Internal Liquidity Adequacy Assessment Process (ILAAP). Where relevant, this can include work done for the Bank’s previous concurrent stress test exercises (further detail on the interaction between these regimes is included in ‘ (xiii) Interaction with other relevant regimes and requirements ’ below). However, firms should ensure scenarios included in their recovery plan are relevant and sufficiently severe for testing the recovery plan.","Firms are strongly encouraged to combine their liquidity contingency plan 16 (also known as a contingency funding plan) and their recovery plan into one integrated document. This would ensure that the firm has a coherent process for being alerted to and addressing a liquidity stress and helps to ensure a coherent risk management framework. The PRA recognises that there may be some instances when it is necessary to maintain separate documents (eg due to requirements of local regulators), but expects this to be the exception and that any separate documents should be consistent with each other.",DPEL,,professional,UKFIN,hard_enriched,62cb42c43841e1d5,d6da2dce246d82de,,,62cb42c43841e1d5,d6da2dce246d82de,,,,,HV0135,34051549c629fc2a,ObliQA-XRef_Out_Datasets/final_large_merged/ObliQA-XRef-UKFIN-ALL/final.jsonl,,,,
178294b9c547ae34,"For a UK subsidiary of a group based outside of the UK, how should the recovery plan allocate governance and accountability so that (i) indicator monitoring and action are managed within a UK governance framework with clear escalation to group level, and (ii) a named executive under the SMR is accountable for the recovery plan and acts as the firm’s contact point with the authorities?","A UK subsidiary of a group based outside of the UK should structure its recovery plan so that UK-level governance for monitoring indicators and taking action is clearly defined, while also specifying when decisions are escalated to group level, and it should assign a single named executive under the SMR who is accountable for the recovery plan and related governance processes. [#SRC:540b8d2e62cc1fe2] The plan should include a UK governance framework that covers how indicators are monitored and how actions are triggered and managed, and for UK subsidiaries in non-UK groups it should also describe the points at which decisions would be escalated to group level. [#SRC:540b8d2e62cc1fe2] In parallel, because recovery planning is treated as a prescribed responsibility under the SMR, the firm should identify a named executive who is accountable for the recovery plan and resolution pack and who oversees the internal governance processes supporting them. [#TGT:084062e615cc02e8] That accountable executive director should also be identified as the firm’s contact point with the authorities on its recovery plan, and the PRA expects to hold this person accountable for the plan’s quality, usability for senior executives and board members in stress, improvements (including responding to PRA feedback), and engagement with the PRA on recovery planning matters. [#TGT:084062e615cc02e8] The subsidiary should also ensure it meets the SMR-related expectations on responsibilities referenced for such UK subsidiaries. [#SRC:540b8d2e62cc1fe2]","(vi) The plan should include a UK governance framework for monitoring the indicators and taking action where appropriate. For UK subsidiaries of groups based outside of the UK, in meeting expectations set out in Chapter 2 (viii) , the PRA expects firms to set out when decisions would be escalated to group level. In addition, the PRA expects UK subsidiaries of groups based outside of the UK to meet requirements set out in Chapter 2 (xiii) (c) in relation to responsibilities under the SMR.","Firms are reminded that recovery planning is a prescribed responsibility under the SMR which means that there should be a named executive at each firm that is accountable for the recovery plan and resolution pack and for overseeing the internal processes regarding their governance. 18 Firms should identify the accountable executive director responsible for the firm’s recovery plan and for acting as the firm’s contact point with the authorities on its recovery plan. The PRA has observed that this is typically the CEO, CFO or CRO. The PRA will hold this person accountable for the quality of the recovery plan, for the plan being structured so as to be usable by senior executives and board members in a stress, for making improvements to the recovery plan (including in response to the PRA’s feedback) and for the firm’s engagement with the PRA on recovery planning issues.",DPEL,,professional,UKFIN,hard_enriched,540b8d2e62cc1fe2,084062e615cc02e8,,,540b8d2e62cc1fe2,084062e615cc02e8,,,,,HV0136,178294b9c547ae34,ObliQA-XRef_Out_Datasets/final_large_merged/ObliQA-XRef-UKFIN-ALL/final.jsonl,,,,
db62c029d8c337c9,"If a firm is in a group, what does it need to have in place at group level to check whether important group business services can stay within impact tolerance during a major disruption, and when can it ignore the related group-level requirements because the parent company is based in a designated overseas jurisdiction for insurance group supervision?","When a firm is a member of a group in scope, it must make sure that the group has strategies, processes and systems that let the firm assess whether important group business services could stay within the impact tolerance if there is a severe but plausible disruption to operations. [#TGT:43a647fe4cce5cd9] Separately, there is a situation where certain group-level provisions do not apply: this is when the firm is a member of a group covered by the specified group category, the group’s parent undertaking has its head office in a third country that is an overseas jurisdiction designated for insurance group supervision (as described), and the stated condition about the application of the relevant paragraph is met. [#SRC:b6b6500b2b9939c8] So the firm should (1) confirm it is in the relevant type of group and (2) check the parent undertaking’s head-office location and whether it is in a designated overseas jurisdiction with the stated paragraph applying; only then can it treat those group-level provisions as not applying. [#SRC:b6b6500b2b9939c8] If that carve-out does not apply, the firm still needs the group-level capability to perform the impact-tolerance assessment for important group business services under severe but plausible disruption conditions. [#TGT:43a647fe4cce5cd9]","Where a firm is a member of a group covered by 2.1(3) , 22.2 , 22.3 and 22.4 do not apply if, the third country in which the group's parent undertaking has its head office is an overseas jurisdiction designated under regulation 11 in relation to regulation 14 of the IRPR regulations in respect of insurance group supervision and paragraph (3) of regulation 14 of the IRPR regulations applies.","Where a firm is a member of a group covered by 2.1(1) , 2.1(2) or, subject to 22.5 , 2.1(3) the firm must ensure that the strategies, processes and systems at the level of the group of which it is a member enable the firm to assess whether important group business services at the level of the group could remain within the impact tolerance in the event of a severe but plausible disruption to its operations.",DPEL,,basic,UKFIN,hard_enriched,b6b6500b2b9939c8,43a647fe4cce5cd9,,,b6b6500b2b9939c8,43a647fe4cce5cd9,,,,,HV0137,db62c029d8c337c9,ObliQA-XRef_Out_Datasets/final_large_merged/ObliQA-XRef-UKFIN-ALL/final.jsonl,,,,
e4e335cafbf931c3,"When a firm is determining its basic own funds and needs to reduce them because it holds participations in a financial and credit institution above the stated percentage threshold, what reduction is required and what should the firm do if it cannot apply the straightforward approach for allocating the resulting deduction across tiers of own funds?","In determining its basic own funds, a firm is required to make a reduction when it has participations in a financial and credit institution that exceed the specified threshold relative to the referenced items. [#TGT:0627964a494e4b18] Specifically, the firm must reduce its basic own funds by the full value of the participations that exceed 10% of the items included in the listed components. [#TGT:0627964a494e4b18] Because this reduction can create a deduction from own-funds that then needs to be reflected appropriately within the firm’s own-funds structure, the firm should also use the supporting guidelines for performing the calculations required by the relevant own-funds calculation framework. [#SRC:f70061d7218c187e] If a deduction from own-funds is necessary and the firm cannot apply the straightforward approach for allocating that deduction, it should follow the specified guideline that is intended to identify which tier of own-funds the adjustment should apply to. [#SRC:f70061d7218c187e] This links the mandatory reduction in basic own funds for qualifying participations above the threshold with the procedural expectation for handling cases where tier-allocation of the resulting deduction is not straightforward. [#SRC:f70061d7218c187e]","Firms should observe Guidelines 4 and 5 which support the carrying out of the calculations required by Own Funds 3K . Where a deduction from own-funds is necessary, and where a straightforward application of Own Funds 3K.5 is not possible, firms should follow Guideline 6 to identify the tier of own-funds to which the adjustment should apply.","A firm must, for the purpose of determining its basic own funds , reduce its basic own funds by the full value of participations , as referred to in 3K.6 , in a financial and credit institution that exceeds 10% of items included in 3A.1(1)(a) , 3A.1(1)(b) , 3A.1(1)(d) and 3A.1(1)(f) .",DPEL,,professional,UKFIN,hard_enriched,f70061d7218c187e,0627964a494e4b18,,,f70061d7218c187e,0627964a494e4b18,,,,,HV0138,e4e335cafbf931c3,ObliQA-XRef_Out_Datasets/final_large_merged/ObliQA-XRef-UKFIN-ALL/final.jsonl,,,,
23b812089577d748,"When setting up governance and prudential risk management arrangements, what must an insurer’s risk appetite/tolerance framework cover, and how must the firm’s risk-management system address risks across both individual and aggregated exposures on an ongoing basis?","An insurer should treat its risk appetite or tolerance as a core element of an effective governance and prudential risk management framework, and it must be supported by a risk-management system that continuously identifies, measures, monitors, manages, and reports risks both per-risk and in aggregate, including how risks relate to each other. [#SRC:e007010cf752bc53] [#TGT:9f2e6ec1c2bc29ca] To be complete, the insurer needs (i) a defined risk appetite/tolerance and (ii) a process and systems that operationalize that appetite through end-to-end risk handling and escalation to management or the board. [#SRC:e007010cf752bc53] The risk-management system must comprise strategies, processes, and reporting procedures that enable continuous risk identification, measurement, monitoring, management, and reporting, covering risks the firm is exposed to or could be exposed to. [#TGT:9f2e6ec1c2bc29ca] It must also address risks at an individual level and at an aggregated level, and capture interdependencies among those risks, so that aggregation and linkage effects are visible rather than assessed in isolation. [#TGT:9f2e6ec1c2bc29ca] In parallel, the insurer must have appropriate systems to convey risk information to management or the board, aligning reporting and escalation with the risk appetite/tolerance and the broader governance system. [#SRC:e007010cf752bc53]","Conditions Governing Business Chapters 2 and 3 , supplemented by Non-Solvency II Firms – Governance Chapters 2 , 3 and 7 require an insurer to establish an effective system of governance and prudential risk management systems. An insurer is required to have a risk appetite or tolerance for risk, a process to identify, measure, and monitor risk and appropriate systems to convey information to management or the board.","(1) A firm must establish, implement, and maintain an effective risk-management system comprising strategies, processes and reporting procedures necessary to identify, measure, monitor, manage and report on a continuous basis the risks, at an individual and at an aggregated level, to which it is or could be exposed, and their interdependencies.",DPEL,,professional,UKFIN,hard_enriched,e007010cf752bc53,9f2e6ec1c2bc29ca,,,e007010cf752bc53,9f2e6ec1c2bc29ca,,,,,HV0139,23b812089577d748,ObliQA-XRef_Out_Datasets/final_large_merged/ObliQA-XRef-UKFIN-ALL/final.jsonl,,,,
3f12528d544848aa,"For a contract where further specified premiums are payable by the policyholder, the contract is not a linked long-term contract of insurance, the policyholder is eligible to participate in any established surplus, and benefits (other than those arising from a distribution of surplus) are fixed from the outset by reference to the total premiums payable, when may an alternative valuation method be used and what outcome must be demonstrated for reserves?","In the scenario described—where further specified premiums are payable by the policyholder under a contract that is not a linked long-term contract of insurance, the policyholder can participate in any established surplus, and the relevant benefits are set from the outset by reference to the total premiums payable—the valuation approach applied to determine reserves may depart from the otherwise described method only if a specific safeguard is met. [#TGT:b59bd9a0020ac30e] Specifically, an alternative valuation method is permitted only where it can be demonstrated that using the alternative produces reserves that are not lower in aggregate than the reserves that would result from applying the method that would otherwise be used. [#SRC:0e0944866773b598] This means the firm must be able to evidence, on an aggregate basis, that the alternative method does not reduce the overall level of reserves compared with the baseline method, even though the contract features include ongoing specified premiums and surplus participation with benefits determined by reference to total premiums. [#TGT:b59bd9a0020ac30e] The key compliance condition is therefore not the contract design itself, but the requirement to demonstrate equivalence or conservatism in aggregate reserves relative to the baseline method before relying on the alternative approach. [#SRC:0e0944866773b598]","An alternative valuation method to that described in 9.1 to 9.3 may be used where it can be demonstrated that the alternative method results in reserves no less, in aggregate, than would result from use of the method described in 9.1 to 9.3 .","Where further specified premiums are payable by the policyholder under a contract (not being a linked long-term contract of insurance ) under which the policyholder is eligible to participate in any established surplus and benefits (other than benefits arising from a distribution of surplus) are determined from the outset in relation to the total premiums payable thereunder, then, subject to 9.4 and 10 :",DPEL,,professional,UKFIN,hard_enriched,0e0944866773b598,b59bd9a0020ac30e,,,0e0944866773b598,b59bd9a0020ac30e,,,,,HV0140,3f12528d544848aa,ObliQA-XRef_Out_Datasets/final_large_merged/ObliQA-XRef-UKFIN-ALL/final.jsonl,,,,
89852cc551e51d85,"If a friendly society is transferring to another friendly society and an actuary’s report from the transferee is needed (or might be demanded) to show solvency or an excess of assets over liabilities, when could the PRA ask for an extra report after members have voted, and what extra steps might that cause?","In a transfer to another friendly society, the PRA’s starting point is that an actuary’s report from the transferee is required in one set of circumstances to confirm it will meet the necessary margin of solvency, and the PRA may require an actuary’s report in another set of circumstances to confirm it will have an excess of assets over liabilities. [#TGT:ba58567331c57f62] Where such reports are required, the PRA may also ask for a supplementary report in certain instances, such as when there have been material financial or other developments after the members’ vote but before the confirmation hearing. [#SRC:fc9e80a67deee879] The PRA will look at the procedural impact of requesting that supplementary report on a case-by-case basis. [#SRC:fc9e80a67deee879] If the supplementary report reaches different conclusions from the first reports, the PRA notes this may mean more communications with affected members who can vote and/or more advertising. [#SRC:fc9e80a67deee879] If the changed conclusions are material enough, it may also result in needing another member vote. [#SRC:fc9e80a67deee879]","Where the reports detailed in paragraphs 4.5 and 4.6 are required, the PRA may request in certain instances that supplementary reports are produced, for example where there have been material financial or other developments subsequent to the members’ vote and prior to the confirmation hearing. In such instances, the PRA will consider the specific procedural implications of requesting a supplementary report on a case-by-case basis. For example, where the conclusions in the supplementary reports differ from those in the first reports the PRA notes this may necessitate further communications with affected members eligible to vote and/or additional advertising. Depending on the materiality of the conclusions reached, it may also lead to the requirement for a further member vote.","For a transfer to another friendly society, if the conditions of 87(1) and 87(2) of the Friendly Societies Act 1992 are met, a report is required from the appropriate actuary of the transferee to confirm that it will meet the necessary margin of solvency. Where the conditions of 87(1) and 87(3) are met, the PRA may require a report from the appropriate actuary of the transferee to confirm that it will have an excess of assets over liabilities.",DPEL,,basic,UKFIN,hard_enriched,fc9e80a67deee879,ba58567331c57f62,,,fc9e80a67deee879,ba58567331c57f62,,,,,HV0141,89852cc551e51d85,ObliQA-XRef_Out_Datasets/final_large_merged/ObliQA-XRef-UKFIN-ALL/final.jsonl,,,,
4444ef76b67c9f81,"When a firm seeks a subsequent variation of its MA permission, what must the written application include regarding documentary evidence and how must changes be presented and confirmed, including any specific method for signposting changes?","For a subsequent variation of MA permission, the firm is expected to submit a written application that includes both a short description of the proposed changes and documentary evidence that has been updated from the suite supporting the existing permission. [#TGT:84f7883e3f0125f9] In addition, the PRA will still require the application to be accompanied by documentary evidence, and where the application is a change in scope, the changes must be signposted in the manner described for that purpose. [#SRC:974d2778f8f27567] Practically, the updated documentary evidence should be prepared so that any differences from what was previously submitted are clearly highlighted using a ‘track changes’ approach. [#TGT:84f7883e3f0125f9] The firm should also include, within its short description of the changes, an explicit confirmation that all changes to its application have been displayed as ‘track changes’ and that no other changes have been made beyond those shown. [#TGT:84f7883e3f0125f9] This combination of a written application with accompanying evidence, plus clearly signposted amendments (including for change in scope applications), is intended to reduce administrative and operational burden while ensuring the PRA can readily identify what has changed. [#SRC:974d2778f8f27567] [#TGT:84f7883e3f0125f9]","The PRA will still require firms to submit a written application as set out in Chapter 2 of this SoP, including accompanying documentary evidence and, for a change in scope application, changes signposted as described in paragraph 2.18 of this SoP.","To ease the administrative and operational burden on both firms and the PRA, the PRA expects a firm to update the suite of documentary evidence covering its initial MA permission, for each subsequent variation of that permission. Applications for a variation of MA permission should cover a short description of the proposed changes together with an updated suite of documentary evidence, where the changes to this evidence from that previously submitted to the PRA to support the existing permission are clearly signposted using ‘track changes’. The firm should clearly confirm, in its short description of the changes, that all changes to its application have been displayed as ‘track changes’ and that no other changes have been made.",DPEL,,professional,UKFIN,hard_enriched,974d2778f8f27567,84f7883e3f0125f9,,,974d2778f8f27567,84f7883e3f0125f9,,,,,HV0142,4444ef76b67c9f81,ObliQA-XRef_Out_Datasets/final_large_merged/ObliQA-XRef-UKFIN-ALL/final.jsonl,,,,
ee770fb3dba5d8d8,"If a firm learns that another company in its group (not covered by Own Funds 5) plans to issue something the firm wants to count as basic own funds for the group SCR, what does the firm need to tell the PRA, and what happens if the firm changes the details before the item is issued?","The firm must write to the PRA as soon as it becomes aware that another member of its group (which is not subject to Own Funds 5) intends to issue an item that the firm intends to include within the basic own funds forming the own funds eligible for the group SCR. [#TGT:a69fc1cead7ea616] If the firm has already made that initial notification and then, before the item is issued, it proposes to change any of the information it previously submitted, it must send another written notification covering the change, and it must do this without delay. [#SRC:b15834f057327c97] Put together, the timing is important: the first message is triggered by the firm becoming aware of the issuing undertaking’s intention, and the second message is triggered by the firm proposing changes to what it already told the PRA during the period after the initial notice but prior to issuance. [#TGT:a69fc1cead7ea616] [#SRC:b15834f057327c97]","If after an initial notification under 6.2 , but prior to an item’s issuance, a firm proposes to change the information previously submitted, it must provide a further written notification of that change without delay.","(1) Subject to 6.5 , a firm must notify the PRA in writing of the intention of another member of its group which is not subject to Own Funds 5 to issue an item which it intends to include within the basic own funds forming the own funds eligible for the group SCR , as soon as it becomes aware of the intention of the issuing undertaking .",DPEL,,basic,UKFIN,hard_enriched,b15834f057327c97,a69fc1cead7ea616,,,b15834f057327c97,a69fc1cead7ea616,,,,,HV0143,ee770fb3dba5d8d8,ObliQA-XRef_Out_Datasets/final_large_merged/ObliQA-XRef-UKFIN-ALL/final.jsonl,,,,
a776cc115877ed4c,"If an asset has both economic risk and event risk, what approach should a firm follow, and if it has good data to model event-driven cash flow swings more carefully, what level of provision does the PRA say is broadly in line with an 85th-percentile outcome for a fatter-tailed distribution?","Where an asset exposure includes both economic and event risk, the firm should use the standard approach that matches the dominant risk in that exposure. [#SRC:957d2122eefbf855] Separately, if the firm has more complete credible data that supports more sophisticated modelling of event-driven cash flow variability, the PRA indicates that these event-driven risks are more likely to be represented by fatter-tailed distributions and explains a practical equivalence for setting an adequate provision. [#TGT:24cba8bb8769696c] The PRA considers that a provision equal to one quarter of the difference in MA benefit between median cash flows and worst cash flows is broadly equivalent to targeting the 85th percentile of a fatter-tailed distribution. [#TGT:24cba8bb8769696c] The PRA further indicates that this level of provision would likely demonstrate adequate provision for the additional retained cash flow variability risks. [#TGT:24cba8bb8769696c] Putting these together, the firm should first decide which standard approach applies by identifying the dominant risk (economic or event) for the asset, and then—if it is using credible data to support more sophisticated modelling of event-driven variability—use the quarter-of-the-median-to-worst MA benefit difference as the PRA’s benchmark for adequacy against a fatter-tailed 85th-percentile target. [#SRC:957d2122eefbf855] [#TGT:24cba8bb8769696c]","The PRA has set out expectations in paragraphs 5.23 to 5.25 below for standard approaches for economic and event risk exposures. For assets with both economic and event risk exposures, firms should follow the approach for the dominant risks. For pooled asset exposures where the underlying assets are exposed to economic risks but where there is sufficient evidence of predictability, firms may propose to apply the standard approach to the FS addition for event risks.","The PRA considers that event-driven cash flow variability risks are more likely to be best represented by fatter-tailed distributions. Where more complete credible data becomes available to support more sophisticated modelling, the PRA considers that a provision of one quarter of the difference in MA benefit from median to worst cash flows is broadly equivalent to targeting the 85th percentile of a fatter-tailed distribution and that this would likely demonstrate adequate provision for the additional retained cash flow variability risks.",DPEL,,basic,UKFIN,hard_enriched,957d2122eefbf855,24cba8bb8769696c,,,957d2122eefbf855,24cba8bb8769696c,,,,,HV0144,a776cc115877ed4c,ObliQA-XRef_Out_Datasets/final_large_merged/ObliQA-XRef-UKFIN-ALL/final.jsonl,,,,
04550da1629d09ad,"If a firm is small and has a simple business model, can its solvent exit analysis be shorter, and what parts of the analysis are likely to be smaller or simpler compared with a bigger, more complex firm?","Yes. The amount of detail in a solvent exit analysis is expected to match the firm’s nature, scale, and complexity, so a smaller and simpler firm can reasonably prepare a shorter analysis than a larger, more complex firm. [#SRC:2a3666ddbe534cd1][#TGT:81ad87350f8e63bb] For a smaller firm with a simple business model, the analysis may be shorter because it may need to cover a smaller range of solvent exit indicators, set out a more limited number of solvent exit actions, and describe simpler governance arrangements. [#TGT:81ad87350f8e63bb] This is an application of the proportionality expectation: the analysis should not be more detailed than is justified by the firm’s scale and complexity, but it should still reflect the firm’s own indicators, actions, and governance in a way that fits its circumstances. [#SRC:2a3666ddbe534cd1][#TGT:81ad87350f8e63bb] Where a firm is larger or more complex, the same proportionality principle implies that more detail may be needed to address a broader set of indicators, actions, and governance arrangements. [#SRC:2a3666ddbe534cd1][#TGT:81ad87350f8e63bb]","The level of detail in the solvent exit analysis should be proportionate to the nature, scale, and complexity of the firm. 18 A firm may find it helpful to include the solvent exit analysis as a discrete section in its recovery plan, but may set out the solvent exit analysis separately if the firm finds it appropriate","18. For example, a smaller firm with a simple business model may produce a shorter solvent exit analysis than a larger, more complex firm, given that the smaller firm may have a smaller range of solvent exit indicators, a more limited number of solvent exit actions, and simpler governance arrangements.",DPEL,,basic,UKFIN,hard_enriched,2a3666ddbe534cd1,81ad87350f8e63bb,,,2a3666ddbe534cd1,81ad87350f8e63bb,,,,,HV0145,04550da1629d09ad,ObliQA-XRef_Out_Datasets/final_large_merged/ObliQA-XRef-UKFIN-ALL/final.jsonl,,,,
742e4ef5df6fdb52,"If the Chief Actuary is choosing a method for the TMTP projected risk margin portion and dynamic portion, what does the method need to match, and how should it reflect how complex the firm’s insurance and reinsurance risks are?","For the TMTP method used to calculate the projected risk margin portion and the dynamic portion, the Chief Actuary may choose an appropriate methodology, but it must be consistent with the calculation of Technical Provisions and with the relevant principles referenced for Technical Provisions further requirements. [#SRC:150a80115b4cbf41] Separately, the firm must calculate technical provisions using methods that are proportionate to the nature, scale, and complexity of the risks underlying its insurance and reinsurance obligations. [#TGT:df6dca1e4bdffda8] Putting these together, the Chief Actuary’s TMTP methodology choice should fit within the firm’s Technical Provisions calculation framework and principles, while also being applied in a way that is proportionate to the firm’s underlying risk profile (how big and complex the risks are, and what kind they are). [#SRC:150a80115b4cbf41] [#TGT:df6dca1e4bdffda8]","For the TMTP method when calculating the projected risk margin portion and dynamic portion as set out in Transitional Measures on Technical Provisions 5.2 , the Chief Actuary may select appropriate methodologies consistent with the calculation of Technical Provisions and the principles set out in chapter 27 of the Technical Provisions – Further Requirements Part of the PRA Rulebook.","A firm must use methods to calculate technical provisions which are proportionate to the nature, scale and complexity of the risks underlying their insurance and reinsurance obligations.",DPEL,,basic,UKFIN,hard_enriched,150a80115b4cbf41,df6dca1e4bdffda8,,,150a80115b4cbf41,df6dca1e4bdffda8,,,,,HV0146,742e4ef5df6fdb52,ObliQA-XRef_Out_Datasets/final_large_merged/ObliQA-XRef-UKFIN-ALL/final.jsonl,,,,
05d2357faeb548e9,"For a G-SII making disclosures that fall within Titles II and III, what is the required publication approach and what is the latest deadline after the end of the relevant period for making the specific disclosures that are required under the referenced disclosure obligation?","A G-SII must both (i) follow the prescribed publication approach for disclosures that fall within Titles II and III and (ii) meet a specific end-of-period deadline for the particular set of disclosures in scope. Institutions are required to publish the disclosures required under Titles II and III using the manner specified in the referenced publication framework. [#TGT:a2135b9576433803] Separately, for G-SIIs, the information that is required under the referenced disclosure obligation must be disclosed no later than four months after the end of the period to which that information relates. [#SRC:7d9ddc368d96439f] Read together, where the G-SII’s relevant disclosures are within Titles II and III and include the specified information, the institution should publish those disclosures using the stated manner while ensuring that the specified information is made public within the four-month window measured from the end of the relevant reporting period. [#TGT:a2135b9576433803] [#SRC:7d9ddc368d96439f]","By way of derogation from the second paragraph of Article 433, G-SIIs shall disclose the information required under Article 441 within four months after the end of the period to which the information relates.","Institutions shall publish the disclosures required under Titles II and III in the manner set out in Articles 433a , 433b and 433c .",DPEL,,professional,UKFIN,hard_enriched,7d9ddc368d96439f,a2135b9576433803,,,7d9ddc368d96439f,a2135b9576433803,,,,,HV0147,05d2357faeb548e9,ObliQA-XRef_Out_Datasets/final_large_merged/ObliQA-XRef-UKFIN-ALL/final.jsonl,,,,
ea7de73af61bc865,"If a critical third party has to show regulators it can meet the requirements, what does it need to do with what it learns from operational incidents and from testing and exercising (including testing and exercising done under a specific framework) to support that showing?","To support showing regulators that it can meet the requirements, a critical third party should be able to point to implemented improvements that come from what it learned during operational incidents and during testing and exercising. [#TGT:2d682f43e1f6ff70] The relevant expectation is not just to run tests or note incident outcomes, but to implement the lessons learned from CTP operational incidents and from any testing and exercising it undertakes, expressly including testing and exercising carried out under the referenced framework. [#SRC:ea54bf2b51940c0a] In other words, the demonstration to regulators should connect the “learning” sources (incidents and exercises) to real actions taken (changes put in place), because the ability to demonstrate compliance is about evidencing capability, not merely describing intentions. [#TGT:2d682f43e1f6ff70] This approach should cover lessons from all testing and exercising the critical third party performs, and it should not exclude the testing and exercising undertaken under the specified framework, since those are explicitly within scope of the lessons-to-implementation requirement. [#SRC:ea54bf2b51940c0a]","(4) implementing lessons learned from CTP operational incidents and any testing and exercising undertaken, including but not limited to that undertaken in accordance with 5 ;",A critical third party must be able to demonstrate to the regulators its ability to comply with this Part.,DPEL,,basic,UKFIN,hard_enriched,ea54bf2b51940c0a,2d682f43e1f6ff70,,,ea54bf2b51940c0a,2d682f43e1f6ff70,,,,,HV0148,ea7de73af61bc865,ObliQA-XRef_Out_Datasets/final_large_merged/ObliQA-XRef-UKFIN-ALL/final.jsonl,,,,
e94e94961406c1d2,"After the PRA has granted a permission, if a firm expects it soon will not continue to meet the ongoing conditions attached to that permission and promptly notifies the PRA, what discretion does the PRA have regarding revoking or modifying the permission upon receiving such notifications?","Where a permission has been granted and the relevant conditions are treated as continuing obligations that must be met on an ongoing basis, the firm is expected to notify the PRA promptly if it does not, or anticipates it soon will not, continue to meet any of those conditions for as long as the permission remains effective. [#TGT:0df24170860e6ba3] When the PRA receives the notifications described in the specified notification paragraphs, it has discretion to decide not to revoke or modify the permission it granted, even though the notification relates to a potential or actual failure to continue meeting those ongoing conditions. [#SRC:75e4f6a4b365751b] In practice, this means the firm’s prompt notification about an expected or actual lapse in continuing conditions is an expected step during the life of the permission, but receipt of that notification does not automatically require revocation or modification; the PRA may choose to leave the permission unchanged. [#TGT:0df24170860e6ba3] [#SRC:75e4f6a4b365751b]",The PRA may decide not to revoke or modify a permission that it has granted when it receives the notifications set out in paragraphs 3.3 to 3.5 above.,"Unless otherwise stated, the conditions set out in PRA rules and in this SoP should be thought of as continuing conditions which firms need to satisfy on an ongoing basis. After the PRA has granted a permission, it expects that the firm promptly notifies it if it does not, or expects that it soon will not, continue to meet any of those conditions for as long as the permission remains effective.",DPEL,,professional,UKFIN,hard_enriched,75e4f6a4b365751b,0df24170860e6ba3,,,75e4f6a4b365751b,0df24170860e6ba3,,,,,HV0149,e94e94961406c1d2,ObliQA-XRef_Out_Datasets/final_large_merged/ObliQA-XRef-UKFIN-ALL/final.jsonl,,,,
7394abdceba58c95,"If the PRA is worried about a firm’s culture (like weak governance, bad incentives, low risk awareness, or people not challenging senior management), what extra step can it take to help spot concerns, and what does the PRA treat as a “sound risk culture” in that context?","Where the PRA is looking for signs of cultural weakness, it can use a skilled person report as an extra step to further help it identify concerns. [#TGT:a25861a4ea87d83f] This is relevant because the PRA’s culture assessment already focuses on specific areas—governance, incentives, risk awareness, and whether there is an ability to challenge senior management—so an additional report can be used to add depth to those same themes. [#SRC:c3370c674393dee1] In judging what “good” looks like, the PRA has contributed to supervisory guidance that describes a sound risk culture as one that supports appropriate risk awareness, behaviours, and judgements about risk-taking, and that operates within a strong risk governance framework. [#SRC:c3370c674393dee1] Taken together, the skilled person report functions as a practical mechanism the PRA may use to develop or confirm its view on whether the firm’s culture matches those sound-risk-culture characteristics, while also helping it pinpoint concerns tied to the factors the PRA considers when identifying cultural failings. [#SRC:c3370c674393dee1] Further detail on the report’s use is indicated as provided elsewhere. [#TGT:a25861a4ea87d83f]","The PRA considers a variety of factors to identify failings in culture, including governance, incentives, risk awareness, and the ability to challenge senior management. The PRA also contributed to development of the Financial Stability Board’s Guidance on Supervisory Interaction with Financial Institutions on Risk Culture 7 , which identified a sound risk culture as one that supports appropriate risk awareness, behaviours and judgements about risk-taking within a strong risk governance framework.",A skilled person report may also be used to further help the PRA identify concerns. Further details are given in the next section.,DPEL,,basic,UKFIN,hard_enriched,c3370c674393dee1,a25861a4ea87d83f,,,c3370c674393dee1,a25861a4ea87d83f,,,,,HV0150,7394abdceba58c95,ObliQA-XRef_Out_Datasets/final_large_merged/ObliQA-XRef-UKFIN-ALL/final.jsonl,,,,
704e8007566eba2b,"For the obligation to disclose appropriately information that the FCA or PRA would reasonably expect notice of, which persons are within scope given that the requirement applies only to a person in the specified set of categories?","The duty to disclose appropriately any information that the FCA or PRA would reasonably expect to be notified of applies only where the individual is within the limited scope described in the source passage. In other words, you must first confirm that the relevant individual is “a person in (2)(a), (b), (e) or (f)” because the source makes clear that the provision applies only to that defined group [#SRC:d1f59ce90997f3d1]. If the individual falls within that scope, then the target obligation applies: the person must make an appropriate disclosure of any information that the FCA or PRA would reasonably expect notice of [#TGT:34a5a857f0439e3b]. If the individual does not fall within the specified categories, the source indicates the provision does not apply to them, and therefore the disclosure obligation described in the target should not be treated as applying via that scoped provision [#SRC:d1f59ce90997f3d1]. Practically, compliance should (i) identify whether the person is within the specified categories, and (ii) for those in scope, ensure processes exist to identify information the FCA or PRA would reasonably expect and to disclose it appropriately [#TGT:34a5a857f0439e3b].","(4) 3.4 only applies to a person in (2)(a), (b), (e) or (f).",Senior Manager Conduct Rule 4: You must disclose appropriately any information of which the FCA or PRA would reasonably expect notice.,SCHEMA,,professional,UKFIN,mixed_difficulty,d1f59ce90997f3d1,34a5a857f0439e3b,,,d1f59ce90997f3d1,34a5a857f0439e3b,,,,,HV0151,704e8007566eba2b,ObliQA-XRef_Out_Datasets/final_large_merged/ObliQA-XRef-UKFIN-ALL/final.jsonl,,,,
b48c7c47f3497d55,"When a firm discovers that it has breached MA eligibility conditions only after the breach has occurred, how must the firm determine when the two‑month remediation window begins, and how does that timing interact with the requirement to start reducing the MA if non-compliance continues beyond two months? In that scenario, what procedural steps should the firm take to remedy the breach (including where assets or liabilities fall outside the scope of the existing MA permission) and what must it do before stopping any MA reduction?","If a breach of MA eligibility conditions is only identified or confirmed after it occurred, the firm should treat the two‑month period for remedying the breach as starting when the breach is detected or confirmed to have happened, with the PRA assessing the circumstances case by case [#SRC:512217c01b854b7e]. The remedial actions required within that window depend on the breach’s features; for example, if assets or liabilities have been included that are outside the scope of the existing MA permission, the firm may need to remove them from the portfolio while it makes a new MA application [#SRC:512217c01b854b7e]. If the firm remains non-compliant on an ongoing basis such that it is required to reduce the MA, it must begin reducing the MA immediately once two months have elapsed from the date of non-compliance, applying a 10% reduction factor (in bps) and then an additional 10% for each further month of continued non-compliance, calculated against the unadjusted MA using the current level of MA [#TGT:e9a9fe36f36ae205]. Any reduction ceases once compliance is restored, and the firm is expected to discuss with its usual supervisory contact whether the breach has been satisfactorily resolved before removing the reduction [#TGT:e9a9fe36f36ae205].","The PRA will consider the circumstances of a firm’s possible breach of MA eligibility conditions on a case-by-case basis. In cases where a breach is reasonably only determined after the date it has occurred (eg either identified by the firm or notified to the firm by the PRA), the two month period to remedy a breach of the MA eligibility conditions starts from the point at which the breach is detected or confirmed to have happened. The action(s) required to remedy the breach within that period (and hence, subject to the considerations in paragraph 8.1B above, avoid a reduction in the MA) will also depend on the circumstances of the breach; for example, in the event of assets or liabilities being included in the portfolio that are not covered by the scope of the existing MA permission, the remedy could be to remove the assets or liabilities from the portfolio pending making a new MA application.","Where a firm is required to reduce the MA for ongoing non-compliance with the MA eligibility conditions, in accordance with Matching Adjustment 13.5 , the firm is required to reduce the MA (expressed in bps) by a factor of 10%, commencing immediately two months from the date of non-compliance (subject to paragraph 8.3 below). The firm will be required to continue to reduce the MA by an additional 10% for each further month that it remains non-compliant, where the reduction factor of 10% is applied to the level of unadjusted MA. The PRA notes that the MA referenced in the rule is dynamic; for the purposes of calculating the reduced MA benefit, the PRA expects a firm to use the current level of MA. The PRA will consider the features of the breach of MA eligibility conditions and the firm’s risk management framework on a case-by-case basis. As a result, the PRA may ultimately determine that the MA should be reduced by a factor higher than 10% each month, or, conversely, may be willing to adopt a more flexible approach through the use of its supervisory powers. A reduction of the MA will cease to apply once the firm restores compliance with MA eligibility conditions. The PRA expects that the firm will discuss with its usual supervisory contact whether a particular breach has been satisfactorily resolved before removing a reduction to its MA.",SCHEMA,,professional,UKFIN,mixed_difficulty,512217c01b854b7e,e9a9fe36f36ae205,,,512217c01b854b7e,e9a9fe36f36ae205,,,,,HV0152,b48c7c47f3497d55,ObliQA-XRef_Out_Datasets/final_large_merged/ObliQA-XRef-UKFIN-ALL/final.jsonl,,,,
9bdadc01ea707d39,"If a society is being taken over (its business is transferred to an existing company), how should it work out the Statutory Cash Bonus using the latest balance sheet and the member’s shares on the Qualifying Day, especially if the Transfer Statement is sent near the year end and the Annual Report and Accounts (or half-yearly results) affect what counts as the latest balance sheet? Also, when can the PRA require that no bonus is paid or that a smaller bonus is paid?","For a takeover where a society transfers its business to an existing company, the society should calculate the Statutory Cash Bonus by taking the ratio of the society’s reserves to its total liability to members in respect of shares, as shown in the latest balance sheet, and applying that ratio to the value of the shares held by the member on the Qualifying Day [#TGT:6e6626d8e0f6b007]. The society should align this calculation with the transaction timing: if a Transfer Statement is approved and sent to members just before, or shortly after, the end of the society’s financial year, it matters that the Annual Report and Accounts for that year will have been published by the vesting date, which is when qualifying membership must be established and the bonus is due to be paid; in that situation, the “latest balance sheet” is the one published in the most recent Annual Accounts [#TGT:6e6626d8e0f6b007]. The same kind of timing issue may also arise when the society publishes half-yearly results [#TGT:6e6626d8e0f6b007]. Even if the calculation would otherwise produce a payment, the PRA may direct, based on what is equitable between members, that no Statutory Cash Bonus is paid or that a lesser amount is paid when it confirms the transfer in a takeover [#SRC:fc03d66ef75da373].","The PRA may direct, however, where it confirms a transfer of a society’s business to an existing company (ie only in a takeover), that no Statutory Cash Bonus is paid or that a lesser amount is paid than that referred to in paragraph 4.50 , having regard to what is equitable between the members.","The bonus is to be calculated as that proportion which the society’s reserves bear to its total liability to its members in respect of shares, as shown in the latest balance sheet of the society, applied to the value of the shares held by the member on the Qualifying Day. If a Transfer Statement is approved and sent to the members just before, or shortly after, the end of the financial year of the society, it will be important to note that the Annual Report and Accounts for the year will have been published by the vesting date, when qualifying membership has to be established and the bonus is due to be paid. In those circumstances, ‘the latest balance sheet of the society’ will be that published in the most recent Annual Accounts. The same considerations may apply when a society publishes half-yearly results.",SCHEMA,,basic,UKFIN,mixed_difficulty,fc03d66ef75da373,6e6626d8e0f6b007,,,fc03d66ef75da373,6e6626d8e0f6b007,,,,,HV0153,9bdadc01ea707d39,ObliQA-XRef_Out_Datasets/final_large_merged/ObliQA-XRef-UKFIN-ALL/final.jsonl,,,,
ce0341239bea4a0c,"If a firm is an international bank or a UK trading bank, what does it need to do with its booking arrangements to meet the PRA’s expectations on prudent conduct of business and on risk management and resolvability, and how does the PRA’s proportional approach based on the firm’s investment banking or sales and trading activity affect what is expected?","If the firm is an international bank or a UK trading bank, the PRA’s expectations for booking arrangements apply to it, and the PRA will apply those expectations in a way that is proportionate to the level of investment banking or sales and trading activity the firm undertakes [#SRC:8a9b8ceafce61236]. Within that scope, the firm should organise its booking arrangements so they help it meet the threshold condition on the prudent conduct of business and support the organisational requirements relating to risk management and resolvability that the PRA links to booking-arrangements organisation [#TGT:9efcdb7da1784680]. The firm should also be prepared to notify the PRA when it plans material changes to its booking arrangements that could affect how its risk management operates, because the PRA expects firms to inform it in those circumstances [#TGT:9efcdb7da1784680]. In practice, this means the firm should treat the booking-arrangements expectations as applicable across both bank types, but calibrate how it implements and evidences them in line with the scale of its relevant activities, while still ensuring the arrangements are organised to support prudent conduct, risk management, and resolvability outcomes and that material, risk-management-impacting changes are communicated to the PRA [#SRC:8a9b8ceafce61236] [#TGT:9efcdb7da1784680].","The expectations of a firm’s booking arrangements set out in this section are applicable to all international banks and UK trading banks. Paragraphs 4.24A - 4.25Z and 4.25AE are applicable to both types of bank, paragraphs 4.25AA - 4.25AD are applicable only to international banks [see para 1.1 ]. The PRA will apply these expectations in a manner that is proportionate to the level of investment banking or sales and trading activity that the firm undertakes.","The PRA has a number of expectations concerning how international banks and UK trading banks should organise their booking arrangements in order to meet the threshold condition on the prudent conduct of business, their obligations under Fundamental Rules 3 , 5 , 6 and 8 , and under the General Organisational Requirements (GOR) relating to risk management and resolvability. The PRA also has an expectation under Fundamental Rule 7 and General Notification Requirement 2.3(1) that a firm should inform the PRA when it plans to make material changes to its booking arrangements that could impact how its risk management operates.",SCHEMA,,basic,UKFIN,mixed_difficulty,8a9b8ceafce61236,9efcdb7da1784680,,,8a9b8ceafce61236,9efcdb7da1784680,,,,,HV0154,ce0341239bea4a0c,ObliQA-XRef_Out_Datasets/final_large_merged/ObliQA-XRef-UKFIN-ALL/final.jsonl,,,,
2e91d3f27b049457,"If you are checking whether eligible own funds cover the minimum consolidated group SCR, do you have to calculate group solvency using the participating undertaking’s proportional share in its related undertakings, and does this sit within the principles that apply with any necessary changes?","Yes. The check on whether eligible own funds qualify to cover the minimum consolidated group SCR is a specific determination that must be made by applying the relevant principles with any necessary changes, and it also requires that the group solvency calculation be done in the required way [#SRC:62d005c6aa11116b]. That required way includes taking account of the proportional share held by the participating undertaking in its related undertakings when calculating the solvency of the group [#TGT:acc84032d208c7bc]. So, when you perform the solvency calculation that underpins the coverage assessment, you must reflect the participating undertaking’s proportional share rather than treating all related undertakings as if they were fully owned or fully included without adjustment. Because the proportional-share approach is a mandatory element of the group solvency calculation, it directly influences the outcome of the determination about whether the eligible own funds are sufficient to cover the minimum consolidated group SCR. The overall obligation is therefore to combine (i) the adapted application of the relevant principles for the coverage determination and (ii) the proportional-share treatment within the group solvency calculation used for that determination [#SRC:62d005c6aa11116b] [#TGT:acc84032d208c7bc].","(3) For the purposes of determining whether those eligible own funds qualify to cover the minimum consolidated group SCR of a group , the principles in 8 to 10 apply with any necessary changes. Undertakings In Difficulty 3 also applies with any necessary changes.",The calculation of the solvency of a group must take account of the proportional share held by the participating undertaking in its related undertakings .,SCHEMA,,basic,UKFIN,mixed_difficulty,62d005c6aa11116b,acc84032d208c7bc,,,62d005c6aa11116b,acc84032d208c7bc,,,,,HV0155,2e91d3f27b049457,ObliQA-XRef_Out_Datasets/final_large_merged/ObliQA-XRef-UKFIN-ALL/final.jsonl,,,,
297d3cdba76c800a,"If the originator is the only investor in the securitisation, can the firm treat the required information as already made available by sending it in internal reports to committees or the management board, and what still must be made available to holders of a securitisation position, to the PRA, and (if asked) to potential investors?","Yes, in the specific situation where the originator is also the sole investor in the transaction, the PRA expects the firm may treat the relevant information as “made available” to investors through internal reporting to appropriate committees or the management board, as long as that reporting includes the required information [#SRC:8db7bd9adb490bd7]. However, this does not replace the wider requirement that the originator, sponsor and SSPE of a securitisation must make at least specified information available to holders of a securitisation position and to the PRA, and must also make it available to potential investors when they request it [#TGT:7a03dc40aca6d810]. So, even if internal reporting is used to cover the investor side in this sole-investor scenario, the firm still needs to ensure the information is actually available for the other audiences named, including the PRA and any potential investors who ask for it. The internal reports should therefore be prepared and maintained in a way that preserves the required content for those availability purposes.","Where the originator is also the sole investor in the transaction, the PRA expects that the firm may consider the information specified in Article 7(1)(a) and (e) of Chapter 2 of the Securitisation Part of the PRA Rulebook as ‘made available’ to investors through internal reporting to appropriate committees or the management board, provided the reporting contains the required information.","The originator , sponsor and SSPE of a securitisation shall, in accordance with paragraph 2 of this Article and Chapters 5 and 6 , make at least the following information available to holders of a securitisation position , to the PRA and, upon request, to potential investors :",SCHEMA,,basic,UKFIN,mixed_difficulty,8db7bd9adb490bd7,7a03dc40aca6d810,,,8db7bd9adb490bd7,7a03dc40aca6d810,,,,,HV0156,297d3cdba76c800a,ObliQA-XRef_Out_Datasets/final_large_merged/ObliQA-XRef-UKFIN-ALL/final.jsonl,,,,
bd627327d816cbb3,"If the parent insurance holding company or mixed financial holding company has issued subordinated debt (or has other eligible own funds that are limited), and the Solvency II undertakings in the group are subsidiaries of that holding company, where must the group solvency calculation be done and what method must be used?","If the parent insurance holding company or mixed financial holding company has issued subordinated debt or has other eligible own funds that are subject to the stated limits, then the group supervision provisions apply for the purpose of applying the relevant provisions in that situation [#SRC:98bb2cbec557bb21]. When, in addition, the Solvency II undertakings in the group are subsidiary undertakings of an insurance holding company or a mixed financial holding company, the group’s solvency calculation is not optional: it must be carried out at the level of the insurance holding company or mixed financial holding company, and it must be done using the specified calculation approach that is required to be applied for that calculation [#TGT:bfadda41c802247a]. Read together, these requirements mean that the presence of subordinated debt or other limited eligible own funds at the parent holding company level triggers the application of the group supervision provisions, and the group solvency calculation must then be performed at the holding-company level for groups where the Solvency II undertakings sit as subsidiaries under that holding company [#SRC:98bb2cbec557bb21] [#TGT:bfadda41c802247a].","For the purposes of applying the provisions set out in 14.1 , where the parent insurance holding company or mixed financial holding company has issued subordinated debt or has other eligible own funds subject to the limits set out in Own Funds 4 and 4A , Group Supervision 10.3 shall apply.","(1) Where Solvency II undertakings in a group are subsidiary undertakings of an insurance holding company or a mixed financial holding company , the calculation of the solvency of the group must be carried out at the level of the insurance holding company or mixed financial holding company applying 7.1(2) to 12 .",SCHEMA,,basic,UKFIN,mixed_difficulty,98bb2cbec557bb21,bfadda41c802247a,,,98bb2cbec557bb21,bfadda41c802247a,,,,,HV0157,bd627327d816cbb3,ObliQA-XRef_Out_Datasets/final_large_merged/ObliQA-XRef-UKFIN-ALL/final.jsonl,,,,
a8372d3ee3c21c8e,"If a firm must be able to identify eligible deposits immediately, can it do this by marking the eligible depositor’s account that holds the eligible deposits, and does it need to remove that marker if the account balance is zero or goes negative?","A firm must mark eligible deposits so they can be identified immediately. To meet that requirement, the PRA considers it acceptable for the firm to achieve the marking by marking the accounts of eligible depositors that contain eligible deposits, rather than needing a different method that marks each deposit separately. This means an account-level marker can be used as the practical way to ensure eligible deposits are identifiable without delay, as long as it results in immediate identification of the eligible deposits. The PRA also clarifies what to do when the marked account does not show a positive balance: if the account has a nil balance, or if its balance becomes negative, the PRA does not expect firms to remove the eligible deposit marker. So, the firm can keep the marker on the account even when the balance is zero or below zero, while still maintaining the overall capability to identify eligible deposits immediately through its marking approach. [#TGT:60b306349873ce31] [#SRC:91baf6dd072390d5]","For the purposes of meeting Depositor Protection 11.1 , the PRA considers the marking of eligible deposits may be achieved by marking accounts of eligible depositors which contain eligible deposits. For the avoidance of doubt, where such an account has a nil balance, or the balance becomes negative, the PRA does not expect firms to remove the eligible deposit marker.",A firm must mark eligible deposits in a way that allows for the immediate identification of such deposits .,SCHEMA,,basic,UKFIN,mixed_difficulty,91baf6dd072390d5,60b306349873ce31,,,91baf6dd072390d5,60b306349873ce31,,,,,HV0158,a8372d3ee3c21c8e,ObliQA-XRef_Out_Datasets/final_large_merged/ObliQA-XRef-UKFIN-ALL/final.jsonl,,,,
e750569339971059,"Each year when the PRA sets O-SII buffer rates using the Financial Policy Committee’s framework, what number does it base the rates on, and what changed from the earlier method once the updated framework took effect?","The PRA sets O-SII buffer rates annually by applying the Financial Policy Committee (FPC) framework for setting those rates, and under that framework the rates are determined based on firms’ UK leverage exposure measure [#SRC:68b4e61f2c4a680e]. The updated FPC framework is effective from 2023, which means that from that point the PRA’s annual rate-setting should use the UK leverage exposure measure as the basis for determining the rates [#TGT:8dbe00ff83963038]. This represents a change from the earlier method: before the updated framework took effect, rates were determined based on firms’ total assets [#TGT:8dbe00ff83963038]. So, to apply the procedure correctly, you need to align the PRA’s annual setting of O-SII buffer rates with the applicable version of the FPC framework—using total assets for the earlier approach and using the UK leverage exposure measure under the updated framework effective from 2023 [#SRC:68b4e61f2c4a680e] [#TGT:8dbe00ff83963038].","The PRA notes that O-SII designation does not automatically result in higher loss absorbency requirements in the form of an O-SII buffer or otherwise. An O-SII buffer can only apply to O-SIIs or part of an O-SII that are ring-fenced bodies (RFBs) or large building societies. The Financial Policy Committee (FPC) maintains the framework for setting O-SII buffer rates, 5 according to which, O-SII buffer rates are determined based on firms’ UK leverage exposure measure. 6 The PRA sets O-SII buffer rates annually based on the FPC’s framework. The PRA has separately set out its approach in applying the FPC’s framework. 7","6. As per updated FPC framework, effective from 2023. Prior to this, rates were determined based on firms' total assets.",SCHEMA,,basic,UKFIN,mixed_difficulty,68b4e61f2c4a680e,8dbe00ff83963038,,,68b4e61f2c4a680e,8dbe00ff83963038,,,,,HV0159,e750569339971059,ObliQA-XRef_Out_Datasets/final_large_merged/ObliQA-XRef-UKFIN-ALL/final.jsonl,,,,
2717edd29bf59cea,"If a firm cannot show that its operational arrangements support recovery and resolution, what does the PRA expect the firm to change, and what must the firm be able to explain about critical services if the Bank uses its stabilisation powers (as defined)?","If a firm cannot demonstrate how its operational arrangements facilitate recovery and resolution, the PRA expects the firm to make changes so that its operational arrangements achieve that recovery-and-resolution outcome [#SRC:69a8d0afb1f8c2dd]. Deciding whether the firm has met this expectation involves supervisory judgement, but there is a minimum requirement the firm must meet. At a minimum, the PRA expects the firm to be able to describe what would happen to its critical services in two situations: (1) if the firm’s recovery options were executed, and (2) if the Bank were to apply one or more of its stabilisation powers [#SRC:69a8d0afb1f8c2dd]. The stabilisation powers the firm must consider are the Bank’s stabilisation powers set out in the Banking Act 2009 [#TGT:784dbf1f736c397d]. So, the firm’s explanation needs to cover the impact on critical services both when recovery options are used and when the Bank applies those Banking Act stabilisation powers, and the firm should change its operational arrangements if it cannot demonstrate they support recovery and resolution [#SRC:69a8d0afb1f8c2dd] [#TGT:784dbf1f736c397d].","If a firm cannot demonstrate how its operational arrangements facilitate recovery and resolution, the PRA expects the firm to make changes to achieve this outcome. Supervisory judgement will be required to assess this but, as a minimum, the PRA expects firms to be able to describe what would happen to critical services if recovery options were executed or if the Bank were to apply one or more of its stabilisation powers 13 . This includes the examples listed below, where relevant:",13. The Bank’s stabilisation powers are set out in s.1(4) of the Banking Act 2009.,SCHEMA,,basic,UKFIN,mixed_difficulty,69a8d0afb1f8c2dd,784dbf1f736c397d,,,69a8d0afb1f8c2dd,784dbf1f736c397d,,,,,HV0160,2717edd29bf59cea,ObliQA-XRef_Out_Datasets/final_large_merged/ObliQA-XRef-UKFIN-ALL/final.jsonl,,,,
bf6a9dc9268517bb,"When smaller firms (Category 3-4 PRA regulated firms) set remuneration policies, what must they do to apply proportionality without disapplying the relevant requirements for Solvency II staff, while also ensuring the policy design reflects the firm’s internal organisation and the nature, scale and complexity of the risks in its business?","Smaller firms (Category 3-4 PRA regulated firms) must approach remuneration policy setting on the basis that proportionality affects how requirements are applied, not whether they apply. In practice, they are expected to comply appropriately when setting remuneration policies and must not treat proportionality as a basis to disapply the applicable requirements; instead, they should exercise appropriate judgement so that the specific arrangements for Solvency II staff are applied proportionately and modified where required to reflect the size and nature of their businesses [#SRC:a1a186c5cfc66eed]. At the same time, the firm must ensure the remuneration policy is designed to take into account its internal organisation and the nature, scale and complexity of the risks inherent in its business [#TGT:07a05eb1c221e73c]. Read together, this means the firm should calibrate and, where necessary, adjust Solvency II staff arrangements in a way that remains compliant, while explicitly aligning the policy’s structure and operation with how the firm is organised and with the risk profile and complexity of its activities, rather than applying a one-size-fits-all approach.",The PRA will still expect smaller firms (Category 3-4 PRA regulated firms) to comply appropriately with Chapter 3A when setting their remuneration policies. The application of proportionality under Conditions Governing Business 3A.3 does not equate to smaller firms being able to disapply the Chapter 3A requirements. These firms should be exercising appropriate judgement to ensure that the specific arrangements for Solvency II staff contained in Conditions Governing Business 3A.2 are applied proportionality and modified where required to reflect the size and nature of their businesses.,"A firm must ensure that the remuneration policy is designed in such a way as to take into account the internal organisation of the firm , and the nature, scale and complexity of the risks inherent in its business.",SCHEMA,,professional,UKFIN,mixed_difficulty,a1a186c5cfc66eed,07a05eb1c221e73c,,,a1a186c5cfc66eed,07a05eb1c221e73c,,,,,HV0161,bf6a9dc9268517bb,ObliQA-XRef_Out_Datasets/final_large_merged/ObliQA-XRef-UKFIN-ALL/final.jsonl,,,,
4ba77d22298eb93f,"Where a Northern Ireland credit union has a loan that was outstanding on 31 March 2012 and continues to be repayable under the loan agreement terms in effect on that date, how does the permission not to comply with certain requirements interact with the obligation to maintain a minimum capital-to-total-assets ratio when the credit union is owed by a member more than £7,500 in excess of the member’s attached shares (or is owed by another credit union more than £7,500)?","A Northern Ireland credit union is permitted not to comply with the specified set of requirements in relation to a loan that was outstanding on 31 March 2012, but only on the condition that the loan continues to be repayable in accordance with the terms of the relevant loan agreement that were in effect on 31 March 2012 [#SRC:b5040d03979336d0]. Separately, where a credit union is owed by a member a total amount greater than £7,500 in excess of the attached shares held by that member, or is owed by another credit union an amount greater than £7,500, it must maintain a capital-to-total-assets ratio of at least 5% [#TGT:14592babb38a22de]. Read together, the permission operates as a limited carve-out tied to the status and repayment terms of the particular pre-existing loan, whereas the capital ratio requirement is framed as a mandatory prudential obligation triggered by the size and nature of amounts owed to the credit union. Accordingly, even if the credit union can rely on the loan-related permission for the qualifying outstanding loan, it still must ensure it maintains at least the 5% capital-to-total-assets ratio whenever the stated £7,500 threshold condition is met [#SRC:b5040d03979336d0] [#TGT:14592babb38a22de].",A Northern Ireland credit union need not comply with 3.2 to 3.9 with respect to any loan outstanding on 31 March 2012 provided that the loan remains repayable in accordance with the terms of the relevant loan agreement in effect on 31 March 2012.,"A credit union that is owed by a member a total amount greater than £7,500 in excess of the attached shares held by that member , or by another credit union an amount greater than £7,500, must maintain a capital -to- total-assets ratio of at least 5%.",SCHEMA,,professional,UKFIN,mixed_difficulty,b5040d03979336d0,14592babb38a22de,,,b5040d03979336d0,14592babb38a22de,,,,,HV0162,4ba77d22298eb93f,ObliQA-XRef_Out_Datasets/final_large_merged/ObliQA-XRef-UKFIN-ALL/final.jsonl,,,,
4e0a5d14194a100a,"When a firm is considering a traditional securitisation that includes excess spread used as credit enhancement (including where exposures may be sold below market value) and the transaction is material or otherwise has complex features, what must the firm do in terms of engaging with the PRA and its supervisor before execution, given that there is no pre-approval process?","A firm may approach the PRA ahead of execution to discuss potential traditional securitisations that include excess spread, because the PRA considers excess spread a complex feature and is concerned where it may affect the transfer of credit risk (including where securitised exposures are sold below their market value and excess spread is used to absorb losses and provide credit enhancement) [#SRC:c7fcf724bd957258]. At the same time, the firm must not treat that engagement as a request for pre-approval, because the PRA does not operate a pre-approval process for securitisation transactions [#TGT:0de906618f9652a2]. Instead, the PRA expects the firm to discuss with its supervisor at an early stage securitisation transactions that are material or have complex features, which would include transactions with excess spread as a complex feature [#TGT:0de906618f9652a2]. In addition, where the firm claims a regulatory capital reduction from securitisation transactions in market disclosures, the PRA expects those disclosures to include caveats highlighting the risk of full or partial re-characterisation where that risk is material in light of the PRA’s stated policy [#TGT:0de906618f9652a2].","The presence of excess spread in traditional securitisations (TES) may, in certain transactions where accounting derecognition has not been achieved, impact the transfer of credit risk to third parties, where it is used to absorb losses thus providing credit enhancement to more senior tranches. The PRA is primarily concerned where the excess spread results from the securitised exposures being sold below their market value, for instance, where the securitised exposures are sold at par value despite their fair value being higher than par. In these circumstances, the PRA expects firms to treat the credit enhancement provided by TES in a similar manner to the approach described for SES, by measuring the credit enhancement provided and applying a 1,250% risk weight or deducting from capital accordingly. The PRA is open to considering alternative methods for firms to measure the credit enhancement provided. As the PRA considers excess spread a complex feature, firms may approach the PRA to discuss potential transactions with such a feature ahead of execution, as set out in paragraph 2.8 .","The PRA does not operate a pre-approval process for securitisation transactions. The PRA nevertheless expects a firm to discuss with its supervisor at an early stage securitisation transactions that are material or have complex features, including any non-sequential amortisation. Where a firm claims a regulatory capital reduction from securitisation transactions in its disclosures to the market, the PRA expects such disclosures to include caveats making clear the risk of full or partial re-characterisation where this risk is material in the light of the PRA’s stated policy.",SCHEMA,,professional,UKFIN,mixed_difficulty,c7fcf724bd957258,0de906618f9652a2,,,c7fcf724bd957258,0de906618f9652a2,,,,,HV0163,4e0a5d14194a100a,ObliQA-XRef_Out_Datasets/final_large_merged/ObliQA-XRef-UKFIN-ALL/final.jsonl,,,,
616414f066ed4ec6,"If the PRA identifies non-fulfilment of a relevant requirement while applying the criterion that focuses on fulfilment of the 1986 Act and the Rules, what conditions must be satisfied for the PRA to treat that failure as not blocking confirmation of the merger, and what action must the PRA take to implement that treatment?","The PRA’s starting point under the criterion is to consider whether the relevant requirements of the 1986 Act and the Rules have been fulfilled [#TGT:8ee35e097f60d649]. If, in doing so, the PRA identifies that some relevant requirement has not been fulfilled, that non-fulfilment does not, by itself, preclude the PRA from confirming the merger. For the PRA to treat the failure as not blocking confirmation, two linked conditions must be met: first, it must appear to the PRA that the failure could not have been material to the members’ decision about the merger; second, the PRA must give a direction that the failure is to be disregarded [#SRC:7d7e37aa3c8a3f85]. Accordingly, the PRA must both evaluate the significance of the failure specifically in terms of its potential impact on the members’ decision and then take the procedural step of issuing a direction to disregard it, while still performing the broader consideration of fulfilment required by the criterion [#TGT:8ee35e097f60d649] [#SRC:7d7e37aa3c8a3f85].","Section 95(5) then provides that the PRA shall not be precluded from confirming a merger by virtue only of the non-fulfilment of some relevant requirement of the 1986 Act or the Rules (the Third Criterion 36 in paragraph 3.157(c) ) if it appears to the PRA that the failure could not have been material to the members decision about the merger, and the PRA gives a direction under that subsection that the failure is to be disregarded.",This criterion requires the PRA to consider whether the relevant requirements of the 1986 Act and the Rules have been fulfilled. The phrase some relevant requirement of this Act or the rules of the society appears explicitly three times in Section 95 of the 1986 Act:,SCHEMA,,professional,UKFIN,mixed_difficulty,7d7e37aa3c8a3f85,8ee35e097f60d649,,,7d7e37aa3c8a3f85,8ee35e097f60d649,,,,,HV0164,616414f066ed4ec6,ObliQA-XRef_Out_Datasets/final_large_merged/ObliQA-XRef-UKFIN-ALL/final.jsonl,,,,
0c6ba1fdf36bfb5d,"If solvent exit planning will not work for a firm—especially in a fast failure where the Bank of England might use stabilisation tools—what should the firm plan for instead, given that deposit-takers can be put into modified insolvency procedures like the Bank Insolvency Procedure (and the version that applies to building societies)?","The firm should plan on the basis that solvent exit planning is only meant to support other ways a failure may be handled, and it may not be effective in every situation [#SRC:fb552ebcd8297b43]. Where the firm could fail quickly, the firm’s planning should recognise that the Bank of England, acting as resolution authority, may need to use stabilisation tools, and that the firm may instead move into insolvency procedures [#SRC:fb552ebcd8297b43]. Because deposit-takers have modified insolvency procedures, the firm’s failure planning should also cover how those modified routes could apply, including the Bank Insolvency Procedure and the way the modified regime applies to building societies [#TGT:a695376e7314ef85]. In practice, this means the firm should not rely on solvent exit planning alone; it should ensure its internal plans and escalation steps anticipate both resolution actions and the possibility that the relevant modified insolvency procedure is invoked for a deposit-taker, so the firm can shift promptly to the appropriate process if solvent exit is not workable [#SRC:fb552ebcd8297b43] [#TGT:a695376e7314ef85].","Solvent exit may not be an effective approach in all circumstances. Solvent exit planning is designed to complement the other ways in which a firm’s failure may be managed: for example, a fast failure of a firm 6 may necessitate the exercise of stabilisation tools by the Bank of England as resolution authority, or may lead to insolvency procedures being invoked in relation to a firm. 7",7. The UK has modified insolvency procedures for deposit-takers. See Part 2 of the Banking Act 2009 for details of the Bank Insolvency Procedure; and section 90C of the Building Societies Act 1986 for the application to building societies.,SCHEMA,,basic,UKFIN,mixed_difficulty,fb552ebcd8297b43,a695376e7314ef85,,,fb552ebcd8297b43,a695376e7314ef85,,,,,HV0165,0c6ba1fdf36bfb5d,ObliQA-XRef_Out_Datasets/final_large_merged/ObliQA-XRef-UKFIN-ALL/final.jsonl,,,,
a588c02d4db71c65,"When a firm uses an internal model at a particular level of detail for Solvency Capital Requirement purposes, what must the firm do to ensure that the model’s design and day-to-day operation remain appropriate and continue to match the firm’s risk profile in a way that is consistent with that level of granularity?","A firm must actively maintain its internal model so that, over time, both the model’s design and its operational use remain appropriate, and the model continues to reflect the firm’s risk profile. This ongoing obligation applies not only to the conceptual structure of the internal model but also to how it is run in practice, so that the model remains suitable as the firm’s risks evolve [#TGT:674e31ad618d6757]. In doing so, the firm must also ensure consistency between the level of detail (granularity) at which it uses the model for Solvency Capital Requirement purposes and how the model is applied and maintained, so that the model’s use aligns with that chosen granularity rather than drifting into a different level of aggregation or detail [#SRC:db1ba8e164f560e7]. Taken together, the firm should treat the granularity at which it uses the model as a continuing constraint on model design and operations, and should keep the model’s outputs and use aligned with the firm’s current risk profile while preserving that consistency in granularity.",the consistency with the granularity at which the firm uses the model in accordance with Solvency Capital Requirement - Internal Models 10.3 ;,"A firm must ensure the ongoing appropriateness of the design and operations of its internal model , and that the internal model continues to appropriately reflect the risk profile of the firm .",SCHEMA,,professional,UKFIN,mixed_difficulty,db1ba8e164f560e7,674e31ad618d6757,,,db1ba8e164f560e7,674e31ad618d6757,,,,,HV0166,a588c02d4db71c65,ObliQA-XRef_Out_Datasets/final_large_merged/ObliQA-XRef-UKFIN-ALL/final.jsonl,,,,
960018e9dc977e79,"If a credit union has more than £10 million in total assets and also undertakes additional activities, what does it need to have in place so it both follows the PRA’s expected concentration limits for certain investments and keeps a board-approved investment policy?","A credit union in this situation needs to meet two linked PRA expectations: governance over investing and limits on how concentrated certain investments can be. First, where the credit union undertakes additional activities, it is expected to maintain an investment policy that has been approved by its board, meaning the policy should be formally adopted and kept in place as the framework for investment decisions and oversight [#SRC:183eb2475d6b7e0c]. Second, the PRA expects credit unions with more than £10 million in total assets, and any credit unions that hold certain investments, to adhere to the concentration limits the PRA specifies for those holdings, while recognising that an exception applies for certain listed investments [#TGT:6cdd849d0a0503ce]. To comply with both expectations at once, the board-approved investment policy should address how the credit union will manage and monitor its investment exposures so that the portfolio stays within the PRA’s expected concentration limits for the relevant investments, and it should be maintained as an ongoing control rather than a one-off document.","Additional expectations relating to investments for credit unions with more than £10 million in assets and credit unions that invest in more complex investments (supranational bonds, corporate bonds, bank bonds, and money market funds) are set out in Chapters 11 and 14 , respectively. Credit unions undertaking additional activities 4 are also expected to maintain a board-approved investment policy (see paragraph 14.2 in Chapter 14 ).","The PRA expects credit unions with more than £10 million in total assets, and any credit unions that hold investments that come under Rules 6.4(7) and 6.4(8) of the Credit Unions Part of the PRA Rulebook, to adhere to the following concentration limits (in addition to the limits required by Rule 6.4A of the Credit Unions Part of the PRA Rulebook, 9 and with the exception of the investments listed in paragraph 11.2 ):",SCHEMA,,basic,UKFIN,mixed_difficulty,183eb2475d6b7e0c,6cdd849d0a0503ce,,,183eb2475d6b7e0c,6cdd849d0a0503ce,,,,,HV0167,960018e9dc977e79,ObliQA-XRef_Out_Datasets/final_large_merged/ObliQA-XRef-UKFIN-ALL/final.jsonl,,,,
5fafad4cf56fce06,"If a firm keeps records of its outsourcing arrangements and can share outsourcing and third party information the PRA would reasonably expect, when can the PRA still require specific outsourcing information or documents, and what test does the PRA use to decide it can ask?","A firm is expected to keep appropriate records of its outsourcing arrangements and to make available to the PRA information on its outsourcing and third party arrangements that the PRA would reasonably expect notice of, so the firm should be prepared to provide records and related information about those arrangements when needed [#SRC:ff27a2b6ca15a12d]. Separately, the PRA is permitted to require certain persons to provide specified information (or information of a specified description) and specified documents (or documents of a specified description) where the PRA considers that what it is asking for is, or might be, relevant to the stability of one or more aspects of the UK financial system [#TGT:b90d21dd49fd907e]. So, even if the firm already has outsourcing records and can share expected outsourcing/third-party information, the PRA can still make a more formal, specific request for particular information or documents about outsourcing arrangements. The deciding test is the PRA’s view that the requested material is, or might be, relevant to UK financial system stability, and the request can be tailored by naming the exact items or describing the type of information or documents required.","The PRA expects all firms to keep appropriate records of their outsourcing arrangements. The PRA considers that a firm, in complying with 2.3(1)(e) of the Notifications Part of the PRA Rulebook, would likely already have records of its material outsourcing arrangements for this purpose. The records should also be sufficient to enable the firm to fulfil the expectations concerning concentration risk set out in 5.24 . Firms should also make any information on their outsourcing and third party arrangements of which the PRA would reasonably expect notice available to it in accordance with Fundamental Rule 7 . The PRA may, if appropriate and justified, also request data on firms’ outsourcing arrangements under section 165 of FSMA. 34","34. The PRA may exercise, under section 165A of the Financial Services and Markets Act 2000 (FSMA), the power to require certain persons to provide (i) specified information or information of a specified description; or (ii) specified documents or documents of a specified description, that it considers are, or might be, relevant to the stability of one or more aspects of the UK financial system (the financial stability information power).",SCHEMA,,basic,UKFIN,mixed_difficulty,ff27a2b6ca15a12d,b90d21dd49fd907e,,,ff27a2b6ca15a12d,b90d21dd49fd907e,,,,,HV0168,5fafad4cf56fce06,ObliQA-XRef_Out_Datasets/final_large_merged/ObliQA-XRef-UKFIN-ALL/final.jsonl,,,,
9e9a50d642d8d2ea,"If a participating Solvency II undertaking sits under another Solvency II undertaking or an insurance holding company or mixed financial holding company with its head office in the UK or Gibraltar, at what level in the group must the firms make sure eligible own funds in the group always cover the group SCR?","When the participating Solvency II undertaking (or the insurance holding company or mixed financial holding company) is itself a subsidiary undertaking of another Solvency II undertaking or of another insurance holding company or mixed financial holding company that has its head office in the UK or Gibraltar, the relevant group requirements apply only at the level of the ultimate Solvency II undertaking, insurance holding company, or mixed financial holding company in the group that has its head office in the UK or Gibraltar [#SRC:5d7d86c6c088b08d]. Where the relevant condition applies, each participating Solvency II undertaking that is a firm in the group and each relevant insurance group undertaking must ensure that eligible own funds are available in the group and that those eligible own funds are always at least equal to the group SCR (with the group SCR calculated under the applicable group SCR calculation provisions) [#TGT:17dc5c7d4f47f6cd]. Putting these together, the “always cover the group SCR” requirement is treated as a group-level requirement that is applied at the ultimate UK or Gibraltar-headed level when the specified parent-subsidiary structure exists, rather than being applied separately at each lower subsidiary layer, while still requiring the identified firms and relevant insurance group undertakings to ensure the group maintains that coverage on an ongoing basis.","If the participating Solvency II undertaking or the insurance holding company or mixed financial holding company referred to in 2.1(1) or 2.1(2) is itself a subsidiary undertaking of another Solvency II undertaking or of another insurance holding company or mixed financial holding company which has its head office in the UK or Gibraltar, then 4 to 19 apply only at the level of the ultimate Solvency II undertaking , insurance holding company , or mixed financial holding company in the group which has its head office in the UK or Gibraltar.","Where 2.1(1) applies, each participating Solvency II undertaking that is a firm in the group and each relevant insurance group undertaking must ensure that eligible own funds are available in the group which are always at least equal to the group SCR as calculated in accordance with 7 to 12 .",SCHEMA,,basic,UKFIN,mixed_difficulty,5d7d86c6c088b08d,17dc5c7d4f47f6cd,,,5d7d86c6c088b08d,17dc5c7d4f47f6cd,,,,,HV0169,9e9a50d642d8d2ea,ObliQA-XRef_Out_Datasets/final_large_merged/ObliQA-XRef-UKFIN-ALL/final.jsonl,,,,
2365ff99c0c1d69b,"When applying the Prudential Regulation Authority (PRA)’s supervisory expectations on combined buffers, how should a firm determine what constitutes its combined buffer, including which component buffers are included and when any systemic risk element applies, and how do the PRA’s capital buffers rules address the framework for capital conservation measures if the firm does not meet that combined buffer?","A firm should treat the PRA’s supervisory statement as setting supervisory expectations and providing clarifications on how the combined buffers regime is to be understood and applied in practice, alongside the underlying requirements it complements [#SRC:0b1108eeae5c69a4]. In determining what constitutes the firm’s combined buffer, the firm should identify the component buffers that make up the combined buffer: the capital conservation buffer (CCoB), the countercyclical capital buffer (CCyB), the buffer for Global Systemically Important Institutions (G-SII buffer), the buffer for other systemically important institutions (O-SII buffer), and the systemic risk buffer where it is applicable to the firm [#TGT:3c017bee1329df66]. The systemic risk buffer is included only on the condition that it applies to the firm, so the firm’s combined buffer composition depends on whether that applicability condition is met [#TGT:3c017bee1329df66]. Where a firm does not meet its combined buffer, the relevant frameworks for the CCoB, the CCyB, and the associated capital conservation measures are set out in the PRA’s capital buffers rules, which the supervisory statement indicates it complements and clarifies [#SRC:0b1108eeae5c69a4] [#TGT:3c017bee1329df66].",The purpose of this supervisory statement is to set out the expectations of the Prudential Regulation Authority (PRA) on the combined buffers and provide some clarifications of the PRA rules. 1 This statement complements the requirements set out in Title VII Chapter 4 of the CRD and the Capital Buffers Part of the PRA Rulebook and the high-level expectations on capital outlined in The PRA’s approach to banking supervision. 2,"The combined buffer will include the capital conservation buffer (CCoB), the countercyclical capital buffer (CCyB), the buffer for Global Systemically Important Institutions (G-SII buffer) , the buffer for other systemically important institutions (O-SII buffer) and the systemic risk buffer — if applicable to a firm, as required by CRD. The frameworks for the CCoB, the CCyB and capital conservation measures when a firm does not meet its combined buffer are set out in the PRA’s capital buffers rules.",SCHEMA,,professional,UKFIN,mixed_difficulty,0b1108eeae5c69a4,3c017bee1329df66,,,0b1108eeae5c69a4,3c017bee1329df66,,,,,HV0170,2365ff99c0c1d69b,ObliQA-XRef_Out_Datasets/final_large_merged/ObliQA-XRef-UKFIN-ALL/final.jsonl,,,,
c364a810421f48da,"When Solvency II undertakings in a group are subsidiary undertakings of an insurance holding company or a mixed financial holding company, what must each relevant insurance group undertaking do to ensure that eligible own funds are available at the level where group solvency is calculated, and what minimum relationship must those own funds have to the group SCR?","Where Solvency II undertakings in a group are subsidiary undertakings of an insurance holding company or a mixed financial holding company, the group’s solvency calculation must be performed at the level of that insurance holding company or mixed financial holding company, using the specified approach for calculating group solvency [#TGT:bfadda41c802247a]. In that context, each relevant insurance group undertaking has an ongoing obligation to ensure that eligible own funds are available within the group and that those eligible own funds are not merely sufficient at a point in time but remain at least equal to the group SCR as calculated under the applicable group SCR methodology [#SRC:0242fd8e190ad528]. Read together, this means the solvency calculation performed at the holding company level must be supported by the group’s continuous maintenance of eligible own funds at or above the calculated group SCR, with responsibility placed on each relevant insurance group undertaking to ensure availability of those funds across the group [#TGT:bfadda41c802247a] [#SRC:0242fd8e190ad528].","Where 2.1(2) applies, each relevant insurance group undertaking must ensure that eligible own funds are available in the group which are always at least equal to the group SCR as calculated in accordance with 14 .","(1) Where Solvency II undertakings in a group are subsidiary undertakings of an insurance holding company or a mixed financial holding company , the calculation of the solvency of the group must be carried out at the level of the insurance holding company or mixed financial holding company applying 7.1(2) to 12 .",SCHEMA,,professional,UKFIN,mixed_difficulty,0242fd8e190ad528,bfadda41c802247a,,,0242fd8e190ad528,bfadda41c802247a,,,,,HV0171,c364a810421f48da,ObliQA-XRef_Out_Datasets/final_large_merged/ObliQA-XRef-UKFIN-ALL/final.jsonl,,,,
7022ccb1e237447c,"If a ring-fenced body regularly gets services or facilities from an entity in its group, how can the firm use its existing intragroup outsourcing compliance and OCIR record-keeping to help show it can only use that group entity when it is allowed to supply those services?","A firm can use work it has already done for intragroup outsourcing arrangements to help meet related obligations and expectations, instead of treating the intragroup setup as entirely new compliance. The source explains that, where relevant, firms may be able to leverage compliance with existing requirements in other regulatory areas for intragroup outsourcing arrangements, and that meeting those requirements may also help meet expectations around matters such as business continuity and exit plans [#SRC:085af7075bdc3067]. Separately, the target sets a specific permission with a condition: when a ring-fenced body receives services and accesses facilities it needs on a regular basis from an entity in its group, it may do so (directly or indirectly) only if that entity is a permitted supplier [#TGT:3bda544205c32b66]. To connect these, the firm should use elements of its operational continuity in resolution record-keeping to identify and document intragroup dependencies and keep the relevant information clear and readily available to the PRA upon request [#SRC:085af7075bdc3067]. That documentation can then support demonstrating that the regular group provider is treated consistently with the permitted-supplier condition for the ring-fenced body’s arrangements [#TGT:3bda544205c32b66].","Where relevant, firms may be able to leverage compliance with existing requirements in other areas of regulation to help meet their regulatory obligations in respect of their intragroup outsourcing arrangements. For instance, for some banks, intragroup outsourcing arrangements may be subject to the requirements in Operational Continuity Chapter 4 and Chapters 9 and 12 in the Ring-Fenced Bodies Part of the PRA Rulebook. Compliance with these requirements may also mean those banks meet certain expectations in this SS in respect of intragroup outsourcing arrangements (for instance, in respect of business continuity and exit plans (see Chapter 10 )). The PRA also expects firms to consider whether they can leverage elements of their operational continuity in resolution (OCIR) record-keeping to identify and document their intragroup dependencies, as long as relevant information is clear and readily available to the PRA upon request. 23","(1) Where a ring-fenced body receives services and accesses facilities that it requires on a regular basis from an entity in its group , it may do so, whether directly or indirectly, only where that entity is a permitted supplier .",SCHEMA,,basic,UKFIN,mixed_difficulty,085af7075bdc3067,3bda544205c32b66,,,085af7075bdc3067,3bda544205c32b66,,,,,HV0172,7022ccb1e237447c,ObliQA-XRef_Out_Datasets/final_large_merged/ObliQA-XRef-UKFIN-ALL/final.jsonl,,,,
49a8fac825e3bdee,"For firms in scope of Solvency II (including the Society of Lloyd's) and the auditors of those firms, how should references to EU or EU-derived legislation be interpreted when applying the expectations on external audit assurance over the Solvency and Financial Condition Report and the governing body’s approval responsibilities, and what scope limitation applies for certain small insurers or small groups?","When applying this supervisory statement to firms in scope of Solvency II (including the Society of Lloyd’s) and to the auditors of those firms, EU or EU‑derived legislative references should be read as referring to the version of that legislation that was retained in the UK, unless the supervisory statement explicitly states otherwise [#TGT:b7e22a03a0d31c77]. This interpretive point frames how firms and auditors should understand any EU‑based terminology or requirements that appear in the supervisory statement’s expectations. Within that scope, the supervisory statement reminds the governing body that it is responsible for ensuring the ongoing appropriateness of information disclosed and that it must approve the Solvency and Financial Condition Report (SFCR), and it sets out the level of assurance expected for the external audit requirement on the SFCR as well as the audit guidance the PRA expects auditors to follow when auditing a firm’s SFCR [#SRC:f6eda4656f8eb76e]. However, the parts of the supervisory statement that relate to the external audit of the SFCR do not apply to ‘small insurers for external audit purposes’ and ‘small groups for external audit purposes’, so those entities are outside the applicability boundary for the external-audit-specific expectations even though the broader interpretive approach to EU references still governs how the supervisory statement is read [#SRC:f6eda4656f8eb76e] [#TGT:b7e22a03a0d31c77].","This Prudential Regulation Authority (PRA) supervisory statement is relevant to firms in scope of Solvency II, including the Society of Lloyd's (collectively 'insurers' or ‘firms’ throughout the SS), and the auditors of those firms. 1 It reminds the governing body of its responsibilities in respect of the ongoing appropriateness of the information disclosed, and that it must approve the Solvency and Financial Condition Report (SFCR). It also sets out the level of assurance expected with respect to the external audit requirement on the SFCR and the audit guidance that the PRA expects auditors to follow in auditing a firm’s SFCR. It should be read alongside the External Auditors Part of the PRA Rulebook. The parts of this supervisory statement that relate to the external audit of the SFCR are not applicable to 'small insurers for external audit purposes' and 'small groups for external audit purposes', as set out in External Audit 1.1 .","1. Unless otherwise stated, any references to EU or EU derived legislation in this SS refer to the version of that legislation which forms part of the body of law that was retained in the UK.",SCHEMA,,professional,UKFIN,mixed_difficulty,f6eda4656f8eb76e,b7e22a03a0d31c77,,,f6eda4656f8eb76e,b7e22a03a0d31c77,,,,,HV0173,49a8fac825e3bdee,ObliQA-XRef_Out_Datasets/final_large_merged/ObliQA-XRef-UKFIN-ALL/final.jsonl,,,,
0517b43b330ed7a8,"When a firm is considering whether it must not submit a PRA senior management approval application for a person unless it is satisfied the person is fit and proper for the relevant PRA senior management function, how should the matters referred to be treated in relation to the PRA’s determination of that person’s fitness and propriety?","A firm is prohibited from making a PRA senior management approval application for a person unless the firm is satisfied that the person is fit and proper to perform the PRA senior management function covered by the application [#TGT:27965488ad9f0cda]. In reaching and evidencing that satisfaction, the firm should recognise that the matters referred to are relevant to the PRA’s own determination of whether the person to whom the application relates is fit and proper [#SRC:268a1073ad54dc5e]. Read together, this means the firm’s pre-submission assessment should be aligned to the factors the PRA will consider when it determines fitness and propriety for the same individual and application context. Practically, the firm should ensure its internal evaluation addresses those relevant matters so that its “satisfied” conclusion is supportable in light of the PRA’s determination process, and it should avoid submitting the application where those matters would prevent it from being satisfied as to the person’s fitness and propriety for the specific function [#TGT:27965488ad9f0cda] while acknowledging their relevance to the PRA’s assessment [#SRC:268a1073ad54dc5e].",The matters referred to in 2 are relevant to the PRA’s determination of whether a person to whom a PRA senior management approval application relates is fit and proper.,A firm must not make a PRA senior management approval application in relation to a person unless it is satisfied that person is fit and proper to perform the PRA senior management function to which the application relates.,SCHEMA,,professional,UKFIN,mixed_difficulty,268a1073ad54dc5e,27965488ad9f0cda,,,268a1073ad54dc5e,27965488ad9f0cda,,,,,HV0174,0517b43b330ed7a8,ObliQA-XRef_Out_Datasets/final_large_merged/ObliQA-XRef-UKFIN-ALL/final.jsonl,,,,
51390ac735285584,"If a firm is making its first MA application to the PRA, what does it need to include to show it meets the MA eligibility conditions, and what extra information should it add if it thinks the PRA will need it to make a decision—especially if the firm wants to include guaranteed elements of with-profits annuities in its MA portfolio(s)?","For an initial MA application, the firm needs to provide the PRA with what it needs to be satisfied that the firm meets the MA eligibility conditions. This includes written confirmation that the firm complies with those eligibility conditions and, for conditions where it is expected, documentary evidence to support that written confirmation [#TGT:706be7f8963a27d5]. Alongside these eligibility confirmations and supporting documents, the firm should also make sure the application includes any other information not otherwise listed that the firm considers necessary for the PRA’s assessment and decision [#SRC:ec76fc94f0d3a021]. This means the firm should not limit itself only to the specified confirmations and evidence if there are additional facts, explanations, or materials that it believes the PRA will need to assess the application properly [#SRC:ec76fc94f0d3a021]. If the firm is seeking to include any guaranteed elements of with-profits annuities in its MA portfolio(s), the PRA would expect the application to include confirmation that the firm has considered the implications for its with-profits business (including fairness, investment strategy, and wider management) and, where necessary, has discussed those implications with the FCA [#SRC:ec76fc94f0d3a021] [#TGT:706be7f8963a27d5].","In addition to the above, a firm should ensure (in line with paragraph 2.6 above) that the application includes any other information (not explicitly mentioned in paragraphs 2.7 to 2.9 above) that it considers necessary for the assessment and decision by the PRA. Where a firm is seeking to include any guaranteed elements of with-profits annuities in its MA portfolio(s), the PRA would expect the application to include confirmation that the firm has satisfied itself that any implications for its with-profits business (including points around fairness, investment strategy and wider management) have been considered and, if necessary, discussed with the FCA.","In order for a firm to apply an MA under the IRPR regulations, the PRA must be satisfied that the firm meets the MA eligibility conditions as set out in regulation 4 of the IRPR regulations and Chapter 2 of the Matching Adjustment Part . As required by Matching Adjustment 3.1 , a firm's initial MA application must contain written confirmation of its compliance with the MA eligibility conditions. For regulation 4(4) of the IRPR regulations and Matching Adjustment 2.2(6) , firms are expected to provide this written confirmation. For other MA eligibility conditions, firms are expected to provide documentary evidence to support their written confirmation, including:",SCHEMA,,basic,UKFIN,mixed_difficulty,ec76fc94f0d3a021,706be7f8963a27d5,,,ec76fc94f0d3a021,706be7f8963a27d5,,,,,HV0175,51390ac735285584,ObliQA-XRef_Out_Datasets/final_large_merged/ObliQA-XRef-UKFIN-ALL/final.jsonl,,,,
313ff84603fffd7c,"If the PRA publishes a statement to explain its general approach more clearly, how should it use feedback from a public consultation, and what should it avoid changing when it accepts suggested wording changes?","When the PRA publishes a statement to expand on its general approach, it is doing so to clearly and consistently explain its views in order to advance its objectives for the firms it regulates and to support protection for policyholders [#TGT:6513a735d431f5ba]. If that statement has been subject to public consultation and reflects feedback received by the PRA, the PRA can take account of comments by accepting suggested changes to the wording where those changes improve clarity [#SRC:f7de2cea26e343cf]. However, the PRA should treat these accepted edits as clarifications only and avoid changing the underlying policy as a result of the consultation feedback [#SRC:f7de2cea26e343cf]. In other words, consultation feedback can be used to make the statement easier to understand and more precise, but it should not be used to introduce a policy change. This keeps the statement aligned with its purpose of explaining the PRA’s views clearly and consistently to support its objectives [#TGT:6513a735d431f5ba], while ensuring that any updates prompted by consultation remain limited to wording improvements rather than substantive policy revisions [#SRC:f7de2cea26e343cf].","The statement was subject to public consultation, 1 and reflects feedback received by the PRA. Some comments suggested altering wording and these suggestions have been accepted where clarity would be improved. There is no change in policy.","The PRA is publishing this statement to expand on its general approach as set out in its Insurance Approach document. 2 By clearly and consistently explaining its views in this area, the PRA seeks to advance its statutory objectives of ensuring the safety and soundness of the firms it regulates, and contributing to securing an appropriate degree of protection for policyholders.",SCHEMA,,basic,UKFIN,hard_enriched,f7de2cea26e343cf,6513a735d431f5ba,,,f7de2cea26e343cf,6513a735d431f5ba,,,,,HV0176,313ff84603fffd7c,ObliQA-XRef_Out_Datasets/final_large_merged/ObliQA-XRef-UKFIN-ALL/final.jsonl,,,,
ef33bcf7ed9ee536,"If a firm is doing benchmarking activities and the relevant provisions generally do not apply to it for those activities (unless they were made before IP completion day to transpose an EU instrument), what compliance and financial-crime policies and procedures must the firm keep in place for its managers, employees and appointed representatives (or tied agents where applicable)?","For a firm carrying on benchmarking activities, the key scope point is that the relevant provisions do not apply to the firm in respect of those activities, except to the extent that, before IP completion day, they were made for the purpose of transposing an EU instrument [#SRC:5ccfd157f8a1ab18]. Even with that limitation, the firm must establish, implement and maintain adequate policies and procedures that are sufficient to ensure the firm’s compliance with its obligations under the regulatory system [#TGT:5ca4886f7aeb4304]. Those policies and procedures must cover not only the firm itself but also its managers, employees and appointed representatives, and where applicable, tied agents [#TGT:5ca4886f7aeb4304]. In addition, the firm’s policies and procedures must be aimed at countering the risk that the firm might be used to further financial crime [#TGT:5ca4886f7aeb4304]. In practice, the firm should align its compliance controls to whatever obligations remain applicable given the benchmarking-activity carve-out and the pre-IP completion day EU-transposition exception, while ensuring the covered people and representatives follow the firm’s compliance and financial-crime risk controls [#SRC:5ccfd157f8a1ab18] [#TGT:5ca4886f7aeb4304].","2.1 to 2.2B do not apply to a firm with respect to the carrying on of benchmarking activities except to the extent that before IP completion day , they were made for the purpose of transposing an EU instrument.","A firm must establish, implement and maintain adequate policies and procedures sufficient to ensure compliance of the firm including its managers, employees and appointed representatives (or where applicable, tied agents ) with its obligations under the regulatory system and for countering the risk that the firm might be used to further financial crime .",SCHEMA,,basic,UKFIN,hard_enriched,5ccfd157f8a1ab18,5ca4886f7aeb4304,,,5ccfd157f8a1ab18,5ca4886f7aeb4304,,,,,HV0177,ef33bcf7ed9ee536,ObliQA-XRef_Out_Datasets/final_large_merged/ObliQA-XRef-UKFIN-ALL/final.jsonl,,,,
282825b486f7cdfc,"If Institutions have to publish information about their remuneration policy and practices for staff who can materially affect the Institutions’ risk profile, what template and instructions do they need to use for the disclosures linked to points (h)(i) and (h)(ii)?","Institutions are required to disclose information about their remuneration policy and practices for those categories of staff whose professional activities have a material impact on the Institutions’ risk profile [#TGT:d3efeb25748ccfe0]. Where the required remuneration disclosures include the items identified as points (h)(i) and (h)(ii), Institutions must not choose an arbitrary format; they must complete those disclosures using Template UK REM1 and follow the relevant instructions set out in the specified annex of instructions [#SRC:f75c4876ca123e11]. This links the general disclosure duty on remuneration policy and practices (focused on staff with a material impact on risk profile) with a concrete procedural requirement on how certain parts of that disclosure must be presented and completed. So, to comply, Institutions should (1) identify the relevant categories of staff covered by the disclosure obligation, and (2) for the specified disclosure points, populate Template UK REM1 in line with the accompanying instructions, ensuring the disclosed information is provided in the required structured way [#TGT:d3efeb25748ccfe0] [#SRC:f75c4876ca123e11].","(b) For the disclosures required in points (h)(i) and (h)(ii) of Article 450(1) of the CRR , in accordance with the Template UK REM1 of Annex XXXIII and the relevant instructions set out in Annex XXXIV .",Institutions shall disclose the following information regarding their remuneration policy and practices for those categories of staff whose professional activities have a material impact on risk profile of the institutions:,SCHEMA,,basic,UKFIN,hard_enriched,f75c4876ca123e11,d3efeb25748ccfe0,,,f75c4876ca123e11,d3efeb25748ccfe0,,,,,HV0178,282825b486f7cdfc,ObliQA-XRef_Out_Datasets/final_large_merged/ObliQA-XRef-UKFIN-ALL/final.jsonl,,,,
009269e39d09e478,"If a firm has a matching adjustment permission and more than one SMF holds PR Q, who needs to sign the attestation sent to the PRA, and does it need to cover each relevant portfolio of assets the firm holds?","If the firm has a matching adjustment permission, it must send the required attestation to the PRA, and that attestation must be provided in respect of each relevant portfolio of assets as a whole held by the firm, following the required timing, person, and form requirements [#TGT:e4cd8736edad498d]. The person responsible for the attestation is the senior manager with the prescribed responsibility for the production and integrity of the firm’s financial information and its regulatory reporting (PR Q) [#SRC:60350a1cc8a674eb]. When more than one SMF holds PR Q, the PRA would expect all of those SMFs to attest, not just one of them, because each holder of PR Q is treated as having that prescribed responsibility [#SRC:60350a1cc8a674eb]. This expectation reflects that the relevant SMF(s) should have ultimate governance responsibility for the calculation underpinning the firm’s position, regardless of any delegation, and be able to implement an increase if required [#SRC:60350a1cc8a674eb]. So, the firm should arrange for all SMFs holding PR Q to provide the attestation that is submitted to the PRA and ensure it addresses each relevant portfolio as required [#TGT:e4cd8736edad498d].","Matching Adjustment 9.1(3) requires that the senior manager with the prescribed responsibility for the production and integrity of the firm’s financial information and its regulatory reporting (PR Q), as provided for in Rule 3.1(4) of the Insurance – Allocation of Responsibilities Part of the PRA Rulebook, will be responsible for the attestation. This is because the SMF should have ultimate governance responsibility for the calculation of the FS and MA (regardless of delegations of any of their responsibilities), and can therefore implement an increase to the FS if required. In many cases, this will be SMF 2, the Chief Financial Officer, but this could be another SMF depending on how responsibility is allocated within the firm. A firm should approach its usual supervisory contact, in the first instance, should its governance arrangements mean that an alternative SMF would be more appropriate to undertake the attestation. Where more than one SMF holds PR Q, the PRA would expect all of those SMFs to attest. The PRA considers that the supervisory guidance contained in SS35/15 – Strengthening individual accountability in insurance 25 on sharing prescribed responsibilities (in particular paragraph 2.19A of that SS) would also apply.",A firm with a matching adjustment permission must provide to the PRA the attestation set out at (1) at the time set out in (2) by a person in (3) in the form set out in 12.1 in respect of each relevant portfolio of assets as a whole held by the firm .,SCHEMA,,basic,UKFIN,hard_enriched,60350a1cc8a674eb,e4cd8736edad498d,,,60350a1cc8a674eb,e4cd8736edad498d,,,,,HV0179,009269e39d09e478,ObliQA-XRef_Out_Datasets/final_large_merged/ObliQA-XRef-UKFIN-ALL/final.jsonl,,,,
60c307ad3d2d36b1,"If a UK ISPV uses a special purpose vehicle in Gibraltar or a third country, what does that vehicle need to have in place with a supervisory authority and equivalent requirements, and what kind of governance system must the UK ISPV have for its own management and risks?","When a UK ISPV uses a special purpose vehicle in Gibraltar or a third country, the special purpose vehicle must be regulated by a supervisory authority in Gibraltar or in the relevant third country, and it must comply with requirements that are equivalent to the specified set of requirements referenced for these vehicles [#SRC:012c29b081ac0f05]. Separately, the UK ISPV must have an effective system of governance that supports the sound and prudent management of the UK ISPV, and that system must be appropriate to the nature, scale, and complexity of the risks the UK ISPV assumes and to the regulated activity for which it is authorised [#TGT:d90fd8705cd51108]. In practice, compliance requires both elements at the same time: confirming the external vehicle’s supervision and equivalence, and ensuring the UK ISPV’s own governance is robust enough to manage the risks and authorised activity associated with that arrangement [#SRC:012c29b081ac0f05] [#TGT:d90fd8705cd51108].","(2) in the case of a special purpose vehicle in Gibraltar or a third country , it is regulated by a supervisory authority in Gibraltar or a third country , and complies with requirements equivalent to those set out in Insurance Special Purpose Vehicles 2 , 2A to 2D , and 5A.1 to 5A.4 .","A UK ISPV must have an effective system of governance which provides for the sound and prudent management of the UK ISPV and which is appropriate to the nature, scale and complexity of the risks it assumes and the regulated activity for which it is authorised.",SCHEMA,,basic,UKFIN,hard_enriched,012c29b081ac0f05,d90fd8705cd51108,,,012c29b081ac0f05,d90fd8705cd51108,,,,,HV0180,60c307ad3d2d36b1,ObliQA-XRef_Out_Datasets/final_large_merged/ObliQA-XRef-UKFIN-ALL/final.jsonl,,,,
a3cf1b17fc01b278,"If you are one of the people that these provisions apply to, what do you have to do when you delegate your responsibilities to someone else?","This delegation requirement applies only to a person who is within the specific group that the provisions say they apply to; if you are not in that group, the requirement described here does not apply to you under those provisions [#SRC:e5d9bc4b52307125]. If you are in scope, you must take reasonable steps when you delegate any of your responsibilities. Those steps must ensure (1) you delegate to an appropriate person, and (2) you oversee how that delegated responsibility is carried out effectively [#TGT:003c4c76cc9a33c5]. So, you cannot simply hand off a task and assume it will be handled correctly; you need to make a reasonable judgment that the person you choose is appropriate for what you are delegating, and you must keep effective oversight of how they discharge that responsibility after it has been delegated. The obligation is expressed as taking reasonable steps, which means your actions should be sufficient to show you actively ensured appropriateness at the time of delegation and maintained effective oversight of the delegated work, but only where the provisions apply to you in the first place [#SRC:e5d9bc4b52307125] and as required for delegation and oversight [#TGT:003c4c76cc9a33c5].","(3) 3.1 to 3.3 only apply to a person in (2)(a), (b), or (f).",Senior Manager Conduct Rule 3 : You must take reasonable steps to ensure that any delegation of your responsibilities is to an appropriate person and that you oversee the discharge of the delegated responsibility effectively.,SCHEMA,,basic,UKFIN,hard_enriched,e5d9bc4b52307125,003c4c76cc9a33c5,,,e5d9bc4b52307125,003c4c76cc9a33c5,,,,,HV0181,a3cf1b17fc01b278,ObliQA-XRef_Out_Datasets/final_large_merged/ObliQA-XRef-UKFIN-ALL/final.jsonl,,,,
05c7ee8eb9db3688,"If the PRA is comparing a firm’s SA risk weights to an IRB benchmark to help set the firm’s Pillar 2A credit risk capital, what does the benchmark “range” mean, and what is different for CRE?","The PRA’s approach to informing the setting of firms’ Pillar 2A capital requirement for credit risk is to compare firms’ SA risk weights at a portfolio level against an IRB risk-weight benchmark, using benchmarks the PRA has calculated for portfolios such as mortgages (split into LTV bands), credit cards, corporates, sovereigns and institutions [#SRC:0289bd156b15ee1d]. In that context, the “range” around the benchmark is defined as a plus/minus 15% band, and it should not be treated as simply the spread you would get by looking at IRB firms’ average risk weights [#TGT:27afc0da558bb3b9]. There is one stated exception: for CRE, the possible range is the full range of risk weights outlined for CRE, rather than the plus/minus 15% concept [#TGT:27afc0da558bb3b9]. Separately, the PRA also distinguishes between two benchmark sets—one based on both unexpected and expected losses and another based on unexpected losses only, with the unexpected-loss-only set applying to firms using International Financial Reporting Standards where 12 months’ expected credit losses may already be covered by the SA Pillar 1 capital charge [#SRC:0289bd156b15ee1d].","The methodology used to inform the setting of firms’ Pillar 2A capital requirement for credit risk is based on a comparison of firms’ SA risk weights at a portfolio level to an IRB risk-weight benchmark. The PRA has created two sets of benchmarks. One is calculated based on both unexpected and expected losses (see Table A1 ). The other is based on unexpected losses only (see Table A2 ). The latter applies to firms using International Financial Reporting Standards and for which 12 months’ expected credit losses may already be covered by the SA Pillar 1 capital charge. Benchmarks have been calculated for mortgages (distinguished by loan to value (LTV) bands into fourteen categories), credit cards (both domestic and international), corporates, sovereigns and institutions (the latter two mapped to credit quality steps).","6. The range stated is /- 15% and is not the simple range of IRB firms’ average risk weights, with the exception of the possible range for CRE which is the full range of risk weights outlined by CRR Articles 153(5) and 158(6).",SCHEMA,,basic,UKFIN,hard_enriched,0289bd156b15ee1d,27afc0da558bb3b9,,,0289bd156b15ee1d,27afc0da558bb3b9,,,,,HV0182,05c7ee8eb9db3688,ObliQA-XRef_Out_Datasets/final_large_merged/ObliQA-XRef-UKFIN-ALL/final.jsonl,,,,
4a0aae05ee8d9eba,"Where the PRA would treat a communication as “advertising materials” because it contains an invitation to make a deposit or information intended (or reasonably presumed intended) to lead directly or indirectly to making a deposit, what must a firm not include in that communication regarding the deposit guarantee scheme, and what limited references are permitted?","If a communication falls within what the PRA considers “advertising materials”—because it contains an invitation to make a deposit, or includes information intended (or that might reasonably be presumed intended) to lead directly or indirectly to the making of a deposit, including any means of bringing such an invitation or information to the notice of the persons addressed [#SRC:be6058c4cbea740a]—a firm must not provide any further information about the deposit guarantee scheme within that advertising material beyond tightly limited statements [#TGT:965fc1eca462336c]. Specifically, the firm must not go beyond referring to the fact that the product advertised is or is not covered by the deposit guarantee scheme, except that it may also include any further factual information required by law (including by the applicable requirements referenced in the prohibition) [#TGT:965fc1eca462336c]. In practice, once the content or delivery method is captured by the PRA’s broad definition of advertising materials, the firm’s deposit guarantee scheme messaging must be confined to coverage status and legally required factual disclosures, and it must not add explanatory, promotional, comparative, or other additional scheme-related information in the same advertising materials [#SRC:be6058c4cbea740a] [#TGT:965fc1eca462336c].","In Depositor Protection 18.1 , the PRA considers ‘advertising materials’ to include any materials containing an invitation to make a deposit, or information that is intended or might reasonably be presumed to be intended to lead directly or indirectly to the making of a deposit; and includes any means of bringing such an invitation or such information to the notice of the person or persons to whom it is addressed.","A firm must not, in advertising materials, provide any further information about the deposit guarantee scheme beyond referring to the fact that the product advertised is or is not covered by the deposit guarantee scheme , and to any further factual information required by law including by this Part.",SCHEMA,,professional,UKFIN,hard_enriched,be6058c4cbea740a,965fc1eca462336c,,,be6058c4cbea740a,965fc1eca462336c,,,,,HV0183,4a0aae05ee8d9eba,ObliQA-XRef_Out_Datasets/final_large_merged/ObliQA-XRef-UKFIN-ALL/final.jsonl,,,,
1f30799591a424ca,"When a firm has more material exposure and is therefore expected to use greater skills and expertise among the persons involved in valuing assets, what must the firm have in place to ensure its valuation estimates of assets and liabilities remain reliable and appropriate for compliance purposes, and how will the PRA take the firm’s internal control of asset valuation into account when assessing valuation uncertainty risk management?","Where a firm’s exposure is more material, the PRA expects the persons involved in valuing the firm’s assets to have correspondingly greater skills and expertise, reflecting the increased demands of managing valuation uncertainty risk [#SRC:4937d12fd4d0c0ae]. In parallel, the firm must maintain effective systems and controls so that its valuation estimates for both assets and liabilities are reliable and appropriate for compliance with the applicable valuation requirements [#TGT:847d4c0d71170a5f]. In assessing the firm’s management of valuation uncertainty risk for compliance purposes, the PRA will consider the extent to which the firm meets the requirements relating to internal control over the valuation of assets, so the firm should be able to demonstrate that its governance and control environment supports robust valuation outcomes [#SRC:4937d12fd4d0c0ae]. Taken together, this means the firm should align the competence of the individuals performing or overseeing valuations with the materiality of its exposure, and ensure those individuals operate within a control framework that produces valuation estimates that are dependable and suitable for compliance [#TGT:847d4c0d71170a5f].","When assessing a firm’s management of valuation uncertainty risk for the purposes of complying with the PPP, the PRA will also consider the extent to which the firm satisfies the requirements under Conditions Governing Business 11D relating to the internal control of valuation of assets. The PRA expects that the more material the firm’s exposure, the greater the skills and expertise that will be required of the persons involved in the valuation of these assets.",(1) effective systems and controls to ensure that valuation estimates of their assets and liabilities are reliable and appropriate to ensure compliance with the Valuation Part ; and,SCHEMA,,professional,UKFIN,hard_enriched,4937d12fd4d0c0ae,847d4c0d71170a5f,,,4937d12fd4d0c0ae,847d4c0d71170a5f,,,,,HV0184,1f30799591a424ca,ObliQA-XRef_Out_Datasets/final_large_merged/ObliQA-XRef-UKFIN-ALL/final.jsonl,,,,
bbe9e55131192569,"If Firms can pick any audit method for outsourcing, what do they still need to make sure the method achieves, and how should they scale their approach based on the firm’s size and the importance of the outsourced function?","Firms are permitted to choose any audit method that is appropriate, but only if it enables them to meet their legal, regulatory, operational resilience, and risk management obligations [#SRC:f2bff782c4f63cad]. Separately, Firms should meet the expectations in this SS in a way that fits their size and internal organisation, the nature, scope, and complexity of their activities, and the criticality or importance of the outsourced function, following the principle of proportionality [#TGT:4a6318294bc51b91]. Put together, this means Firms should not treat “any audit method” as a free choice without constraints: the method must be capable of supporting the firm’s obligations, and the depth of assurance should be scaled to what is being outsourced and how important it is. As the arrangement becomes more material or the outsourced function more critical or important, Firms should increase the level of assurance they seek from the audit method so that it remains appropriate to the risks and to the SS expectations [#SRC:f2bff782c4f63cad] [#TGT:4a6318294bc51b91].","Firms can choose any appropriate audit method as long as it enables them to meet their legal, regulatory, operational resilience, and risk management obligations. The level of assurance expected will, however, become more onerous depending on proportionality (ie whether the firm is significant (see Chapter 3 )) and the materiality of the arrangement (see Chapter 5 ). For instance, a significant firm that outsources an important business service for which it has set a low impact tolerance should demand a higher level of assurance.","Firms should meet the expectations in this SS in a manner appropriate to: their size and internal organisation; the nature, scope, and complexity of their activities; and the criticality or importance of the outsourced function, in line with the principle of proportionality.",SCHEMA,,basic,UKFIN,hard_enriched,f2bff782c4f63cad,4a6318294bc51b91,,,f2bff782c4f63cad,4a6318294bc51b91,,,,,HV0185,bbe9e55131192569,ObliQA-XRef_Out_Datasets/final_large_merged/ObliQA-XRef-UKFIN-ALL/final.jsonl,,,,
9727dfd6e8a8bd61,"If a firm reports TMTP to the PRA only in certain reporting periods (and waivers may change that), what does it have to do about recalculating W r on the day it updates M in the TMTP method, including after a transfer event, and how does that fit with doing TMTP calculations more often for internal management?","The firm should first identify the “reporting period” as the reporting periods in which it is required to report TMTP to the PRA under the relevant reporting requirements, as adjusted by any waivers that apply to the firm’s reporting duties [#SRC:5324f23bfbfa472e]. Even though reporting happens in those defined periods, the firm also has a separate, specific timing requirement for W r: whenever it updates the value of M used in the TMTP method, it must, on that same day, calculate a new value of W r, and it must also do so following any transfer event [#TGT:abeb9eaab95b7d3d]. This means the W r recalculation is triggered by the update of M and by transfer events, not only by the calendar of reporting periods [#TGT:abeb9eaab95b7d3d]. The firm may still calculate TMTP more frequently for internal management if it wants to, but that is optional and does not change what counts as a reporting period for PRA reporting or the requirement to recalculate W r on the day M is updated and after transfer events [#SRC:5324f23bfbfa472e] [#TGT:abeb9eaab95b7d3d].","In Transitional Measures on Technical Provisions 5.1 - 5.2 , “reporting period” refers to the reporting periods in which the firm is required to report its TMTP to the PRA in accordance with the Reporting Part of the PRA Rulebook, subject to any waivers. For internal management purposes, firms can calculate TMTP on a more frequent basis if preferred.","For the purpose of calculating the value of ‘W r ’ referred to in 5.1 , a firm must, on the same day on which the value of ‘M’ used in the TMTP method is updated and following any transfer event in accordance with 6.1(3) , calculate a new value for ‘W r ’ as follows:",SCHEMA,,basic,UKFIN,hard_enriched,5324f23bfbfa472e,abeb9eaab95b7d3d,,,5324f23bfbfa472e,abeb9eaab95b7d3d,,,,,HV0186,9727dfd6e8a8bd61,ObliQA-XRef_Out_Datasets/final_large_merged/ObliQA-XRef-UKFIN-ALL/final.jsonl,,,,
6c291f75136b5f1d,"When using this SoP alongside the IRPR regulations and the relevant parts of the PRA Rulebook and related supervisory statements, where should an Applicant look for procedural guidance on how to make an application, and how does that relate to accessing the Prudential Person Principle supervisory statement referenced by the PRA?","Where an Applicant is relying on this SoP in conjunction with the IRPR regulations, the relevant parts of the PRA Rulebook, and the related supervisory statements it lists, the procedural direction for how to make an application is to use the Authorisations page on the PRA’s website as the place to find application-making information [#SRC:6f1cefbb88e9a396]. In parallel, when the Applicant needs to consult the supervisory statement on the Prudential Person Principle that is referenced among those related materials, it should access that supervisory statement via the Bank of England’s prudential regulation publication page provided for ‘Solvency II: Prudent Person Principle’ (June 2024) [#TGT:235eb5a2349a381c]. Taken together, the SoP indicates that application process guidance is obtained through the PRA’s Authorisations web content, while the substantive supervisory statement on the Prudential Person Principle is obtained through the linked publication page. This ensures the Applicant uses the correct PRA web route for application procedure and the correct Bank of England publication route for the referenced supervisory statement when assembling and supporting its application materials.","This SoP should be read in conjunction with the IRPR regulations, the Matching Adjustment Part of the PRA Rulebook, the Investments Part of the PRA Rulebook, the relevant rules in the rest of the Solvency II Sector of the PRA Rulebook, supervisory statement (SS) 7/18 – Solvency II: Matching adjustment 1 , SS1/20 – Solvency II: Prudent Person Principle 2 , SS8/18 – Solvency II: Internal models – modelling of the matching adjustment 3 , SS3/17 – Solvency II: Illiquid unrated assets 4 and the PRA’s insurance approach document. 5 For information about making an application, see the Authorisations page of the PRA’s website.","2. ‘Solvency II: Prudent Person Principle’, June 2024: www.bankofengland.co.uk/prudential-regulation/publication/2020/solvency-ii-prudent-person-principle-ss .",SCHEMA,,professional,UKFIN,hard_enriched,6f1cefbb88e9a396,235eb5a2349a381c,,,6f1cefbb88e9a396,235eb5a2349a381c,,,,,HV0187,6c291f75136b5f1d,ObliQA-XRef_Out_Datasets/final_large_merged/ObliQA-XRef-UKFIN-ALL/final.jsonl,,,,
e404d5f4e67d3d74,"If a firm’s MA portfolio includes less liquid or non-traded assets, can it still use the matching adjustment, and does it need to apply the PRA’s expectations beyond corporate bond assets?","A firm can use the matching adjustment only if it has an MA permission from the PRA; without that permission it cannot apply the MA. With the permission, the firm is permitted to apply the MA to adjust the relevant risk-free interest rate term structure when calculating the best estimate for MA-eligible insurance or reinsurance obligations, and it may also use the MA for determining both technical provisions and the SCR [#SRC:c11c8099a431b8c8]. Where the MA portfolio contains a wide range of assets, including assets that are less liquid, more complex, or not traded, the firm should treat the PRA’s expectations as broader than just corporate bond holdings. While the expectations are described as primarily applying to risks from corporate bond assets, the PRA indicates that many expectations apply regardless of the assets held and should therefore be considered more widely applicable unless the statement says otherwise [#TGT:938b2dd2653608ec]. The firm should also pay attention to places where the statement sets specific expectations for less liquid assets, and apply those where relevant to its own MA portfolio holdings, recognising that further bespoke expectations for other asset types may be issued in future [#TGT:938b2dd2653608ec].","The MA allows firms to adjust the relevant risk-free interest rate term structure for the purpose of calculating the best estimate of a portfolio of MA-eligible insurance or reinsurance obligations. To apply an MA, firms must have an MA permission from the PRA, as per Matching Adjustment 2.1 . Firms with an MA permission are permitted to apply an MA for the purposes of determining both TPs and the SCR. The PRA expects firms to have confidence that the level of MA benefit assumed in each of these calculations is fit for purpose. The PRA’s expectations relating to modelling of the MA within the SCR calculation are set out in SS8/18 . These expectations primarily apply to the risks arising in respect of corporate bond assets within firms’ MA portfolios. However, the PRA recognises that many of the expectations in SS8/18 would apply regardless of the assets held (see paragraph 1.8 of SS8/18 ).","The PRA recognises that many firms hold a relatively wide range of assets in their MA portfolios. These assets will differ in terms of liquidity and complexity; many of them may not be traded assets. The PRA’s expectations set out in this statement primarily apply to the risks arising in respect of corporate bond assets within firms’ MA portfolios. However, many of the expectations apply irrespective of the assets held and the PRA would therefore expect firms to consider the expectations set out in the SS to be more widely applicable unless specifically stated otherwise. In a number of places (eg paragraphs 4.10 , 4.15 , 4.20 , 4.22 , 5.17 and 5.18 ) the SS sets out specific expectations in relation to less liquid assets. In future, the PRA may issue further, more bespoke, expectations for the SCR treatment of other assets within an MA portfolio, such as illiquid assets.",SCHEMA,,basic,UKFIN,hard_enriched,c11c8099a431b8c8,938b2dd2653608ec,,,c11c8099a431b8c8,938b2dd2653608ec,,,,,HV0188,e404d5f4e67d3d74,ObliQA-XRef_Out_Datasets/final_large_merged/ObliQA-XRef-UKFIN-ALL/final.jsonl,,,,
6cc3ccfdfcb49a03,"For the Prudential Regulation Authority’s supervisory expectations that evolve as non-systemic UK-incorporated banks grow from authorisation to being regarded as fully established banks, which firms fall within the defined category of “new banks” based on mobilisation status, authorisation restrictions, and the 12‑month timing since authorisation?","The Prudential Regulation Authority’s supervisory expectations described here apply to ‘new and growing’ non-systemic UK-incorporated banks (collectively referred to as ‘banks’) and are framed as evolving as those banks grow from the point of authorisation to being regarded as fully established banks [#SRC:1dd002d682527b05]. Within that scope, “new banks” are specifically the firms that are either (i) in the mobilisation stage, meaning they have authorisation with restrictions, or (ii) have received authorisation without restrictions within the past 12 months, including firms that have exited mobilisation or were authorised without using the mobilisation period [#TGT:ac9d92c59779a4e0]. Read together, this means a non-systemic UK-incorporated bank is treated as “new” for purposes of these evolving supervisory expectations when it is still operating under restricted authorisation during mobilisation, or when it has only recently moved to (or started with) unrestricted authorisation and remains within the first 12 months of that status. This definition helps determine when the bank is at the earliest stage of the growth path covered by the supervisory expectations, before it is regarded as fully established.","This Supervisory Statement (SS) provides an overview of how the Prudential Regulation Authority’s (PRA)’s supervisory expectations of ‘new 1 and growing 2 ’non-systemic 3 UK-incorporated banks 4 , 5 (collectively referred to as ‘banks’), evolve as they grow from the point of authorisation to being regarded as fully established banks.",1. New banks refers to firms that are in the ‘mobilisation stage’ (authorisation with restrictions) and those that have received authorisation without restrictions within the past 12 months (e.g. exited mobilisation or authorised without using the mobilisation period).,SCHEMA,,professional,UKFIN,hard_enriched,1dd002d682527b05,ac9d92c59779a4e0,,,1dd002d682527b05,ac9d92c59779a4e0,,,,,HV0189,6cc3ccfdfcb49a03,ObliQA-XRef_Out_Datasets/final_large_merged/ObliQA-XRef-UKFIN-ALL/final.jsonl,,,,
46a79d6a12c79e85,"If you are working out what reporting and disclosure is expected under this supervisory statement, how should you read those expectations in light of the PRA’s approach to transitional relief, and where can you find the directions and guidance you need to check?","You should interpret the reporting and disclosure expectations that are within the scope of this supervisory statement by taking into account the PRA’s approach to transitional relief as it is set out in a direction and accompanying guidance [#SRC:cddb9c1a2aa676c5]. That means you should not rely only on the supervisory statement wording when deciding what to report or disclose; you should read it together with the direction and guidance that explain the PRA’s approach to transitional relief, and then apply the expectations in a way that is consistent with that approach. To make sure you are using the correct materials, you should obtain the directions and accompanying guidance from the place where they are made available online, which is the Bank of England webpage that provides access to the directions and accompanying guidance on transitioning to post-exit rules and standards [#TGT:d1107d21ebab9777]. Checking that source helps ensure your interpretation aligns with the same direction and guidance referenced by the PRA.",The PRA has set out in a direction and accompanying guidance 5 the approach it is taking to transitional relief. The reporting and disclosure expectations in scope of this supervisory statement should be interpreted in light of the direction and guidance.,5. The directions and accompanying guidance are available at: https://www.bankofengland.co.uk/eu-withdrawal/transitioning-to-post-exit-rules-and-standards .,SCHEMA,,basic,UKFIN,hard_enriched,cddb9c1a2aa676c5,d1107d21ebab9777,,,cddb9c1a2aa676c5,d1107d21ebab9777,,,,,HV0190,46a79d6a12c79e85,ObliQA-XRef_Out_Datasets/final_large_merged/ObliQA-XRef-UKFIN-ALL/final.jsonl,,,,
096edb20f93854d8,"If a derogation only changes the earlier valuation provisions and does not change the later valuation provisions except where they point back to the earlier ones for recognition or valuation, what does a firm have to do to recognise assets and liabilities, and when can the derogation affect that?","A firm must recognise assets and liabilities in conformity with UK-adopted international accounting standards, and it should do so while respecting the limited scope of the derogation described in the valuation framework. The scope text explains that the derogation relates to the earlier valuation provisions and does not affect the application of the later valuation provisions, except to the extent those later provisions refer back to the earlier valuation provisions for recognition or valuation. So the firm should continue to apply the later valuation provisions as normal, and only allow the derogation to influence outcomes where a later provision explicitly depends on the earlier valuation provisions for recognition or valuation. This keeps the firm’s recognition approach anchored in the accounting standards requirement [#TGT:0179241db33533af] while ensuring the derogation is not applied more widely than intended, and is used only for the specific cross-referenced recognition or valuation elements described in the scope statement [#SRC:53d338d2a0530445].","The derogation relates to Valuation 5.1 and 5.2 , but does not affect the application of Valuation 6 to 12 except to the extent that these provisions refer back to Valuation 5 regarding recognition or valuation. Therefore in addition to Valuation 5 :",A firm must recognise assets and liabilities in conformity with UK-adopted international accounting standards .,SCHEMA,,basic,UKFIN,hard_enriched,53d338d2a0530445,0179241db33533af,,,53d338d2a0530445,0179241db33533af,,,,,HV0191,096edb20f93854d8,ObliQA-XRef_Out_Datasets/final_large_merged/ObliQA-XRef-UKFIN-ALL/final.jsonl,,,,
0da2d02622317130,"If a firm must safeguard the independence of the risk function and oversee how it performs (including the performance of a person approved to perform the Chief Risk function), what does the firm have to do to make sure the head of the risk management function is independent and properly appointed, and when can another senior person do that job instead?","The firm must put in place responsibility for safeguarding the independence of the risk function and for overseeing how the risk function performs, including overseeing the performance of a person approved to perform the Chief Risk function on behalf of the firm [#SRC:8c09718d22d2ff24]. At the same time, the firm must ensure that the head of the risk management function is an independent senior manager who has distinct responsibility for the risk management function [#TGT:2ec6e3f7d857bd07]. If the firm’s activities are such that their nature, scale and complexity do not justify having a specially appointed person as head, the firm may allow another senior person within the firm to fulfil that head-of-function role, but only if there is no conflict of interest [#TGT:2ec6e3f7d857bd07]. The firm must also ensure that the head of the risk management function cannot be removed unless the management body gives prior approval, and that the head can access the management body directly where necessary [#TGT:2ec6e3f7d857bd07]. These points collectively support the required independence and effective oversight of the risk function and the approved Chief Risk function holder [#SRC:8c09718d22d2ff24].","(17) responsibility for safeguarding the independence of, and overseeing of the performance of, the risk function , including the performance of a person approved to perform the Chief Risk function on behalf of the firm , in accordance with Risk Control 3.4 and 3.5 (PR L) ;","A firm must ensure that the head of the risk management function is an independent senior manager with distinct responsibility for the risk management function. Where the nature, scale and complexity of the activities of the firm do not justify a specially appointed person , another senior person within the firm may fulfil that function, provided there is no conflict of interest. A firm must ensure that the head of the risk management function must not be removed without prior approval of the management body and is able to have direct access to the management body where necessary.",SCHEMA,,basic,UKFIN,hard_enriched,8c09718d22d2ff24,2ec6e3f7d857bd07,,,8c09718d22d2ff24,2ec6e3f7d857bd07,,,,,HV0192,0da2d02622317130,ObliQA-XRef_Out_Datasets/final_large_merged/ObliQA-XRef-UKFIN-ALL/final.jsonl,,,,
c9e6d8dc3f53e338,"If a firm has to explain whether its systems for meeting the requirement to mark eligible deposits so they can be identified immediately have been checked by auditors, what exactly must it say, and what must it add if the auditors did review the systems?","The firm must provide a statement saying whether the firm’s systems used to comply with the requirement to mark eligible deposits so they can be immediately identified have been reviewed by internal or external auditors [#TGT:60b306349873ce31]. This is about the firm’s compliance systems that support the marking and immediate identification of eligible deposits, not just the day-to-day act of marking deposits. If the firm’s systems have been reviewed, the firm must also include a statement of the findings from that review, meaning it must summarize what the internal or external auditors found when they assessed those systems [#SRC:64bec8980f6b4a13]. So the statement must cover two things: (1) whether an internal or external audit review happened, and (2) if it did happen, what the review concluded. The firm should ensure the statement clearly links the review and any findings to the systems that enable it to meet the marking requirement for eligible deposits.","(3) a statement of whether the firm’s systems to comply with 11.1 and 11.2 have been reviewed by internal or external auditors, and, if so, a statement of the findings of that review; and",A firm must mark eligible deposits in a way that allows for the immediate identification of such deposits .,SCHEMA,,basic,UKFIN,hard_enriched,64bec8980f6b4a13,60b306349873ce31,,,64bec8980f6b4a13,60b306349873ce31,,,,,HV0193,c9e6d8dc3f53e338,ObliQA-XRef_Out_Datasets/final_large_merged/ObliQA-XRef-UKFIN-ALL/final.jsonl,,,,
03497c23b194dce8,"If a firm uses an outsourcer for some or all of its internal credit assessment work, what does the PRA expect the firm to do so the outsourced assessments meet the PRA’s expanded expectations for internal credit assessments?","If a firm outsources some or all of its internal credit assessment process, it needs to ensure the outsourced internal credit assessments for assets meet the PRA’s expanded expectations for internal credit assessments [#SRC:e46640365e209635]. The PRA expects the firm to demonstrate that the outsourcer’s systems and processes are effective, and this includes showing that validation is in place and works as intended [#TGT:abeb4286e603ff85]. The firm should also be able to provide evidence that it has appropriate oversight systems and processes, including governance, for the outsourced credit assessments, and that these oversight arrangements have been carried out effectively in practice [#TGT:abeb4286e603ff85]. In other words, the firm should not treat outsourcing as transferring responsibility: it must be able to show both that the outsourced assessments align with the PRA’s expanded expectations and that the outsourcer’s methods are controlled, validated, and overseen through effective firm-led governance and monitoring [#SRC:e46640365e209635] [#TGT:abeb4286e603ff85].",[First sentence moved to 2.4B ] The PRA’s expectations for internal credit assessments are expanded on in paragraphs 2.8A to 2.8N below.,"Where some or all of the internal credit assessment process is outsourced, the PRA expects firms also to demonstrate the effectiveness of the systems and processes that the outsourcer has in place, including validation, in order to ensure that outsourced internal credit assessments for assets satisfy the expectations set out in paragraphs 2.8A to 2.8M above and that the requirements of Rules 7.1A , 7.2A and 7.5 to 7.8 in the Conditions Governing Business Part of the PRA Rulebook are also satisfied. Firms should provide evidence that appropriate oversight systems and processes including governance are in place and have been carried out effectively for outsourced credit assessments.",SCHEMA,,basic,UKFIN,hard_enriched,e46640365e209635,abeb4286e603ff85,,,e46640365e209635,abeb4286e603ff85,,,,,HV0194,03497c23b194dce8,ObliQA-XRef_Out_Datasets/final_large_merged/ObliQA-XRef-UKFIN-ALL/final.jsonl,,,,
030f9d61abd3125f,"When designing its policy for managing positions and collateral across relevant entities, what must a firm set out about the factors that determine when positions are offset or closed and the expected timeline for doing so, and how must it ensure it can identify legal and operational features that affect collateral management, including transfers within the group and to third parties?","A firm should document, in its policy, the specific factors it will use to decide when a position should be offset or closed, and it should also specify the expected timeline for taking those actions, so that position management is governed by clear decision criteria and time expectations [#SRC:0fc504dca2fa1201]. This policy should sit within effective, consolidated risk management oversight across the relevant entities and be calibrated to a level commensurate with the structure of the relevant business division, so that the consolidation point matches how seniority and reporting lines are organised [#SRC:0fc504dca2fa1201]. In parallel, the firm should be able to identify legal and operational features that impact the management of collateral, including features affecting the transfer of collateral both within the group and to third parties, so that collateral movements and constraints are understood and can be managed in practice [#TGT:08d9645cfabc4417]. Taken together, the policy’s decision factors and timelines for offsetting/closing positions should be operationally workable in light of those identified legal and operational constraints on collateral transfers [#SRC:0fc504dca2fa1201] [#TGT:08d9645cfabc4417].","d) effective, consolidated risk management oversight is in place across the relevant entities. This consolidated risk management should be set at a level that is commensurate with the structure of the relevant business division. As an example, if there are two senior business heads and they both report directly to the global business head, that would be the appropriate level. But if they are two more junior business heads, the consolidation should occur at a lower level. In addition, firms should consider what they need to manage their risks holistically both in business-as-usual and in a crisis. It is generally considered good practice to have a free flow of collateral between desks, and this is particularly helpful in a crisis so banks may be able to avoid hedging with the market externally unnecessarily. Similarly, there may be advantages to having the ability to reduce offsetting inventory positions by way of periodic inter-affiliate transactions, and the ability to pool collateral between entities and branches for centralised financing and short-covering purposes. The firm’s policy should set out the factors determining when a position should be offset or closed and the expected timeline for taking such actions. This approach is consistent with the Bank of England’s expectations under the UK Resolution Assessment Framework. 39","39. Firms should also be able to identify any legal and operational features that impact the management of collateral, including the transfer of collateral both within the group and to third parties”. See Resolvability Assessment of Major UK Banks 2024. https://www.bankofengland.co.uk/financial-stability/resolution/resolvability-assessment-framework/resovability-assessment-of-major-uk-banks-2024",SCHEMA,,professional,UKFIN,hard_enriched,0fc504dca2fa1201,08d9645cfabc4417,,,0fc504dca2fa1201,08d9645cfabc4417,,,,,HV0195,030f9d61abd3125f,ObliQA-XRef_Out_Datasets/final_large_merged/ObliQA-XRef-UKFIN-ALL/final.jsonl,,,,
dfdee79151ab30be,"If an outsourcing deal is material and the PRA expects the written contract to cover areas like data security, audit and access rights, sub-outsourcing, and business continuity and exit, what do banks and insurers have to do about putting the outsourcing arrangement in writing?","Banks and insurers have to make sure the outsourcing arrangement is set out in a written agreement, and for material outsourcing that written agreement should cover the minimum areas the PRA expects. In practice, this means the firm should not only have a signed written contract for the outsourcing arrangement, but also ensure the contract includes terms dealing with data security, access, audit and information rights, sub-outsourcing, and business continuity and exit strategies, because these are identified as the minimum areas the PRA expects written agreements relating to material outsourcing to address [#SRC:7ee6ded449cc3c29]. Separately, there is a baseline requirement that all outsourcing arrangements must be set out in a written agreement for banks and insurers [#TGT:9752e97c411082aa]. Read together, the firm should treat the written agreement as the main control document: it must exist for every outsourcing arrangement, and for material outsourcing it should be detailed enough to cover the specific minimum topics the PRA expects.","Chapter 6 lists the areas that the PRA expects written agreements relating to material outsourcing to address as a minimum. The following four areas are then examined in detail in Chapters 7–10: data security ( Chapter 7 ); access, audit, and information rights ( Chapter 8 ); sub-outsourcing ( Chapter 9 ); and business continuity and exit strategies ( Chapter 10 ).","In line with Article 31(3) of MODR (banks) and Conditions Governing Business 7.5(3) (insurers), all outsourcing arrangements must be set out in a written agreement.",SCHEMA,,basic,UKFIN,hard_enriched,7ee6ded449cc3c29,9752e97c411082aa,,,7ee6ded449cc3c29,9752e97c411082aa,,,,,HV0196,dfdee79151ab30be,ObliQA-XRef_Out_Datasets/final_large_merged/ObliQA-XRef-UKFIN-ALL/final.jsonl,,,,
2a4713a2b280c0a3,"When the PRA sets and collects periodic fees each year to recover its Annual Funding Requirement, how should the Annual Funding Requirement be defined in terms of the types of regulatory costs it reflects, and what category of budgeted costs must be excluded from that definition?","For the purpose of periodic fees that are set by the PRA and collected each year to recover the PRA’s Annual Funding Requirement, the Annual Funding Requirement should be defined by reference to the cost categories it is intended to recover and the cost categories it expressly does not recover. On the inclusion side, the Annual Funding Requirement reflects the costs relating to Ongoing Regulatory Activities, meaning the costs the PRA incurs in performing its functions as regulator, and it may also reflect exceptional costs (for example, costs arising from recent changes in the scope of regulation) where those exceptional costs are not incorporated into Ongoing Regulatory Activities costs [#SRC:85621563f8cf9168]. On the exclusion side, the Annual Funding Requirement does not include any special project fee costs where those costs are budgeted, so those budgeted special project fee costs must be kept outside the Annual Funding Requirement even though periodic fees are collected to recover it [#TGT:230a19b54b13bd74]. Taken together, this means the Annual Funding Requirement is a funding measure tied to ongoing regulatory and certain exceptional regulatory costs, but it is not a vehicle for recovering budgeted special project fee costs.","Periodic fees are set by the PRA and collected each year in order to recover the PRA’s Annual Funding Requirement (AFR). The AFR reflects: 1 • costs relating to Ongoing Regulatory Activities (ORA), being the costs which the PRA incurs in performing its functions as regulator; and • any exceptional costs (eg to reflect recent changes in the scope of regulation) not incorporated into ORA costs.","1. Note: the AFR does not include any special project fee (SPF) costs, where these are budgeted.",SCHEMA,,professional,UKFIN,hard_enriched,85621563f8cf9168,230a19b54b13bd74,,,85621563f8cf9168,230a19b54b13bd74,,,,,HV0197,2a4713a2b280c0a3,ObliQA-XRef_Out_Datasets/final_large_merged/ObliQA-XRef-UKFIN-ALL/final.jsonl,,,,
e48221c2f2cc8ff4,"For undertakings referred to in the specified category, and excluding undertakings covered by the separate carve-out, what must the equity risk sub-module include when determining the relevant amount under the referenced valuation and standard formula provisions?","For undertakings referred to in the specified category, the scope condition is that the approach applies to those undertakings except where they fall within the separate exclusion for undertakings covered by the carve-out, and the amount is to be determined in accordance with the referenced valuation and standard formula provisions [#SRC:a19de5e5078439a5]. Within that scoped determination, the equity risk sub-module must be structured to include distinct risk sub-modules covering type 1 equities and type 2 equities, and it must also include dedicated risk sub-modules for qualifying infrastructure equities and for qualifying infrastructure corporate equities [#TGT:8a3ef0d20b9b4dac]. In practice, this means that, for an undertaking that is in-scope (i.e., within the referred category and not within the carve-out), the equity risk component cannot be treated as a single undifferentiated charge; it must be decomposed into the four specified equity categories so that the amount determined under the referenced framework reflects each required sub-module. The exclusion matters because undertakings within the carve-out are not subject to this scoped determination pathway [#SRC:a19de5e5078439a5].","(4) for undertakings referred to in 11.1A(6) , other than undertakings covered by point (5) of this rule, the amount determined in accordance with Valuation 9 and Solvency Capital Requirement – Standard Formula 3D7 - 3D11 , 3D26 – 3D31 and 3D32 ; and","The equity risk sub-module must include a risk sub-module for type 1 equities, a risk sub-module for type 2 equities, a risk sub-module for qualifying infrastructure equities and a risk sub-module for qualifying infrastructure corporate equities.",SCHEMA,,professional,UKFIN,hard_enriched,a19de5e5078439a5,8a3ef0d20b9b4dac,,,a19de5e5078439a5,8a3ef0d20b9b4dac,,,,,HV0198,e48221c2f2cc8ff4,ObliQA-XRef_Out_Datasets/final_large_merged/ObliQA-XRef-UKFIN-ALL/final.jsonl,,,,
26739e970ab793af,"If an undertaking wants to set up or change a debt securities programme to issue something the firm plans to count as basic own funds for the group SCR, what does the firm have to check about earlier information it gave to the PRA and about changes in law, and what must the programme say about what each instrument issued under it is?","If an undertaking proposes to establish or amend a debt securities programme to issue an item the firm intends to include within the basic own funds forming the own funds eligible for the group SCR, the firm must ensure the programme meets conditions that protect both regulatory compliance and the intended own-funds treatment [#TGT:d43cd8def623245e]. First, the firm must make sure the programme still complies even if there have been changes in law or regulation, or in how those rules are interpreted or applied, since the last time the programme was notified; and the firm must also ensure that the information previously notified to the PRA about the programme is not affected by those changes [#SRC:a0002fe3a6bea784]. Second, the firm must ensure the programme’s terms require that any instrument issued under the programme constitutes basic own funds, so that instruments issued pursuant to the programme match the firm’s intention to include them within basic own funds for group SCR eligibility [#SRC:a0002fe3a6bea784]. Together, these points describe what the firm must ensure when it is proposing to set up or change the programme for that purpose [#TGT:d43cd8def623245e].","(b) the programme complies with, and the information previously notified to the PRA in accordance with 6.4 in relation to the programme is unaffected by, any changes in law or regulation, or the interpretation or application of either, coming into effect since the last notification in accordance with 6.4 ; and (c) any instrument issued pursuant to the programme must, under the terms of the programme, constitute basic own funds ; and","If an undertaking proposes to establish or amend a debt securities programme for the issue of an item which the firm intends to include within the basic own funds forming the own funds eligible for the group SCR , the firm must:",SCHEMA,,basic,UKFIN,hard_enriched,a0002fe3a6bea784,d43cd8def623245e,,,a0002fe3a6bea784,d43cd8def623245e,,,,,HV0199,26739e970ab793af,ObliQA-XRef_Out_Datasets/final_large_merged/ObliQA-XRef-UKFIN-ALL/final.jsonl,,,,
291b3770ae2bb00b,"When providing resolution planning information about the group’s preparations, what must the firm do to ensure it is prepared for an orderly resolution with minimal disruption of critical services, and how should it respond if the PRA and the Bank as resolution authority—after discussing with one or both among the home state supervisor and home resolution authority—determine that additional information is required?","The firm must ensure that its resolution planning materials describe and support concrete preparations that enable the firm to be resolved in an orderly manner, if needed, while minimising disruption to critical services [#TGT:ba7a108ec58f63f0]. In practice, this means the firm’s resolution planning information should cover the group’s preparations for resolution and present them in a way that demonstrates readiness for orderly resolution outcomes, rather than treating the submission as a purely descriptive exercise [#SRC:b277461e673dbd9a]. The firm should also be prepared for supervisory follow-up: the PRA and the Bank as resolution authority may engage with external authorities by discussing the firm’s position with one or both among the home state supervisor and home resolution authority, and then assess whether the firm needs to provide further information [#SRC:b277461e673dbd9a]. Accordingly, the firm should maintain its resolution planning information so it can promptly supply any additional information requested, ensuring that any supplemental materials continue to evidence the firm’s preparedness for resolution and its ability to protect continuity of critical services [#TGT:ba7a108ec58f63f0].","resolution planning, including information regarding the group’s preparations for resolution consistent with Fundamental Rule 8 (the PRA, and the Bank as resolution authority, will discuss with one or both among the home state supervisor and home resolution authority, and then consider if any additional information is required from the firm).","Fundamental Rule 8: A firm must prepare for resolution so, if the need arises, it can be resolved in an orderly manner with a minimum disruption of critical services.",SCHEMA,,professional,UKFIN,hard_enriched,b277461e673dbd9a,ba7a108ec58f63f0,,,b277461e673dbd9a,ba7a108ec58f63f0,,,,,HV0200,291b3770ae2bb00b,ObliQA-XRef_Out_Datasets/final_large_merged/ObliQA-XRef-UKFIN-ALL/final.jsonl,,,,
