qa_id,question,expected_answer,source_text,target_text,method,split,persona,corpus,sampling_regime,source_passage_pid,target_passage_pid,source_doc_id,target_doc_id,source_passage_label,target_passage_label,reference_text,reference_type,ReferenceText,ReferenceType,annotation_id,original_item_id,source_path,question_validity_clarity,question_fluency_naturalness,source_target_evidence_dependency,comment
d0307902f53d75e0,"When including data from related undertakings linked by a common management relationship on a proportional-share basis, how must intra-group transactions be treated in the data used to calculate consolidated group own funds?","In calculating consolidated group own funds, the data used must be adjusted so that it excludes the effects of intra-group transactions, even where the data being brought in relates to related undertakings connected through a common management relationship and is included on a proportional-share basis. [#SRC:907d8b8e4af834c2] Specifically, where data of related undertakings linked by a common management relationship is included using the proportional share approach (and included in line with the applicable inclusion approaches referenced for such data), that inclusion does not remove the need to ensure the underlying data is net of intra-group transactions for the consolidated own-funds calculation. [#TGT:477b207547388eb5] Accordingly, the compliance outcome is that proportional-share inclusion determines how much of the related undertaking’s data is brought into the consolidation, while the netting requirement determines how that data must be presented for the consolidated group own-funds calculation—i.e., after removing intra-group transaction effects from the relevant data inputs. [#SRC:907d8b8e4af834c2] [#TGT:477b207547388eb5]","For the purposes of the calculation of the consolidated group own funds , the data referred to in 11.1A and 11.1B shall be net of any intra-group transaction .","Notwithstanding point (4) of 11.1A data of related undertakings linked by a common management relationship shall be included in accordance with points (1), (3), (4), (5) or (6) of 11.1A on the basis of the proportional share as referred to in Chapter 8 .",DPEL,,professional,UKFIN,mixed_difficulty,907d8b8e4af834c2,477b207547388eb5,,,907d8b8e4af834c2,477b207547388eb5,,,,,HV0101,d0307902f53d75e0,ObliQA-XRef_Out_Datasets/final_large_merged/ObliQA-XRef-UKFIN-ALL/final.jsonl,,,,
d2f7d3287e9cb100,"If a derivative has several important risk drivers, when do you map it to one risk category versus several, and what do you need to be ready to show the competent authorities about the hedging sets for those categories?","You need to (1) map the derivative to the right risk category or categories based on its material risk drivers, and (2) be able to provide specific hedging-set information by risk category if the competent authorities ask. [#SRC:83d0ae2a5dfdf3ce] If all the material risk drivers for the derivative fall in the same risk category, you map the transaction only once to that category, using the most material risk driver as the basis. [#TGT:28d975e9bccdd9ad] If the material risk drivers fall into different risk categories, you map the transaction once to each risk category where it has at least one material risk driver, and you use the most material risk driver within each category for that mapping. [#TGT:28d975e9bccdd9ad] After hedging sets are established for each risk category, you must be able to provide, on request: how many hedging sets exist in each risk category; the primary or most material risk driver for the relevant transactions (or, where applicable, the pair of risk drivers for each hedging set); and how many transactions are in each hedging set. [#SRC:83d0ae2a5dfdf3ce]","Institutions shall make available upon request by the competent authorities the number of hedging sets established in accordance with paragraph 2 of this Article for each risk category, with the primary risk driver, or the most material risk driver in the given risk category for transactions referred to in Article 277(3) , or the pair of risk drivers of each of those hedging sets and with the number of transactions in each of those hedging sets .","By way of derogation from paragraph 2 , institutions shall map derivative transactions that have more than one material risk driver to more than one risk category. Where all the material risk drivers of one of those transactions belong to the same risk category, institutions shall only be required to map that transaction once to that risk category on the basis of the most material of those risk drivers. Where the material risk drivers of one of those transactions belong to different risk categories, institutions shall map that transaction once to each risk category for which the transaction has at least one material risk driver, on the basis of the most material of the risk drivers in that risk category.",DPEL,,basic,UKFIN,mixed_difficulty,83d0ae2a5dfdf3ce,28d975e9bccdd9ad,,,83d0ae2a5dfdf3ce,28d975e9bccdd9ad,,,,,HV0102,d2f7d3287e9cb100,ObliQA-XRef_Out_Datasets/final_large_merged/ObliQA-XRef-UKFIN-ALL/final.jsonl,,,,
9f6a43f2eec1dad8,"When a firm is maintaining the transitional measure on technical provisions over the transitional period, under what circumstances may it recalculate the measure more frequently than the standard interval, and where is the PRA’s clarification on the recalculation process made available online?","A firm may recalculate the transitional measure on technical provisions (TMTP) on a regular cycle of every 24 months, but it can do so more often if the firm’s risk profile has materially changed; this reflects the Directive approach that is described as being transposed into HM Treasury’s Solvency 2 Regulations 2015 and is the baseline against which the PRA sets its expectations for maintaining TMTP over the transitional period and handling recalculations. [#SRC:f12971ae475fa040] The PRA’s clarification is provided through a supervisory statement intended to explain the PRA’s expectations on maintaining TMTP and the recalculation process, and the online location for the November 2016 update to that supervisory statement is the Bank of England PRA webpage at www.bankofengland.co.uk/pra/Pages/publications/ss/2016/ss1715update.aspx. [#TGT:8db537fa9d23cb87] In practice, to align with these expectations, the firm should treat the 24‑month interval as the default recalculation cadence while being prepared to justify a more frequent recalculation by demonstrating that a material change in its risk profile has occurred, and it should consult the referenced online supervisory statement update for the PRA’s clarifications on process and maintenance over the transitional period. [#SRC:f12971ae475fa040] [#TGT:8db537fa9d23cb87]","The Solvency II Directive allows for a recalculation of the transitional measure on technical provisions (TMTP) 1 every 24 months, or more frequently where the risk profile of the firm has materially changed. These Directive provisions have been transposed by HM Treasury’s Solvency 2 Regulations 2015 (2015/575) (see Regulation 54) 2 . The purpose of this supervisory statement is to provide clarity with respect to the PRA’s expectations as to how the TMTP should be maintained over the transitional period and the process for recalculations of the TMTP. It should be read alongside Regulation 54 of the Solvency 2 Regulations 2015, the Transitional Measures Part of the PRA Rulebook and the Supervisory Statement 17/15 ‘Solvency II: transitional measures on risk-free interest rates and technical provisions’ 3 .",3. November 2016: www.bankofengland.co.uk/pra/Pages/publications/ss/2016/ss1715update.aspx,DPEL,,professional,UKFIN,mixed_difficulty,f12971ae475fa040,8db537fa9d23cb87,,,f12971ae475fa040,8db537fa9d23cb87,,,,,HV0103,9f6a43f2eec1dad8,ObliQA-XRef_Out_Datasets/final_large_merged/ObliQA-XRef-UKFIN-ALL/final.jsonl,,,,
05e60eb208924d28,"If the scheme’s funds once hit the target level but later fall to under two-thirds of that target, what does the FSCS have to do about levies—and how does that fit with the need to pay back any money it borrowed under the loan arrangements?","If the deposit guarantee scheme’s available financial means have reached the target level for the first time and then later fall to less than two-thirds of that target, the FSCS must impose regular DGS compensation cost levies on DGS members at a level that lets the scheme reach the target level again within six years. [#TGT:c7ca74e274b138ba] Separately, when the FSCS has borrowed amounts under the referenced borrowing arrangements, it must impose a DGS compensation costs levy on DGS members that is large enough to repay what was borrowed within a reasonable time, and it must meet the repayment deadlines in the applicable loan agreement (and the referenced related provision). [#SRC:6bd5528a11ff8d7e] Put together, the FSCS needs to set levies so they achieve both outcomes at the same time: rebuilding the scheme’s funds back to the target level within the six-year window triggered by the drop below two-thirds, while also ensuring the borrowed amounts are repaid on the loan agreement’s timetable and within a reasonable time. [#TGT:c7ca74e274b138ba] [#SRC:6bd5528a11ff8d7e]",The FSCS must impose a DGS compensation costs levy on DGS members sufficient to repay any amounts borrowed in accordance with 32.2 within a reasonable time and in accordance with repayment deadlines under the applicable loan agreement and 34.3 .,"(1) If, after the available financial means of the deposit guarantee scheme have reached the target level for the first time, the available financial means have been reduced to less than two-thirds of the target level , the FSCS must impose regular DGS compensation cost levies on DGS members at a level allowing the target level to be reached again within six years.",DPEL,,basic,UKFIN,mixed_difficulty,6bd5528a11ff8d7e,c7ca74e274b138ba,,,6bd5528a11ff8d7e,c7ca74e274b138ba,,,,,HV0104,05e60eb208924d28,ObliQA-XRef_Out_Datasets/final_large_merged/ObliQA-XRef-UKFIN-ALL/final.jsonl,,,,
0245ac9fe25ebe1b,"When a firm is valuing with-profits policy liabilities, under what circumstances must it move away from a retrospective calculation and instead use a prospective calculation, and what is the required prospective valuation method for the liabilities that fall within scope?","A firm must switch from a retrospective calculation to a prospective calculation when the retrospective approach would not adequately reflect the value of the with-profits policy liabilities, or when the firm can demonstrate that using the retrospective approach is not practicable; in assessing practicability and appropriateness, the PRA expects the firm to consider the nature of its with-profits policies and whether the retrospective results would be meaningful, with whole of life policies (or other policies where a retrospective result could be negative or materially lower than a prospective value) given as examples where a prospective approach might be needed. [#SRC:681709c2b6db278a] When those circumstances apply, the firm must calculate the value of its with-profits policy liabilities on a prospective basis for the liabilities in scope (excluding future policy-related liabilities). [#TGT:4234a0c42c171b96] The prospective calculation must be performed as an aggregate across each with-profits policy, using the net present values of the expected future cash-flows specified for that purpose. [#TGT:4234a0c42c171b96]","Surplus Funds 3.2 generally requires the value of with-profits policy liabilities to be calculated on the basis of a retrospective approach set out in Surplus Funds 3.3 . However, where this approach would not adequately reflect the value of the liabilities, or the firm is able to demonstrate that this approach is not practicable, then the prospective basis for calculation in Surplus Funds 3.4 is required. The PRA expects firms to consider whether the application of the retrospective approach would be practicable given the nature of their with-profits policies and, even if possible, whether the results would be meaningful or an appropriate basis for the calculations. While each firm will need to consider its own specific circumstances, whole of life policies or other policies where the result of the retrospective calculation might be negative or significantly lower than the value calculated using the prospective approach are examples where the prospective approach might be necessary.","Where the circumstances set out in 3.2 apply, a firm must calculate the value of its with-profits policy liabilities (other than future policy-related liabilities ) on a prospective basis as the aggregate of the net present values of the following expected future cash-flows in respect of each with-profits policy :",DPEL,,professional,UKFIN,mixed_difficulty,681709c2b6db278a,4234a0c42c171b96,,,681709c2b6db278a,4234a0c42c171b96,,,,,HV0105,0245ac9fe25ebe1b,ObliQA-XRef_Out_Datasets/final_large_merged/ObliQA-XRef-UKFIN-ALL/final.jsonl,,,,
a9cf7943a6f83fe5,"For a CTP operational incident, what is the timing and trigger for a critical third party to provide incident information initially versus providing further information after later developments (including when the incident is resolved), and who must receive the later updates?","A critical third party has two distinct, time-sensitive information submissions tied to different triggers: an initial submission after the incident occurs, and subsequent updates after significant changes in circumstances. The initial obligation is to submit information about the CTP operational incident as soon as practicable after the occurrence of the incident, limited to what it is aware of at the time it submits that information. [#TGT:69933824d660799f] Separately, once an initial report has been made and any intermediate incident report has already been submitted, the critical third party must provide additional information as soon as practicable after any significant change from what was previously described, including when the CTP operational incident is resolved, again limited to what it is aware of at the relevant time. [#SRC:de95dc63af31c5be] This later obligation is not just to submit more detail in the abstract; it is specifically to provide information further to what has already been disclosed, and it must be provided to both the regulators and the affected firms. [#SRC:de95dc63af31c5be] Taken together, the compliance approach is: submit incident information promptly after occurrence, then continue to update promptly when circumstances materially change (including resolution), ensuring the updates go to regulators and affected firms. [#TGT:69933824d660799f] [#SRC:de95dc63af31c5be]","A critical third party must, as soon as is practicable after any significant change in circumstances from that described in the initial report submitted under 8.1 and any intermediate incident report already submitted under this rule (including the CTP operational incident being resolved) and in so far as it is aware at the relevant time, provide the regulators and the affected firms with information further to that already disclosed in relation to the CTP operational incident , including but not limited to:","A critical third party must, as soon as is practicable after the occurrence of a CTP operational incident and in so far as it is aware at the time of submission, submit the following information about the CTP operational incident :",DPEL,,professional,UKFIN,mixed_difficulty,de95dc63af31c5be,69933824d660799f,,,de95dc63af31c5be,69933824d660799f,,,,,HV0106,a9cf7943a6f83fe5,ObliQA-XRef_Out_Datasets/final_large_merged/ObliQA-XRef-UKFIN-ALL/final.jsonl,,,,
872b3037ff11f7d2,"When a firm is planning a major migration programme and has only shortlisted potential providers (so a final provider has not yet been selected), what should it do about notifying the regulator, and what documentation requirement still applies to the outsourcing arrangement once it proceeds?","A firm planning a major migration programme may consider notifying before it has chosen the final provider, particularly where it is still selecting from a shortlist, because early notification can be appropriate in those circumstances. [#SRC:f9f533f94194f92e] Separately, when the outsourcing arrangement is put in place, the arrangement must be documented in a written agreement, and the firm should review that written agreement to confirm it meets the firm’s regulatory obligations and risk management expectations. [#TGT:9752e97c411082aa] [#SRC:f9f533f94194f92e] In practice, this means the firm can (i) make an earlier notification during provider selection for a major migration programme, and then (ii) ensure the eventual outsourcing is fully captured in a written agreement that is checked against regulatory and risk-management expectations before relying on it operationally. [#SRC:f9f533f94194f92e] [#TGT:9752e97c411082aa]","reviewing the written agreement to ensure it complies with their regulatory obligations and risk management expectations (see Chapter 6 ). In some circumstances, it might be appropriate to make a notification before a final provider has been selected. An example of this is if a firm is planning a major migration programme and is still trying to select a provider from a shortlist.","In line with Article 31(3) of MODR (banks) and Conditions Governing Business 7.5(3) (insurers), all outsourcing arrangements must be set out in a written agreement.",DPEL,,professional,UKFIN,mixed_difficulty,f9f533f94194f92e,9752e97c411082aa,,,f9f533f94194f92e,9752e97c411082aa,,,,,HV0107,872b3037ff11f7d2,ObliQA-XRef_Out_Datasets/final_large_merged/ObliQA-XRef-UKFIN-ALL/final.jsonl,,,,
fe6cadb25ae512e8,"If a firm is planning to issue an item on the same terms as a basic own funds item issued in the last 12 months (with only the issue date, maturity date, amount, currency, and interest rate allowed to differ), and it already sent the first notification but then wants to change what it submitted before the item is issued, what does it need to do and how quickly?","If the planned item is being issued on identical terms to one or more items that were included in the basic own funds forming the own funds eligible for the group SCR and were issued by the undertaking in the group within the previous 12 months, then “identical terms” allows differences only for the issue date, maturity date, amount of the issuance, currency of the issuance, and the rate of interest payable by the issuer. [#SRC:7114cf075695c1d8] Once the firm has made the initial notification for the item, if it then proposes (before the item is issued) to change any of the information it previously submitted, it must send another written notification covering that change. [#TGT:b15834f057327c97] The timing requirement is immediate in the sense that the further written notification must be provided without delay, and it applies specifically in the window after the initial notification but prior to issuance. [#TGT:b15834f057327c97] This means the firm should not wait until issuance to correct or update details; any proposed change to the previously submitted information—whether it relates to the “identical terms” description or other submitted details—must be re-notified promptly in writing before the item is issued. [#SRC:7114cf075695c1d8] [#TGT:b15834f057327c97]","(3) any item which is to be issued on identical terms to one or more items included in the basic own funds forming the own funds eligible for the group SCR issued by the undertaking in the group within the previous 12 months and notified to the PRA in accordance with 6.2 , excluding (1) the issue date, (2) the maturity date, (3) the amount of the issuance, (4) the currency of the issuance, and (5) the rate of interest payable by the issuer.","If after an initial notification under 6.2 , but prior to an item’s issuance, a firm proposes to change the information previously submitted, it must provide a further written notification of that change without delay.",DPEL,,basic,UKFIN,mixed_difficulty,7114cf075695c1d8,b15834f057327c97,,,7114cf075695c1d8,b15834f057327c97,,,,,HV0108,fe6cadb25ae512e8,ObliQA-XRef_Out_Datasets/final_large_merged/ObliQA-XRef-UKFIN-ALL/final.jsonl,,,,
49917f7c055c5bc0,"When the PRA assesses whether minimum requirements applied to an entity established outside the United Kingdom exceed that entity’s share of consolidated group requirements for the same risk type, how should the PRA treat a situation where a PRA authorised firm calculates consolidated capital using an IRB model but an overseas subsidiary must use a standardised approach for the same credit risk portfolio, resulting in higher individual or sub-consolidated requirements?","In that scenario, the PRA’s assessment focuses on whether, for the relevant risk type, the minimum requirements applied to the non-UK entity on an individual or sub-consolidated basis exceed the entity’s share of the consolidated group requirements for the same risk. [#SRC:ef9de1e6e4142317] However, where the consolidated group requirement is calculated using an IRB model for a portfolio of credit risk exposures, and the overseas subsidiary must instead apply a standardised approach for the same portfolio—leading to higher requirements at the subsidiary level—the PRA would not count that difference when assessing group risk. [#TGT:723e2d0bc5ddaf68] This treatment aligns with the PRA’s general approach of not taking into account requirements that are attributable to risks already mitigated through the risk-based capital framework or by other means, and not taking into account requirements that net off in consolidation (such as intragroup risks and offsetting positions). [#SRC:ef9de1e6e4142317] Accordingly, even though the subsidiary’s local calculation method produces higher requirements for the same credit risk portfolio, that uplift is excluded from the PRA’s group-risk assessment of the excess over the subsidiary’s share of consolidated requirements. [#TGT:723e2d0bc5ddaf68]","the extent to which, for any given risk type, the minimum requirements applied to an entity established outside the United Kingdom, on an individual or sub-consolidated basis, exceed the entity’s share 19 of the consolidated group requirements for the same risk. When making this assessment, the PRA would not generally take into account requirements that are attributable to risks that: (i) are already mitigated through the risk based capital framework 20 or by other means; 21 or (ii) net off in consolidation (for example, intragroup risks and offsetting positions); and","20. For example, a PRA authorised firm may have permission to use an IRB model to calculate consolidated capital requirements in respect of a portfolio of credit risk exposures. If its overseas subsidiary is required to use a standardised approach for the same portfolio of credit risk exposures (on an individual or sub-consolidated basis), and as a result, it is subject to higher requirements in respect of that portfolio, the PRA would not take the difference into account in its assessment of group risk.",DPEL,,professional,UKFIN,mixed_difficulty,ef9de1e6e4142317,723e2d0bc5ddaf68,,,ef9de1e6e4142317,723e2d0bc5ddaf68,,,,,HV0109,49917f7c055c5bc0,ObliQA-XRef_Out_Datasets/final_large_merged/ObliQA-XRef-UKFIN-ALL/final.jsonl,,,,
ce23ef288fcc6cf4,"When designing a firm’s governance arrangements for liquidity risk, what must the insurer’s monitoring and reporting system deliver to decision-makers and relevant functions, and how must that be integrated into the firm-wide governance expectation for cooperation, internal reporting, and communication at all relevant levels?","An insurer should structure its liquidity risk monitoring and reporting so that it reliably supports decision-making while also fitting within a governance framework that enables effective cooperation and information flow across the firm. The insurer is expected to have an effective system for monitoring and reporting liquidity risk that produces reports which are clear, concise, timely, and accurate for the relevant functions within the insurer, and the fast-moving nature of liquidity risk should be reflected in how the reporting system operates (for example, in its responsiveness and timeliness). [#SRC:c6c19d84cebb7ce5] In parallel, the firm’s system of governance must establish, implement, and maintain effective cooperation, internal reporting, and communication of information at all relevant levels of the firm, so liquidity risk reporting should be embedded in those firm-wide channels rather than operating in isolation. [#TGT:ecd277e44d328d29] Taken together, this means the insurer must (i) put in place reporting processes and procedures that ensure necessary information is available to decision-makers, (ii) deliver liquidity risk reports meeting the stated quality characteristics to relevant internal functions, and (iii) ensure those reports and related information are communicated through governance arrangements that promote cooperation and internal reporting across all relevant levels. [#SRC:c6c19d84cebb7ce5] [#TGT:ecd277e44d328d29]","Under Conditions Governing Business 2A.1(8) and Non-Solvency II Firms – Governance 7.1 , an insurer must establish systems for the management of risk. Conditions Governing Business 3.1(1A)(d) and Non-Solvency II Firms – Governance 2.5 and 3.2 require the establishment of reporting processes and procedures to ensure that the necessary information is available to decision-makers. With these obligations in mind, the PRA expects an insurer to have an effective system of monitoring and reporting liquidity risk which provides clear, concise, timely and accurate liquidity risk reports to relevant functions within the insurer. Liquidity risks are often fast moving, a characteristic which is expected be reflected in an insurer’s reporting system. Design of metrics and reporting is set out in more detail in Chapter 6 .","(1) the system of governance referred to at paragraph 2.2(1) establishes, implements and maintains effective cooperation, internal reporting and communication of information at all relevant levels of the firm ;",DPEL,,professional,UKFIN,mixed_difficulty,c6c19d84cebb7ce5,ecd277e44d328d29,,,c6c19d84cebb7ce5,ecd277e44d328d29,,,,,HV0110,ce23ef288fcc6cf4,ObliQA-XRef_Out_Datasets/final_large_merged/ObliQA-XRef-UKFIN-ALL/final.jsonl,,,,
0d935037aaab1bb6,"When calculating the NPL ratio as a ratio of non-performing loans to total loans, what specific reported fields may be used to determine the non-performing loans figure, and how does that figure fit into the overall ratio calculation?","To compute the NPL ratio, you must express non-performing loans as the numerator and total loans as the denominator, because the ratio is defined as non-performing loans divided by total loans. [#SRC:100c416be2d4ca28] For the numerator, the non-performing loans amount may be determined using the sum of specified reported fields, depending on the reporting framework used. [#TGT:1674bc5320648995] In particular, non-performing loans can be calculated as the sum of the fields firms are required to report in form FSA015 (11G, 11Q, 20B, 20D, 23B, 23D, 26B, 26D, 31B, 31C). [#TGT:1674bc5320648995] Alternatively, the non-performing loans figure may be taken from FINREP as row 330, column 060 of F18.00, or from FINREP F7.00 using the combination of row 0190 columns 060, 070, 080 and 090. [#TGT:1674bc5320648995] Once the non-performing loans numerator is determined using one of these reporting-based definitions, it is then divided by total loans to produce the NPL ratio. [#SRC:100c416be2d4ca28]",NPL ratio will be calculated as the ratio of non-performing loans 4 to total loans. 5,"4. Defined as the sum of the following fields as firms are required to report in form FSA015: 11G, 11Q, 20B, 20D, 23B, 23D, 26B, 26D, 31B, 31C; or row 330, column 060 of F18.00 (FINREP); or row 0190 column 060, row 0190 column 070, row 0190 column 080 and row 0190 column 090 of F7.00 (FINREP).",DPEL,,professional,UKFIN,mixed_difficulty,100c416be2d4ca28,1674bc5320648995,,,100c416be2d4ca28,1674bc5320648995,,,,,HV0111,0d935037aaab1bb6,ObliQA-XRef_Out_Datasets/final_large_merged/ObliQA-XRef-UKFIN-ALL/final.jsonl,,,,
9872519f71bdf7c6,"Where a claim is treated as suspended and the FSCS has decided not to pursue recoveries, how is the point at which the claim is treated as paid determined if the compensation recipient asks in writing to pursue recoveries themselves and seeks an assignment of rights back from the FSCS?","If the FSCS has decided not to pursue recoveries and the compensation recipient asks in writing to pursue them, the FSCS is required to assign the relevant rights back to the compensation recipient. [#TGT:4df8d3ca566204fc] In that situation, the claim is treated as paid only when (and only to the extent that) recoveries are actually made from the credit institution or a third party in respect of the eligible deposit, and those recoveries may be made either by the FSCS or by the person to whom rights have been assigned back (i.e., the depositor/compensation recipient once the assignment occurs). [#SRC:09c735f8e9adc351] Practically, this means the written request and resulting assignment do not, by themselves, cause the suspended claim to be treated as paid; payment treatment is tied to the timing and amount of recoveries achieved after the assignment (or by the FSCS if it makes recoveries). [#SRC:09c735f8e9adc351] The linkage is that the FSCS’s obligation to assign rights back upon a written request applies specifically when it has chosen not to pursue recoveries, and once rights are assigned back, recoveries made by the compensation recipient are the recoveries that determine when and to what extent the claim is deemed paid. [#TGT:4df8d3ca566204fc] [#SRC:09c735f8e9adc351]",Any claim of B against the depositor that is suspended in accordance with 28.2A is only deemed to have been paid for the purposes of regulation 24(1)(b) of the Electronic Money Regulations or regulation 23(14)(b) of the Payment Services Regulations when (and to the extent) the FSCS (or the depositor where the FSCS assigns rights back to the depositor in accordance with 29.2 ) has made recoveries from the credit institution or any third party in respect of the eligible deposit .,"If the FSCS decides not to pursue such recoveries and a compensation recipient wishes to pursue those recoveries and so requests in writing, the FSCS must comply with that request and assign the rights back to the compensation recipient .",DPEL,,professional,UKFIN,mixed_difficulty,09c735f8e9adc351,4df8d3ca566204fc,,,09c735f8e9adc351,4df8d3ca566204fc,,,,,HV0112,9872519f71bdf7c6,ObliQA-XRef_Out_Datasets/final_large_merged/ObliQA-XRef-UKFIN-ALL/final.jsonl,,,,
db00d79d2582fc39,"When the PRA is considering using its power to direct a society to transfer all its engagements to one or more other societies (including where negotiations are already under way), how does the PRA determine whether the assessment should focus on whether members (or a proportion of them) would be unreasonably prejudiced, and how does that modified approach interact with the PRA’s ability to require approval by board resolution rather than a member vote?","Where the PRA is acting in circumstances that trigger the modified merger procedure, it may apply a special, consolidated test focused on whether members (or a proportion of them) would be unreasonably prejudiced by the transfer, rather than applying the usual first and second tests separately. [#SRC:2aacec38e1160f5f] Whether that special test applies is not automatic; it is a matter for the PRA’s judgement based on any representations it receives and its own enquiries into the particular case. [#SRC:2aacec38e1160f5f] In parallel, the PRA has a power—where it considers it expedient to protect the investments of shareholders or depositors—to direct a society to transfer all its engagements to one or more other societies within a specified period, and the statutory framework described also contemplates a modified merger procedure in consequence. [#TGT:0aeb091942915c7e] In that directed-transfer context (or where the PRA would have directed a transfer but negotiations were already under way), the PRA may additionally direct that the transferor society’s approval can be given by board resolution rather than by a member Merger Resolution. [#TGT:0aeb091942915c7e] Consistently with this, when the PRA considers the further criterion it must assess, it takes account of the fact that the procedure has been modified. [#SRC:2aacec38e1160f5f]","As is noted in paragraph 3.193 , the First and Second Criteria are replaced, in those circumstances, by a single criterion as to whether the members or a proportion of them would be unreasonably prejudiced by the transfer. Whether this special criterion applies will be a matter of judgement for the PRA to make in the light of any representations made to it and its own enquiries in respect of the particular case. It follows also that, in considering the Third Criterion , the PRA will take account of the modified procedure.","This section describes the PRA’s powers to direct a society to transfer all its engagements to one or more other societies and/or to proceed by board resolution, and the modified merger procedure consequently prescribed by the 1986 Act. Section 42B of the 1986 Act provides that, if the PRA considers it expedient to do so to protect the investments of shareholders or depositors, it may direct a society, among other things, to transfer all its engagements to one or more other societies within a specified period (subsection (1)(a)). In such a case, or where the PRA would have directed a transfer of engagements, but for the fact that negotiations were already under way, the PRA may also direct that the approval of the transfer of engagements by the transferor society may be by board resolution rather than by Merger Resolution.",DPEL,,professional,UKFIN,mixed_difficulty,2aacec38e1160f5f,0aeb091942915c7e,,,2aacec38e1160f5f,0aeb091942915c7e,,,,,HV0113,db00d79d2582fc39,ObliQA-XRef_Out_Datasets/final_large_merged/ObliQA-XRef-UKFIN-ALL/final.jsonl,,,,
fd828d396136ee70,"For a firm that has a matching adjustment permission and chooses to use the EVT when preparing the required attestation for each relevant portfolio of assets as a whole, what approach must it take to the EVT’s principles and assumptions, including any minimum parameters and treatment of retained risks?","A firm with a matching adjustment permission must submit an attestation to the PRA for each relevant portfolio of assets as a whole, and that attestation must be provided at the required time, by the required person, and in the required form. [#TGT:e4cd8736edad498d] If, in preparing that required attestation, the firm chooses to use the EVT for attestation purposes, the PRA expects the firm to engage with the principles that underpin the EVT rather than applying it mechanically. [#SRC:bac9c4bd1480db48] In doing so, the firm should use its own assumptions that it judges appropriate for attesting that the matching adjustment can be earned with a high degree of confidence from the assets held in the relevant portfolio. [#SRC:bac9c4bd1480db48] Those assumptions should not be set below the PRA’s published minimum parameters where such parameters apply. [#SRC:bac9c4bd1480db48] The firm should also give additional consideration to any retained risks other than the NNEG that are not assessed by the EVT, so that the attestation appropriately reflects risks not captured by the EVT approach. [#SRC:bac9c4bd1480db48]","Where a firm chooses to use the EVT for attestation purposes, the PRA expects it to engage with the principles underlying the EVT and use its own assumptions that are judged to be appropriate when attesting that the MA can be earned with a high degree of confidence from the assets held in the relevant portfolio of assets ( Matching Adjustment 9.1(1)(b) ). These assumptions should not fall below the PRA’s published minimum parameters where applicable, with additional consideration given to any retained risks other than the NNEG that are not assessed by the EVT.",A firm with a matching adjustment permission must provide to the PRA the attestation set out at (1) at the time set out in (2) by a person in (3) in the form set out in 12.1 in respect of each relevant portfolio of assets as a whole held by the firm .,DPEL,,professional,UKFIN,mixed_difficulty,bac9c4bd1480db48,e4cd8736edad498d,,,bac9c4bd1480db48,e4cd8736edad498d,,,,,HV0114,fd828d396136ee70,ObliQA-XRef_Out_Datasets/final_large_merged/ObliQA-XRef-UKFIN-ALL/final.jsonl,,,,
99f3b1ddfcaccec1,"When the PRA receives an MA application, what decision timeframe should a firm plan for, and how does that expectation change depending on whether the firm provides sufficient-quality evidence with limited follow-up versus insufficient evidence requiring material iterative dialogue (including where a streamlined approach is suitable)?","A firm should plan on the PRA aiming to decide an MA application within six months of receiving it, but should also expect that the actual time to decision depends on the quality and completeness of the evidence provided and the extent of follow-up engagement needed. [#SRC:e05922df7b656058] The PRA’s baseline expectation is to provide its decision no later than six months from receipt of the firm’s application. [#SRC:e05922df7b656058] This six-month expectation is framed on the assumption that the firm supplies evidence of sufficient quality for the PRA to decide and that requests for additional information or clarification are limited. [#TGT:21bff8d22b1aaa7c] If those assumptions are met, the PRA expects to determine the outcome within six months from the date of receipt. [#TGT:21bff8d22b1aaa7c] If a streamlined approach is considered suitable, the PRA would expect to reach a decision more quickly than the six-month outer expectation. [#SRC:e05922df7b656058] Conversely, where insufficient evidence is provided and/or there is a need for material iterative dialogue between the PRA and the firm, the time needed for the PRA to reach a decision is likely to be extended beyond the standard expectation. [#TGT:21bff8d22b1aaa7c]","The PRA is committed to assessing and providing decisions on all MA applications as quickly as possible, and expects to give its decision no later than six months from its receipt of a firm’s application (subject to the points made in paragraph 2.29 of this SoP). If a streamlined approach is considered suitable, then the PRA would expect to reach a decision more quickly.","Assuming that the firm has provided a sufficient quality of evidence to allow the PRA to make a decision, and that the need for additional information and/or clarification has been limited, the PRA expects to determine the outcome of an application no later than six months from the date of receipt. Where insufficient evidence is provided and/or there is need for material iterative dialogue between the PRA and the firm, this is likely to extend the time needed for the PRA to reach a decision.",DPEL,,professional,UKFIN,mixed_difficulty,e05922df7b656058,21bff8d22b1aaa7c,,,e05922df7b656058,21bff8d22b1aaa7c,,,,,HV0115,99f3b1ddfcaccec1,ObliQA-XRef_Out_Datasets/final_large_merged/ObliQA-XRef-UKFIN-ALL/final.jsonl,,,,
a0927dbe81380a29,"When deciding whether to give confirmation for an amalgamation or transfer, how should the PRA treat a failure to meet a requirement in the Friendly Societies Act 1992 or the rules of a participating society, and in what circumstances can the PRA modify requirements based on an application by members?","The PRA must withhold confirmation if it concludes that a relevant requirement in the Friendly Societies Act 1992 or in the rules of any participating society has not been met, because that type of non-fulfilment is a stated ground on which confirmation must not be given. [#SRC:c0235e996b557c4a] However, the PRA is not limited to a binary “met/not met” assessment: it can modify some requirements and can direct that certain failures may be disregarded, which can affect whether a particular non-compliance remains a bar to confirmation. [#SRC:c0235e996b557c4a] Separately, and as a concrete route to modification, the PRA has discretion to modify some requirements for a transfer of engagements from a friendly society where a specified number of the society’s members apply and the PRA is satisfied that making the modification is expedient in the interests of the society’s members or potential members. [#TGT:479c243b93b94186] In practice, this means that if a requirement shortfall would otherwise prevent confirmation, the PRA can only move away from that outcome where it uses its modification power (including on a qualifying member application) so that the relevant requirement is adjusted and/or the failure is treated as one that may be disregarded. [#SRC:c0235e996b557c4a][#TGT:479c243b93b94186]","(1) confirmation must not be given if the PRA considers that: (a) there is a substantial risk that the successor society or transferee will be lawfully unable to carry out the engagements to be transferred to it. For the purposes of this condition, the PRA may have regard to the requirements of any country outside of the UK which appear to be relevant; (b) information material to the members’ decision about the amalgamation or transfer was not made available to all the members eligible to vote; (c) the vote on any resolution approving the amalgamation or transfer does not represent the views of the members eligible to vote; or (d) some relevant requirement of the Friendly Societies Act 1992 or the rules of any of the participating societies was not fulfilled (but it can modify some requirements and direct that certain failures may be disregarded, see 4.13 above and 4.28 below);","The PRA has discretion under section 89 of the Friendly Societies Act 1992 to modify some of the requirements for a transfer of engagements from a friendly society, on the application of a specified number of its members, if it is satisfied that it is expedient to do so in the interests of its members or potential members.",DPEL,,professional,UKFIN,mixed_difficulty,c0235e996b557c4a,479c243b93b94186,,,c0235e996b557c4a,479c243b93b94186,,,,,HV0116,a0927dbe81380a29,ObliQA-XRef_Out_Datasets/final_large_merged/ObliQA-XRef-UKFIN-ALL/final.jsonl,,,,
433f59e6d3bf883b,"If a transfer plan would raise pay for directors or other officers because of the transfer, what vote has to be held and who votes on it, and what must be included in the Transfer Statement so the PRA can decide on the society’s confirmation application?","When the transfer terms include a pay increase for directors or other officers because of the transfer, the society must put an ordinary resolution about that pay increase to a meeting of the society. [#SRC:7b4a2555806fbf1b] That ordinary resolution is decided by a simple majority of the members who are entitled to vote and who do vote, with shareholding and borrowing members voting together. [#SRC:7b4a2555806fbf1b] The meeting for this ordinary resolution does not have to be the same meeting that considers the Transfer Resolutions. [#TGT:59f0c65404b632d5] Also, even though the ordinary resolution must be put to a meeting, it does not need to be approved to make the pay increase effective, because the increase is authorised through the overall approval of the transfer and its terms when the Transfer Resolutions pass. [#TGT:59f0c65404b632d5] Separately, the proposed pay increase must be explained in the Transfer Statement, and the PRA must be satisfied (when reviewing the society’s application for confirmation of the transfer) that the ordinary resolution was in fact put before a meeting of the society. [#TGT:59f0c65404b632d5] This gives members a distinct chance to comment on pay changes apart from the main transfer decision. [#SRC:7b4a2555806fbf1b]","As is described in paragraphs 4.82 and 4.83 , if the terms of a transfer include provision for increased emoluments of directors or other officers in consequence of the transfer, an ordinary resolution approving any such provision must be put before a meeting of the society. An ordinary resolution is passed by a simple majority of members (both shareholding and borrowing members voting together) qualified to vote and voting. However, it is not required that the resolution must be put to the same meeting as the Transfer Resolutions, neither is approval of the ordinary resolution required to authorise such increased emoluments which, as terms of the transfer, are authorised by the passage of the Transfer Resolutions. The purpose of Section 99A of the 1986 Act is to give the members an opportunity to express their views on these matters separately from their decision on whether or not to approve the transfer and its terms.","Any such increase in emoluments is required by Section 99A(2) of the 1986 Act to be put before a meeting of the society in an ordinary resolution approving such provision. However, although such an ordinary resolution must be put to a meeting, it is not required to be passed in order to authorise such increases which will be authorised by the general approval of the transfer and its terms provided by the passage of the Transfer Resolutions. Neither is it required that the ordinary resolution be put before the meeting which is to consider the Transfer Resolutions. However, as is explained below, any proposed increase in emoluments will have to be explained in the Transfer Statement, and the PRA will have to be satisfied that the requisite ordinary resolution was put before a meeting of the society when it considers a society’s application for confirmation of a transfer.",DPEL,,basic,UKFIN,mixed_difficulty,7b4a2555806fbf1b,59f0c65404b632d5,,,7b4a2555806fbf1b,59f0c65404b632d5,,,,,HV0117,433f59e6d3bf883b,ObliQA-XRef_Out_Datasets/final_large_merged/ObliQA-XRef-UKFIN-ALL/final.jsonl,,,,
7e5254a08f4c0af7,"If a firm changes its MA portfolio without obtaining approval from the PRA to vary its MA permission, what are the consequences for its ability to apply a matching adjustment when calculating the best estimate, and what remediation timeline applies if the changes cause the MA eligibility conditions to be breached?","A firm may only apply a matching adjustment when calculating the best estimate of its insurance or reinsurance obligations if it has a matching adjustment permission; without that permission it must not apply the adjustment to the relevant risk-free interest rate term structure. [#TGT:78efaa111a0c4a1d] Separately, if the firm makes changes to its MA portfolio without obtaining PRA approval to vary its MA permission (and those changes are outside the scope of what is contemplated in the referenced context), that conduct is treated as a breach for which the PRA would consider using its supervisory powers. [#SRC:4b18983e4bca375c] In addition, where the changes to the MA portfolio lead to a breach of the MA eligibility conditions, the firm must restore compliance with the relevant condition(s) within two months to avoid a reduction to the matching adjustment. [#SRC:4b18983e4bca375c] Taken together, the firm should ensure it both holds the required permission before applying the matching adjustment in best-estimate calculations and, if portfolio changes have caused eligibility non-compliance, completes remediation within the two-month window to prevent a reduction. [#TGT:78efaa111a0c4a1d] [#SRC:4b18983e4bca375c]","If a firm makes changes to its MA portfolio without obtaining approval from the PRA to vary its MA permission, and if these changes are outside the scope of what is contemplated in paragraph 9.1A above, this would constitute a breach of Matching Adjustment 2.1 , in respect of which the PRA would consider exercising its supervisory powers. If changes made to the MA portfolio result in a breach of the MA eligibility conditions, then the firm will need to restore compliance with the relevant condition(s) within two months in order to avoid a reduction to the MA.",A firm must not apply a matching adjustment to the relevant risk-free interest rate term structure to calculate the best estimate of its insurance or reinsurance obligations unless it has a matching adjustment permission .,DPEL,,professional,UKFIN,mixed_difficulty,4b18983e4bca375c,78efaa111a0c4a1d,,,4b18983e4bca375c,78efaa111a0c4a1d,,,,,HV0118,7e5254a08f4c0af7,ObliQA-XRef_Out_Datasets/final_large_merged/ObliQA-XRef-UKFIN-ALL/final.jsonl,,,,
5608c374a74adc0e,"When a firm is required to have written policies and procedures covering risk management, internal control, internal audit and (where relevant) outsourcing, what specific content must those policies include and how must that content align with the firm’s broader direction?","A firm that is required to establish, implement and maintain written policies and adequate procedures for risk management, internal control, internal audit and, where relevant, outsourcing must ensure those written policies are drafted with sufficient operational detail and strategic alignment. Specifically, the firm must have written policies and adequate procedures in place for at least those functions (and outsourcing where relevant), and must keep them established, implemented, and maintained as written documentation. [#TGT:223fc6e5205a9c72] In addition, the firm must ensure its policies in these areas clearly describe (i) who is responsible for what, (ii) the objectives of the arrangements, (iii) the processes to be followed, and (iv) the reporting procedures that will be applied. [#SRC:d73247674d265abb] Finally, the responsibilities, objectives, processes, and reporting procedures set out in those policies must be consistent with the firm’s overall business strategy, so the written framework for these control functions does not conflict with how the firm intends to operate and manage its business. [#SRC:d73247674d265abb]","A firm must ensure that its policies on risk-management, internal control, internal audit and, where relevant, outsourcing referred to in 2.4(1) clearly set out the relevant responsibilities, objectives, processes and reporting procedures to be applied, all of which must be consistent with the firm’s overall business strategy.","(1) establish, implement and maintain written policies and adequate procedures in relation to at least risk management, internal control, internal audit and, where relevant, outsourcing ;",DPEL,,professional,UKFIN,mixed_difficulty,d73247674d265abb,223fc6e5205a9c72,,,d73247674d265abb,223fc6e5205a9c72,,,,,HV0119,5608c374a74adc0e,ObliQA-XRef_Out_Datasets/final_large_merged/ObliQA-XRef-UKFIN-ALL/final.jsonl,,,,
cc08595658c186fc,"When a firm rates tenants and uses those ratings to derive a probability of non-rent payment, what expectation applies to how intuitive that transformation should be, and how should the firm treat the relationship between the resulting PD and actual non-payment—particularly when considering divergence between observed default rates and PD across different economic conditions in the mid-corporate space?","The firm should ensure that converting tenant ratings into a probability of non-rent payment is done in a way that is intuitive, rather than opaque or hard to interpret. [#SRC:091fac39c7e6e49b] At the same time, even if tenants are rated by the firm, the firm should not assume the resulting PD is typically a direct read-across to the probability of non-payment, because factors such as model philosophy can break that one-to-one mapping. [#TGT:43ecedb5d0451d08] In practice, this means the firm needs to explicitly address and articulate what divergence it expects between observed default rates and PD, and how that divergence may vary under different economic conditions, with particular attention to the mid-corporate space where firms often struggle with this definition. [#TGT:43ecedb5d0451d08] The compliance outcome is a coherent approach where (i) the rating-to-non-payment-probability transformation remains intuitive to users and reviewers, and (ii) the firm documents and manages the anticipated gap between PD outputs and observed non-payment/default experience rather than treating PD as a direct proxy for non-payment. [#SRC:091fac39c7e6e49b] [#TGT:43ecedb5d0451d08]",(b) the transformation of ratings into non-rent payment probability is intuitive; 12,"12. Even where tenants are rated by the firm the PD will not usually represent a direct read across to probability of non-payment due to, for example, model philosophy issues. Addressing this is likely to be a key area since many firms struggle with defining what divergence is expected between observed default rate and PD in different economic conditions in the mid-corporate space.",DPEL,,professional,UKFIN,mixed_difficulty,091fac39c7e6e49b,43ecedb5d0451d08,,,091fac39c7e6e49b,43ecedb5d0451d08,,,,,HV0120,cc08595658c186fc,ObliQA-XRef_Out_Datasets/final_large_merged/ObliQA-XRef-UKFIN-ALL/final.jsonl,,,,
5291250dbbe646b9,"When coordinating regulatory functions for an RFTS, how should responsibility be allocated between the PRA and the FCA for leading the process and issuing the certificate of financial resources to the court, including the exception where the transferee is an FCA solo regulated entity, and how is this coordination framework documented?","For an RFTS, the PRA is the default lead regulator for the overall process, and it is also the regulator responsible for specific regulatory functions connected with RFTS applications, including providing certificates under FSMA. [#TGT:39a1985ef6854457] However, there is a defined exception for the certificate of financial resources: where the transferee is an FCA solo regulated entity, the FCA (not the PRA) issues that certificate to the court. [#TGT:39a1985ef6854457] This allocation of responsibilities sits within a broader statutory context in which FSMA prescribes functions for both the PRA and the FCA in relation to RFTS, and the two regulators are expected to coordinate how they exercise those functions where there is common regulatory interest. [#SRC:5f2897ab41776611] The coordination framework is documented through a Memorandum of Understanding maintained by the PRA and the FCA, which describes each regulator’s role in exercising its FSMA functions on matters of common regulatory interest and explains how they intend to ensure those functions are exercised in a coordinated way. [#SRC:5f2897ab41776611]","FSMA 5 also prescribes certain statutory functions in relation to RFTS for both the PRA and FCA. In accordance with FSMA, the PRA and the FCA maintain a Memorandum of Understanding 6 which describes each regulator’s role in relation to the exercise of its functions under FSMA relating to matters of common regulatory interest and how each regulator intends to ensure the co-ordinated exercise of such functions.","The PRA will lead the process for the RFTS. As described above, the PRA will also be responsible for specific regulatory functions connected with RFTS applications including the provision of certificates under section 111 of FSMA. The only exception to this is when the transferee is an FCA solo regulated entity. In this instance, the FCA will issue the certificate of financial resources to the court.",DPEL,,professional,UKFIN,mixed_difficulty,5f2897ab41776611,39a1985ef6854457,,,5f2897ab41776611,39a1985ef6854457,,,,,HV0121,5291250dbbe646b9,ObliQA-XRef_Out_Datasets/final_large_merged/ObliQA-XRef-UKFIN-ALL/final.jsonl,,,,
ba2795f1c51b082e,"For a firm calculating the required margin of solvency for classes III and VII, how must the firm adjust that required margin when it covers a death risk, including where the required margin would otherwise be zero?","When a firm is determining the required margin of solvency for classes III and VII, it must use the calculation framework specified for those classes and then apply an additional adjustment if it covers a death risk. [#SRC:a3e39e9b0ab41484] Specifically, the required margin of solvency for classes III and VII must be calculated in accordance with the set of calculations referenced for those classes. [#SRC:a3e39e9b0ab41484] If the firm covers a death risk, it must add an extra amount to the required margin of solvency that it has arrived at under the relevant calculation routes, and this applies even if the required margin of solvency would otherwise be zero. [#TGT:d279a616f589ab73] The added amount is the sum produced by applying the specified calculation, but with the stated exclusions from that calculation applied for this purpose. [#TGT:d279a616f589ab73] In other words, the firm first computes the required margin of solvency for the relevant classes using the referenced class-based methodology, and then, where death risk is covered, increases that result by the separately computed add-on amount (computed using the specified calculation with the noted parts excluded). [#SRC:a3e39e9b0ab41484] [#TGT:d279a616f589ab73]",A firm must calculate the required margin of solvency in respect of classes III and VII in accordance with 3.2 to 3.4 .,"Where a firm covers a death risk, a sum arrived at by applying the calculation in 2.3 (but excluding for these purposes 2.3 (4) and (5)) must be added to the required margin of solvency , including a required margin of solvency of zero, arrived at under any of 3.2 and 3.3 .",DPEL,,professional,UKFIN,mixed_difficulty,a3e39e9b0ab41484,d279a616f589ab73,,,a3e39e9b0ab41484,d279a616f589ab73,,,,,HV0122,ba2795f1c51b082e,ObliQA-XRef_Out_Datasets/final_large_merged/ObliQA-XRef-UKFIN-ALL/final.jsonl,,,,
d6c5ac2d4ee8a8c1,"If the rules have to be applied across the whole group (with any needed changes), what does the firm need to do regularly about its governance system, and what should it do when it finds problems?","If the situation is one where the listed requirements are to be applied at the level of the group (with any necessary changes), the firm should treat the governance expectation as operating across the group rather than only within a single firm entity. [#SRC:bb599b0cccb14552] In that setting, the firm has an ongoing duty to keep its system of governance under review by monitoring it and regularly evaluating whether it is adequate and effective. [#TGT:819ccde69365886c] Where that monitoring and evaluation shows shortcomings, the firm must take appropriate measures to fix or otherwise address those deficiencies. [#TGT:819ccde69365886c] Read together, this means the firm’s regular governance checks and any corrective actions should be performed in a way that fits the group-level application of the requirements (i.e., adjusted as needed for the group context). [#SRC:bb599b0cccb14552] [#TGT:819ccde69365886c]","(1) Where 2.1(1) or 2.1(2) applies, the following requirements apply with any necessary changes at the level of the group : (1a) Conditions Governing Business 1A ; (a) Conditions Governing Business 2.2 to 2.6 ; (a1) Conditions Governing Business 2A.1 to 2A.6 ; (b) Conditions Governing Business 3 ; (b1) Conditions Governing Business 3A ; (c) Conditions Governing Business 4 ; (c1) Conditions Governing Business 4A ; (d) Conditions Governing Business 5 ; (e) Conditions Governing Business 6 ; (f) Conditions Governing Business 7 ; (f1) Conditions Governing Business 11A to 11F ; (g) Fitness and Propriety 2.1 to 2.3 , 4.1 , 4.3 and 4.4 ; (h) Allocation of Responsibilities 4 ; and (i) Key Function Holder – Notifications 2 to 6 , in accordance with 17.4 .","A firm must monitor, and on a regular basis evaluate, the adequacy and effectiveness of its system of governance and take appropriate measures to address any deficiencies.",DPEL,,basic,UKFIN,mixed_difficulty,bb599b0cccb14552,819ccde69365886c,,,bb599b0cccb14552,819ccde69365886c,,,,,HV0123,d6c5ac2d4ee8a8c1,ObliQA-XRef_Out_Datasets/final_large_merged/ObliQA-XRef-UKFIN-ALL/final.jsonl,,,,
c067ff1441e73431,"When setting a firm’s capital stack, how should the PRA buffer relate to the firm’s total capital requirement and the combined buffer, and what specific buffer components must be included when calculating the combined buffer (including any scope limitation for particular firms)?","A firm’s capital stack should be constructed so that the PRA buffer (Pillar 2B) sits on top of, and is held in addition to, both the firm’s total capital requirement and the combined buffer; its purpose is to absorb losses under a severe stress scenario while being set in a way that avoids duplicating what is already covered by the combined buffers. [#SRC:37bcd95fb7b21224] In this framework, the PRA buffer, the combined buffer, and the total capital requirement together form the PRA’s overall capital framework (i.e., the capital stack is the sum of these layers). [#SRC:37bcd95fb7b21224] To calculate the combined buffer layer that the PRA buffer must avoid duplicating, the combined buffer must include the Capital Conservation Buffer, the Countercyclical Buffer, and the buffer for global systemically important institutions. [#TGT:9c1fa36fe39c19a7] In addition, for ring-fenced banks and the largest building societies, the combined buffer also includes the other systemically important institutions buffer (O-SII buffer), meaning this component applies only within that stated firm scope. [#TGT:9c1fa36fe39c19a7]","The PRA buffer (also referred to as Pillar 2B) is an amount of capital firms should maintain in addition to their total capital requirement 32 (TCR) and the combined buffer. The PRA buffer absorbs losses that may arise under a severe stress scenario, while avoiding duplication with the combined buffers. Together the PRA buffer, the combined buffer 33 and the TCR make up the PRA’s capital framework as illustrated by the capital stack in Figure 2.","33. The combined buffer comprises the Capital Conservation Buffer (CCoB), the Countercyclical Buffer (CCyB), the buffer for global systemically important institutions (G-SIIs) and (for ring-fenced banks and the largest building societies) the other systemically important institutions buffer (O-SII buffer).",DPEL,,professional,UKFIN,mixed_difficulty,37bcd95fb7b21224,9c1fa36fe39c19a7,,,37bcd95fb7b21224,9c1fa36fe39c19a7,,,,,HV0124,c067ff1441e73431,ObliQA-XRef_Out_Datasets/final_large_merged/ObliQA-XRef-UKFIN-ALL/final.jsonl,,,,
ca019e83ad724f49,"When assessing whether a firm’s culture supports prudent management, what specific responsibilities does the board have, what behaviours are expected from individuals across the firm, and what indicators will the PRA look for to be satisfied that risk management and control functions have real influence—particularly in relation to challenging orthodoxies, understanding when viability is at risk, and taking timely action on risks?","A firm should be able to demonstrate a culture that supports prudent management, with clear accountability at both board and individual levels, and with risk management and control functions having genuine influence in decision-making. [#SRC:41637720a107d8eb] The board is expected to take responsibility for establishing, embedding, and maintaining the firm’s culture, rather than treating culture as an informal or delegated matter. [#TGT:6a3529e5c660df25] Individuals at all levels are expected to take responsibility for acting in a way that is consistent with the firm’s safety and soundness, and the firm’s remuneration and incentives should reinforce careful and prudent management. [#TGT:6a3529e5c660df25] In evaluating whether the culture is effective (without prescribing a single “right culture”), the PRA will look for evidence that boards and management understand the circumstances in which the firm’s viability would be in question, that accepted orthodoxies are actively challenged, and that risks are addressed on a timely basis. [#SRC:41637720a107d8eb] The PRA also wants to be satisfied that designated risk management and control functions carry real weight within the firm, which should align with the board-led cultural framework and individual responsibility expectations described above. [#SRC:41637720a107d8eb] [#TGT:6a3529e5c660df25]","The PRA expects firms to have a culture that supports their prudent management. The PRA does not have any ‘right culture’ in mind, rather it focuses on whether boards and management clearly understand the circumstances in which the firm’s viability would be under question, whether accepted orthodoxies are challenged, and whether action is taken to address risks on a timely basis. The PRA wants to be satisfied in particular that designated risk management and control functions carry real weight within firms 5 .","The PRA also expects that individuals, whatever their position in the firm, should take responsibility for acting in a manner consistent with its safety and soundness; that remuneration and incentive structures should reward careful and prudent management; that firms and individuals should deal with the PRA (and other regulators as appropriate) in an open and co-operative manner as set out in the PRA’s Fundamental Rules; and that the board takes responsibility for establishing, embedding and maintaining a firm’s culture 6 . The PRA seeks to address serious failings in the culture of firms as part of its approach to supervision.",DPEL,,professional,UKFIN,mixed_difficulty,41637720a107d8eb,6a3529e5c660df25,,,41637720a107d8eb,6a3529e5c660df25,,,,,HV0125,ca019e83ad724f49,ObliQA-XRef_Out_Datasets/final_large_merged/ObliQA-XRef-UKFIN-ALL/final.jsonl,,,,
d5e836ccef83eaa6,"If members are going to vote on a transfer, but the transferee society wants to approve its promise to take on the transferor society’s commitments through its committee of management (not a special vote), what must members be told before they vote, and what does the PRA look for before it agrees to that committee approach?","Members’ voting on a transfer should only happen after they have been given enough clear information to understand both the transfer terms and how their interests may be affected, and this member-information standard still matters even if the transferee society is asking for a committee of management resolution route for its undertaking. [#SRC:5417d16edd7906ff] The friendly society must ensure that, before votes are cast, members are clearly and fully informed of the terms on which the transfer is to take place and have all information needed to understand the effect on their interests; if information that is material to the decision is not made available to all members eligible to vote, the PRA may decide not to confirm the transfer. [#SRC:5417d16edd7906ff] If the society’s rules allow, delegates can vote, except on an affected members’ resolution. [#SRC:5417d16edd7906ff] On the transferee side, the PRA can allow the undertaking to fulfil the transferor society’s engagements to be approved by a committee of management resolution rather than a special resolution, but it will want comfort that the transfer is in the interests of members of both societies and that it will not mean a change of policy by the transferee society. [#TGT:39ca82df9578b7ff] The PRA is unlikely to allow this unless the transferee is significantly larger than the business being transferred. [#TGT:39ca82df9578b7ff]","Under the Friendly Societies Act 1992, members will normally have the opportunity to vote on a proposed transfer or amalgamation (save for the exceptions set out in 4.12 and 4.13 ). A friendly society has to ensure that, before casting their votes, its members are clearly and fully informed of the terms on which the amalgamation or transfer of engagements is to take place and that they have all the information needed to understand how their interests will be affected. If the society’s rules permit, delegates can vote except on an ‘affected members’ resolution’ under section 86. The PRA may not confirm an amalgamation or a transfer if it considers that information material to the members’ decision was not made available to all the members eligible to vote.","The PRA has discretion under section 86(3)(b) of the Friendly Societies Act 1992 to allow a transferee society to resolve to undertake to fulfil the engagements of a transferor society by resolution of the committee of management, rather than by special resolution. Among the issues that the PRA would wish to be satisfied on before exercising this discretion, are that the transfer will be in the interests of the members of both societies and that the transfer will not mean a change of policy by the transferee society. The PRA is unlikely to exercise this discretion unless the transferee is significantly larger than the business to be transferred.",DPEL,,basic,UKFIN,hard_enriched,5417d16edd7906ff,39ca82df9578b7ff,,,5417d16edd7906ff,39ca82df9578b7ff,,,,,HV0126,d5e836ccef83eaa6,ObliQA-XRef_Out_Datasets/final_large_merged/ObliQA-XRef-UKFIN-ALL/final.jsonl,,,,
6c8f72f9eb49197e,"When a firm is considering operating split desks, what should it do in relation to the PRA, and how might the PRA evaluate and respond to the firm’s proposed changes in light of its expectations about control over UK risks and booking model expectations?","If a firm is considering operating split desks, it should notify the PRA at the point split desks are being considered, reflecting that split desks are viewed as increasing operational risk because the same risk is managed in two locations and therefore requires greater oversight and coordination. [#SRC:4190cc2641fd48ce] In parallel, the firm should be prepared for the PRA to assess whether the proposed changes are compatible with the degree of control the PRA expects the firm to exercise over risks affecting the activities it carries on in the UK, with the extent and manner in which the PRA’s booking model expectations are met being an important factor in that assessment. [#TGT:7ed859d16f359ce8] If the PRA is not satisfied that the proposed changes are appropriate—taking into account the overall degree of integration or separation between the overseas and UK businesses, the controls in place, and other factors—then the PRA may impose conditions or restrictions on what the firm may do. [#TGT:7ed859d16f359ce8] The firm should also ensure that all relevant control functions are satisfied that the split desks are effectively managed, since this structure is not expected to be used extensively. [#SRC:4190cc2641fd48ce]","Split desk considerations: Split desks are associated with higher operational risks since the management of the same risk in two locations, rather than one, increases the extent of oversight and coordination needed. All the relevant control functions should be satisfied that the desks are effectively managed. A firm may need or choose to operate them in some circumstances, but the PRA does not expect this structure to be used extensively. Hence the expectation that firms will notify the PRA when split desks are being considered [ 4.25D - 4.25E above].","The PRA will assess whether the proposed changes are compatible with the degree of control it expects a firm to exercise over risks affecting the activities it carries on in the UK. The extent to which and manner in which the PRA’s booking model expectations (see below) are met will be an important factor in the PRA’s assessment. Where the PRA is not satisfied that the proposed changes are appropriate, taking into account the overall degree of integration or separation between the overseas and UK businesses, the controls in place and other factors set out in this SS, then the PRA may impose conditions or restrictions on what the firm may do. By way of illustration, some specific factors relevant to trading activities that the PRA may consider are:",DPEL,,professional,UKFIN,hard_enriched,4190cc2641fd48ce,7ed859d16f359ce8,,,4190cc2641fd48ce,7ed859d16f359ce8,,,,,HV0127,6c8f72f9eb49197e,ObliQA-XRef_Out_Datasets/final_large_merged/ObliQA-XRef-UKFIN-ALL/final.jsonl,,,,
083fc14d3daa3e6f,"If there is a transfer event, what is ‘Z B ’ meant to measure in the update, and how does the PRA say a firm can meet the requirement—unless it has a waiver or modification?","For a transfer event, the PRA expects the update to produce ‘Z B ’ as a ratio that captures the dynamic portion of the total TMTP after the transfer as a percentage of the dynamic BEL on the underlying business after the transfer, taking into account that it is subject to any adjustment referenced for that purpose. [#SRC:a2f66dc44340ad31] Firms must make sure the relevant requirement is followed unless they have been granted a waiver or modification under the stated permissions approach. [#TGT:b34bb4d4e11aa3c7] The PRA indicates this can be done in practice by adjusting the value of ‘Z B ’ or by adjusting ‘C 0 ’. [#TGT:b34bb4d4e11aa3c7] Putting these together: when you are working out how the ratio changes because of the transfer event, you use the post-transfer ‘Z B ’ definition for what the ratio represents, and you then ensure adherence by adjusting ‘Z B ’ (or ‘C 0 ’) unless the waiver/modification condition applies. [#SRC:a2f66dc44340ad31] [#TGT:b34bb4d4e11aa3c7]","The PRA expects that the update required by Transitional Measures on Technical Provisions 6 should result in ‘Z B ’, representing the dynamic portion of the total TMTP post transfer as a percentage of the dynamic BEL on the underlying business post transfer subject to any adjustment referred to in 3.7E below. For the purpose of determining how this ratio has changed due to a transfer event:","Firms must ensure that Transitional Measures on Technical Provisions 6.2 is adhered to, unless they have been granted a waiver or modification as set out in 3.3 of the SoP ‘Permissions for transitional measures on technical provisions and risk-free interest rates’. The PRA expects this can be achieved by adjusting the value for ‘Z B ’ or ‘C 0 ’.",DPEL,,basic,UKFIN,hard_enriched,a2f66dc44340ad31,b34bb4d4e11aa3c7,,,a2f66dc44340ad31,b34bb4d4e11aa3c7,,,,,HV0128,083fc14d3daa3e6f,ObliQA-XRef_Out_Datasets/final_large_merged/ObliQA-XRef-UKFIN-ALL/final.jsonl,,,,
6c71c40cbac54bce,"If there is a serious disruption, how should impact tolerances be used to help decisions, and what should the firm have already done (through mapping and testing) to check it can keep important business services within those tolerances in severe but plausible scenarios?","In a disruption, impact tolerances can be used as a decision aid, but they are not the only input: they should be considered alongside other information that is relevant to managing the incident effectively. [#SRC:51a4e8e33523d5d5] Separately, the firm is expected to be able to keep delivering its important business services within impact tolerances even in severe but plausible scenarios, and mapping and testing those services is what equips the firm to establish whether it can stay within tolerance and what changes may be needed to do so. [#TGT:0f14e9411e03a950] Linking these points, the same impact tolerance benchmarks that guide incident-time choices should also be used by boards and senior management to prioritise investment and to put recovery and response arrangements in place ahead of time, so that the firm’s mapped and tested capability aligns with staying within tolerance under stress. [#SRC:51a4e8e33523d5d5][#TGT:0f14e9411e03a950]","Impact tolerances provide a standard which boards and senior management should use for prioritising investment and making recovery and response arrangements (see Chapters 4 to 6 of this SS). They may be helpful in informing decision-making during operational disruptions, when they would be considered alongside other information relevant to managing an incident effectively.",The Operational Resilience Parts 17 require firms to ensure they are able to deliver their important business services within impact tolerances in severe but plausible scenarios. Mapping and testing the delivery of important business services will equip firms to establish whether and how they can remain within impact tolerances.,DPEL,,basic,UKFIN,hard_enriched,51a4e8e33523d5d5,0f14e9411e03a950,,,51a4e8e33523d5d5,0f14e9411e03a950,,,,,HV0129,6c71c40cbac54bce,ObliQA-XRef_Out_Datasets/final_large_merged/ObliQA-XRef-UKFIN-ALL/final.jsonl,,,,
f785a281ba3c0bbc,"When a firm’s recovery plan includes a communication plan for informing internal and external stakeholders during the recovery process, what governance alignment is expected for that communication plan, and what specific communication objectives should the plan address (including handling negative market reaction and wider financial system impact)?","A firm’s recovery plan is expected to embed a communication plan that both sets out what the firm will communicate during recovery and is governed in a way that aligns with how recovery actions are authorised and controlled. [#TGT:bb8b61ee7ed6c85d] Specifically, the governance procedures for the communication plan should be documented within the recovery plan and should match the governance procedures used to invoke the recovery plan itself, while also being consistent with the firm’s broader corporate governance for communications. [#SRC:b3cab0b6630c112c] If the communication plan’s governance differs from either the recovery-plan invocation governance or the firm’s wider communications governance, the firm should explain those differences. [#SRC:b3cab0b6630c112c] In terms of content and objectives, the communication plan should provide a clear strategy for disseminating timely and appropriate information to stakeholders, including both internal and external audiences, throughout the firm’s recovery process. [#TGT:bb8b61ee7ed6c85d] The plan should also address how the firm will manage potential negative market reactions to recovery options, how it will mitigate potential impacts of recovery options on the firm’s financial position and franchise, and how the approach is designed to minimise broader impacts on the financial system. [#TGT:bb8b61ee7ed6c85d]","Governance procedures for the firm’s communication plan (see ‘ (ix) Communication plan ’ below) should be captured by the recovery plan and be consistent with the governance procedures for invoking the recovery plan itself. They should also be consistent with the firm’s wider corporate governance for communications. Where this is not the case, the differences should be explained.","The recovery plan should include a communication plan to ensure that there is a clear strategy for managing the dissemination of timely and appropriate information to stakeholders (both internal and external) during the firm’s recovery process. In particular, firms should consider how they will manage any negative market reaction to recovery options, mitigate the potential impact of recovery options on the firm’s financial position and franchise, and detail how the approach seeks to minimise the impact on the financial system more widely.",DPEL,,professional,UKFIN,hard_enriched,b3cab0b6630c112c,bb8b61ee7ed6c85d,,,b3cab0b6630c112c,bb8b61ee7ed6c85d,,,,,HV0130,f785a281ba3c0bbc,ObliQA-XRef_Out_Datasets/final_large_merged/ObliQA-XRef-UKFIN-ALL/final.jsonl,,,,
d9c3713da950deb5,"When a firm is ensuring that the calculation of the probability distribution forecast produced by its internal model meets the specified compliance standard, what additional expectation applies regarding the principles for the methods and assumptions used in the internal model, and what must be done to demonstrate compliance?","A firm must ensure that its internal model—specifically including how it calculates the probability distribution forecast it generates—complies with the specified set of requirements. [#TGT:3ed819cc35a6fc9d] In doing so, the firm must also ensure that the methods and assumptions used in the internal model adhere to the principles set out in the Statistical Quality Standards (SQS) for internal models. [#SRC:f9ebadff53a4bf82] Beyond meeting those substantive requirements, the firm has an explicit evidencing obligation: compliance with the SQS requirements must be demonstrated to the PRA. [#SRC:f9ebadff53a4bf82] Practically, this means the firm’s compliance approach should link the probability distribution forecast calculation back to the underlying methods and assumptions and show that those methods and assumptions follow the relevant SQS principles, and then provide evidence of that compliance to the PRA. [#SRC:f9ebadff53a4bf82] The combined expectation is therefore twofold: (1) ensure the internal model’s probability distribution forecast calculation complies with the stated requirements, and (2) evidence to the PRA that the internal model’s methods and assumptions comply with the SQS principles. [#TGT:3ed819cc35a6fc9d] [#SRC:f9ebadff53a4bf82]",The Statistical Quality Standards (SQS) for internal models in Solvency Capital Requirement – Internal Models 11 and Solvency Capital Requirement – Internal Models 16.2 set out requirements on the principles that the methods and assumptions used in the internal model must adhere to. Compliance with those requirements must be evidenced to the PRA.,"A firm must ensure that its internal model and, in particular, the calculation of the probability distribution forecast generated by it, complies with 11.2 to 11.13 .",DPEL,,professional,UKFIN,hard_enriched,f9ebadff53a4bf82,3ed819cc35a6fc9d,,,f9ebadff53a4bf82,3ed819cc35a6fc9d,,,,,HV0131,d9c3713da950deb5,ObliQA-XRef_Out_Datasets/final_large_merged/ObliQA-XRef-UKFIN-ALL/final.jsonl,,,,
6c636537df6c2f62,"When a firm with a matching adjustment permission is determining technical provisions in a currency where the PRA does not publish the relevant calibration inputs, how must the firm ensure its proposed fundamental spread approach captures differences in credit quality by rating notch for an assigned asset that maps to credit quality steps 1 to 5?","In that situation, the firm must both (i) develop and defend its own technical information for the fundamental spread and (ii) apply a rating-notch adjustment for relevant assigned assets. Where the PRA does not publish the technical information needed for the MA calculation in a particular currency, it becomes the firm’s responsibility to propose technical information that meets Solvency II requirements and to justify the approach to its supervisor. [#SRC:8453fefed49631c2] In addition, for any assigned asset that has a credit rating or internal credit assessment of a comparable standard mapping to credit quality steps 1 to 5 (inclusive), the firm must adjust the fundamental spread that would otherwise be derived from the asset’s credit quality step so that it reflects the corresponding rating notch. [#TGT:9fdf13a401180fa3] The practical implication is that the firm’s self-proposed technical information cannot stop at a credit-quality-step level if it is to be used for such assigned assets; it must be capable (where possible and appropriate) of being adjusted to capture differences in credit quality by rating notch. [#SRC:8453fefed49631c2] The firm should be prepared to explain to its supervisor how its proposed calibration and the required notch-level adjustment work together to produce an MA fundamental spread that meets the applicable requirements. [#SRC:8453fefed49631c2][#TGT:9fdf13a401180fa3]","For the purposes of determining TPs, the FS calibrations used in the MA calculation are, in most cases, provided by the PRA in technical information produced in accordance with Matching Adjustment 4.10 to 4.15 . Where a firm has TPs in a particular currency for which the PRA does not publish technical information, it is the firm’s responsibility to propose technical information that complies with Solvency II requirements, and to justify this approach to its supervisor. 5 Firms are required to adjust this technical information (where possible and appropriate) to allow the FS to capture differences in credit quality by rating notch ( Matching Adjustment 6 ). Firms are required to apply additions to the FS for assets with highly predictable (HP) cash flows (as per Matching Adjustment 4.16 ) and can apply any further additions to the FS that they consider necessary to ensure it covers all risks retained by the firm (as per Matching Adjustment 4.17 ). No similar technical information is provided in order to calculate the SCR and the PRA expects firms to consider if and how any adjustments to the technical information, and additions to the FS, used to calculate TPs need to be updated in stress conditions.","Where an assigned asset has a credit rating or internal credit assessment of a comparable standard (within the meaning of 7.1(1) ) mapping to credit quality steps 1 to 5 (inclusive), a firm with a matching adjustment permission must make an adjustment to the fundamental spread derived from the credit quality step attributed to that asset in order to reflect the corresponding rating notch , in accordance with 6.3 and 6.4 .",DPEL,,professional,UKFIN,hard_enriched,8453fefed49631c2,9fdf13a401180fa3,,,8453fefed49631c2,9fdf13a401180fa3,,,,,HV0132,6c636537df6c2f62,ObliQA-XRef_Out_Datasets/final_large_merged/ObliQA-XRef-UKFIN-ALL/final.jsonl,,,,
34e2b915257abecc,"When assessing whether a special purpose vehicle located in Gibraltar or a third country can be treated as meeting the relevant regulatory expectations, what conditions must be satisfied regarding (i) oversight by a supervisory authority and equivalence of requirements, and (ii) the governance arrangements expected of a UK ISPV in light of the risks assumed and the authorised regulated activity?","To treat a special purpose vehicle in Gibraltar or a third country as meeting the relevant expectations, you must confirm both its external regulatory status and the governance standard that would apply in the UK context. [#SRC:012c29b081ac0f05] Specifically, the Gibraltar/third-country vehicle must be regulated by a supervisory authority in Gibraltar or that third country, and it must comply with requirements that are equivalent to the specified set of Insurance Special Purpose Vehicles requirements. [#SRC:012c29b081ac0f05] In parallel, the benchmark governance expectation for a UK ISPV is that it has an effective system of governance designed to ensure sound and prudent management, and that this system is appropriate to the nature, scale, and complexity of the risks the UK ISPV assumes as well as the regulated activity for which it is authorised. [#TGT:d90fd8705cd51108] Read together, this means an equivalence assessment for a non-UK vehicle should not stop at confirming supervision and formal equivalence; it should also consider whether the vehicle’s governance arrangements would meet the UK ISPV standard of effectiveness and proportionality to its risk profile and authorised activity. [#SRC:012c29b081ac0f05] [#TGT:d90fd8705cd51108]","(2) in the case of a special purpose vehicle in Gibraltar or a third country , it is regulated by a supervisory authority in Gibraltar or a third country , and complies with requirements equivalent to those set out in Insurance Special Purpose Vehicles 2 , 2A to 2D , and 5A.1 to 5A.4 .","A UK ISPV must have an effective system of governance which provides for the sound and prudent management of the UK ISPV and which is appropriate to the nature, scale and complexity of the risks it assumes and the regulated activity for which it is authorised.",DPEL,,professional,UKFIN,hard_enriched,012c29b081ac0f05,d90fd8705cd51108,,,012c29b081ac0f05,d90fd8705cd51108,,,,,HV0133,34e2b915257abecc,ObliQA-XRef_Out_Datasets/final_large_merged/ObliQA-XRef-UKFIN-ALL/final.jsonl,,,,
3bdf1c57377df0f9,"For an RFTS application, who runs the overall process, and who sends the financial resources certificate to the court if the transferee is only regulated by the FCA, considering the regulators’ agreement on how they coordinate shared-interest functions?","The PRA runs the overall RFTS process, but the FCA takes over issuing the financial resources certificate to the court when the transferee is an FCA solo regulated entity, within a wider coordination arrangement between the two regulators for RFTS-related functions. [#TGT:39a1985ef6854457] In general, the PRA leads the process for the RFTS and is responsible for specific regulatory functions connected with RFTS applications, including providing certificates. [#TGT:39a1985ef6854457] The stated exception is that, if the transferee is an FCA solo regulated entity, the FCA issues the certificate of financial resources to the court. [#TGT:39a1985ef6854457] This split of tasks aligns with the fact that both the PRA and the FCA have statutory functions in relation to RFTS and they maintain a Memorandum of Understanding that sets out each regulator’s role for functions involving common regulatory interest and explains how they intend to coordinate the exercise of those functions. [#SRC:5f2897ab41776611]","FSMA 5 also prescribes certain statutory functions in relation to RFTS for both the PRA and FCA. In accordance with FSMA, the PRA and the FCA maintain a Memorandum of Understanding 6 which describes each regulator’s role in relation to the exercise of its functions under FSMA relating to matters of common regulatory interest and how each regulator intends to ensure the co-ordinated exercise of such functions.","The PRA will lead the process for the RFTS. As described above, the PRA will also be responsible for specific regulatory functions connected with RFTS applications including the provision of certificates under section 111 of FSMA. The only exception to this is when the transferee is an FCA solo regulated entity. In this instance, the FCA will issue the certificate of financial resources to the court.",DPEL,,basic,UKFIN,hard_enriched,5f2897ab41776611,39a1985ef6854457,,,5f2897ab41776611,39a1985ef6854457,,,,,HV0134,3bdf1c57377df0f9,ObliQA-XRef_Out_Datasets/final_large_merged/ObliQA-XRef-UKFIN-ALL/final.jsonl,,,,
34051549c629fc2a,"If a firm chooses to produce one integrated document that combines its liquidity contingency plan (contingency funding plan) and its recovery plan, how should it align scenario testing in that recovery plan with existing stress testing capabilities, and what standard must the recovery-plan scenarios meet?","When a firm integrates its liquidity contingency plan (contingency funding plan) with its recovery plan into a single document, it should design scenario testing for the recovery plan in a way that leverages its established stress testing capabilities while still ensuring the recovery-plan scenarios are fit for purpose. [#TGT:d6da2dce246d82de] In practice, firms are encouraged to make their scenario-testing approach consistent with existing stress testing used for the Internal Capital Adequacy Assessment Process (ICAAP) and the Internal Liquidity Adequacy Assessment Process (ILAAP), and where relevant may also draw on work performed for the Bank’s previous concurrent stress test exercises. [#SRC:62cb42c43841e1d5] Even when leveraging those existing capabilities within an integrated document intended to support coherent alerting and response to liquidity stress, the firm should not treat reuse as sufficient by itself; it must ensure that the scenarios included in the recovery plan are relevant and sufficiently severe for testing the recovery plan. [#SRC:62cb42c43841e1d5] This approach supports the objective of a coherent process and risk management framework that the integrated-document expectation is intended to promote. [#TGT:d6da2dce246d82de]","Firms are encouraged to ensure their approach to scenario testing is consistent with – and leverage – their existing stress testing capabilities, such as those used for the Internal Capital Adequacy Assessment Process (ICAAP) and the Internal Liquidity Adequacy Assessment Process (ILAAP). Where relevant, this can include work done for the Bank’s previous concurrent stress test exercises (further detail on the interaction between these regimes is included in ‘ (xiii) Interaction with other relevant regimes and requirements ’ below). However, firms should ensure scenarios included in their recovery plan are relevant and sufficiently severe for testing the recovery plan.","Firms are strongly encouraged to combine their liquidity contingency plan 16 (also known as a contingency funding plan) and their recovery plan into one integrated document. This would ensure that the firm has a coherent process for being alerted to and addressing a liquidity stress and helps to ensure a coherent risk management framework. The PRA recognises that there may be some instances when it is necessary to maintain separate documents (eg due to requirements of local regulators), but expects this to be the exception and that any separate documents should be consistent with each other.",DPEL,,professional,UKFIN,hard_enriched,62cb42c43841e1d5,d6da2dce246d82de,,,62cb42c43841e1d5,d6da2dce246d82de,,,,,HV0135,34051549c629fc2a,ObliQA-XRef_Out_Datasets/final_large_merged/ObliQA-XRef-UKFIN-ALL/final.jsonl,,,,
178294b9c547ae34,"For a UK subsidiary of a group based outside of the UK, how should the recovery plan allocate governance and accountability so that (i) indicator monitoring and action are managed within a UK governance framework with clear escalation to group level, and (ii) a named executive under the SMR is accountable for the recovery plan and acts as the firm’s contact point with the authorities?","A UK subsidiary of a group based outside of the UK should structure its recovery plan so that UK-level governance for monitoring indicators and taking action is clearly defined, while also specifying when decisions are escalated to group level, and it should assign a single named executive under the SMR who is accountable for the recovery plan and related governance processes. [#SRC:540b8d2e62cc1fe2] The plan should include a UK governance framework that covers how indicators are monitored and how actions are triggered and managed, and for UK subsidiaries in non-UK groups it should also describe the points at which decisions would be escalated to group level. [#SRC:540b8d2e62cc1fe2] In parallel, because recovery planning is treated as a prescribed responsibility under the SMR, the firm should identify a named executive who is accountable for the recovery plan and resolution pack and who oversees the internal governance processes supporting them. [#TGT:084062e615cc02e8] That accountable executive director should also be identified as the firm’s contact point with the authorities on its recovery plan, and the PRA expects to hold this person accountable for the plan’s quality, usability for senior executives and board members in stress, improvements (including responding to PRA feedback), and engagement with the PRA on recovery planning matters. [#TGT:084062e615cc02e8] The subsidiary should also ensure it meets the SMR-related expectations on responsibilities referenced for such UK subsidiaries. [#SRC:540b8d2e62cc1fe2]","(vi) The plan should include a UK governance framework for monitoring the indicators and taking action where appropriate. For UK subsidiaries of groups based outside of the UK, in meeting expectations set out in Chapter 2 (viii) , the PRA expects firms to set out when decisions would be escalated to group level. In addition, the PRA expects UK subsidiaries of groups based outside of the UK to meet requirements set out in Chapter 2 (xiii) (c) in relation to responsibilities under the SMR.","Firms are reminded that recovery planning is a prescribed responsibility under the SMR which means that there should be a named executive at each firm that is accountable for the recovery plan and resolution pack and for overseeing the internal processes regarding their governance. 18 Firms should identify the accountable executive director responsible for the firm’s recovery plan and for acting as the firm’s contact point with the authorities on its recovery plan. The PRA has observed that this is typically the CEO, CFO or CRO. The PRA will hold this person accountable for the quality of the recovery plan, for the plan being structured so as to be usable by senior executives and board members in a stress, for making improvements to the recovery plan (including in response to the PRA’s feedback) and for the firm’s engagement with the PRA on recovery planning issues.",DPEL,,professional,UKFIN,hard_enriched,540b8d2e62cc1fe2,084062e615cc02e8,,,540b8d2e62cc1fe2,084062e615cc02e8,,,,,HV0136,178294b9c547ae34,ObliQA-XRef_Out_Datasets/final_large_merged/ObliQA-XRef-UKFIN-ALL/final.jsonl,,,,
db62c029d8c337c9,"If a firm is in a group, what does it need to have in place at group level to check whether important group business services can stay within impact tolerance during a major disruption, and when can it ignore the related group-level requirements because the parent company is based in a designated overseas jurisdiction for insurance group supervision?","When a firm is a member of a group in scope, it must make sure that the group has strategies, processes and systems that let the firm assess whether important group business services could stay within the impact tolerance if there is a severe but plausible disruption to operations. [#TGT:43a647fe4cce5cd9] Separately, there is a situation where certain group-level provisions do not apply: this is when the firm is a member of a group covered by the specified group category, the group’s parent undertaking has its head office in a third country that is an overseas jurisdiction designated for insurance group supervision (as described), and the stated condition about the application of the relevant paragraph is met. [#SRC:b6b6500b2b9939c8] So the firm should (1) confirm it is in the relevant type of group and (2) check the parent undertaking’s head-office location and whether it is in a designated overseas jurisdiction with the stated paragraph applying; only then can it treat those group-level provisions as not applying. [#SRC:b6b6500b2b9939c8] If that carve-out does not apply, the firm still needs the group-level capability to perform the impact-tolerance assessment for important group business services under severe but plausible disruption conditions. [#TGT:43a647fe4cce5cd9]","Where a firm is a member of a group covered by 2.1(3) , 22.2 , 22.3 and 22.4 do not apply if, the third country in which the group's parent undertaking has its head office is an overseas jurisdiction designated under regulation 11 in relation to regulation 14 of the IRPR regulations in respect of insurance group supervision and paragraph (3) of regulation 14 of the IRPR regulations applies.","Where a firm is a member of a group covered by 2.1(1) , 2.1(2) or, subject to 22.5 , 2.1(3) the firm must ensure that the strategies, processes and systems at the level of the group of which it is a member enable the firm to assess whether important group business services at the level of the group could remain within the impact tolerance in the event of a severe but plausible disruption to its operations.",DPEL,,basic,UKFIN,hard_enriched,b6b6500b2b9939c8,43a647fe4cce5cd9,,,b6b6500b2b9939c8,43a647fe4cce5cd9,,,,,HV0137,db62c029d8c337c9,ObliQA-XRef_Out_Datasets/final_large_merged/ObliQA-XRef-UKFIN-ALL/final.jsonl,,,,
e4e335cafbf931c3,"When a firm is determining its basic own funds and needs to reduce them because it holds participations in a financial and credit institution above the stated percentage threshold, what reduction is required and what should the firm do if it cannot apply the straightforward approach for allocating the resulting deduction across tiers of own funds?","In determining its basic own funds, a firm is required to make a reduction when it has participations in a financial and credit institution that exceed the specified threshold relative to the referenced items. [#TGT:0627964a494e4b18] Specifically, the firm must reduce its basic own funds by the full value of the participations that exceed 10% of the items included in the listed components. [#TGT:0627964a494e4b18] Because this reduction can create a deduction from own-funds that then needs to be reflected appropriately within the firm’s own-funds structure, the firm should also use the supporting guidelines for performing the calculations required by the relevant own-funds calculation framework. [#SRC:f70061d7218c187e] If a deduction from own-funds is necessary and the firm cannot apply the straightforward approach for allocating that deduction, it should follow the specified guideline that is intended to identify which tier of own-funds the adjustment should apply to. [#SRC:f70061d7218c187e] This links the mandatory reduction in basic own funds for qualifying participations above the threshold with the procedural expectation for handling cases where tier-allocation of the resulting deduction is not straightforward. [#SRC:f70061d7218c187e]","Firms should observe Guidelines 4 and 5 which support the carrying out of the calculations required by Own Funds 3K . Where a deduction from own-funds is necessary, and where a straightforward application of Own Funds 3K.5 is not possible, firms should follow Guideline 6 to identify the tier of own-funds to which the adjustment should apply.","A firm must, for the purpose of determining its basic own funds , reduce its basic own funds by the full value of participations , as referred to in 3K.6 , in a financial and credit institution that exceeds 10% of items included in 3A.1(1)(a) , 3A.1(1)(b) , 3A.1(1)(d) and 3A.1(1)(f) .",DPEL,,professional,UKFIN,hard_enriched,f70061d7218c187e,0627964a494e4b18,,,f70061d7218c187e,0627964a494e4b18,,,,,HV0138,e4e335cafbf931c3,ObliQA-XRef_Out_Datasets/final_large_merged/ObliQA-XRef-UKFIN-ALL/final.jsonl,,,,
23b812089577d748,"When setting up governance and prudential risk management arrangements, what must an insurer’s risk appetite/tolerance framework cover, and how must the firm’s risk-management system address risks across both individual and aggregated exposures on an ongoing basis?","An insurer should treat its risk appetite or tolerance as a core element of an effective governance and prudential risk management framework, and it must be supported by a risk-management system that continuously identifies, measures, monitors, manages, and reports risks both per-risk and in aggregate, including how risks relate to each other. [#SRC:e007010cf752bc53] [#TGT:9f2e6ec1c2bc29ca] To be complete, the insurer needs (i) a defined risk appetite/tolerance and (ii) a process and systems that operationalize that appetite through end-to-end risk handling and escalation to management or the board. [#SRC:e007010cf752bc53] The risk-management system must comprise strategies, processes, and reporting procedures that enable continuous risk identification, measurement, monitoring, management, and reporting, covering risks the firm is exposed to or could be exposed to. [#TGT:9f2e6ec1c2bc29ca] It must also address risks at an individual level and at an aggregated level, and capture interdependencies among those risks, so that aggregation and linkage effects are visible rather than assessed in isolation. [#TGT:9f2e6ec1c2bc29ca] In parallel, the insurer must have appropriate systems to convey risk information to management or the board, aligning reporting and escalation with the risk appetite/tolerance and the broader governance system. [#SRC:e007010cf752bc53]","Conditions Governing Business Chapters 2 and 3 , supplemented by Non-Solvency II Firms – Governance Chapters 2 , 3 and 7 require an insurer to establish an effective system of governance and prudential risk management systems. An insurer is required to have a risk appetite or tolerance for risk, a process to identify, measure, and monitor risk and appropriate systems to convey information to management or the board.","(1) A firm must establish, implement, and maintain an effective risk-management system comprising strategies, processes and reporting procedures necessary to identify, measure, monitor, manage and report on a continuous basis the risks, at an individual and at an aggregated level, to which it is or could be exposed, and their interdependencies.",DPEL,,professional,UKFIN,hard_enriched,e007010cf752bc53,9f2e6ec1c2bc29ca,,,e007010cf752bc53,9f2e6ec1c2bc29ca,,,,,HV0139,23b812089577d748,ObliQA-XRef_Out_Datasets/final_large_merged/ObliQA-XRef-UKFIN-ALL/final.jsonl,,,,
3f12528d544848aa,"For a contract where further specified premiums are payable by the policyholder, the contract is not a linked long-term contract of insurance, the policyholder is eligible to participate in any established surplus, and benefits (other than those arising from a distribution of surplus) are fixed from the outset by reference to the total premiums payable, when may an alternative valuation method be used and what outcome must be demonstrated for reserves?","In the scenario described—where further specified premiums are payable by the policyholder under a contract that is not a linked long-term contract of insurance, the policyholder can participate in any established surplus, and the relevant benefits are set from the outset by reference to the total premiums payable—the valuation approach applied to determine reserves may depart from the otherwise described method only if a specific safeguard is met. [#TGT:b59bd9a0020ac30e] Specifically, an alternative valuation method is permitted only where it can be demonstrated that using the alternative produces reserves that are not lower in aggregate than the reserves that would result from applying the method that would otherwise be used. [#SRC:0e0944866773b598] This means the firm must be able to evidence, on an aggregate basis, that the alternative method does not reduce the overall level of reserves compared with the baseline method, even though the contract features include ongoing specified premiums and surplus participation with benefits determined by reference to total premiums. [#TGT:b59bd9a0020ac30e] The key compliance condition is therefore not the contract design itself, but the requirement to demonstrate equivalence or conservatism in aggregate reserves relative to the baseline method before relying on the alternative approach. [#SRC:0e0944866773b598]","An alternative valuation method to that described in 9.1 to 9.3 may be used where it can be demonstrated that the alternative method results in reserves no less, in aggregate, than would result from use of the method described in 9.1 to 9.3 .","Where further specified premiums are payable by the policyholder under a contract (not being a linked long-term contract of insurance ) under which the policyholder is eligible to participate in any established surplus and benefits (other than benefits arising from a distribution of surplus) are determined from the outset in relation to the total premiums payable thereunder, then, subject to 9.4 and 10 :",DPEL,,professional,UKFIN,hard_enriched,0e0944866773b598,b59bd9a0020ac30e,,,0e0944866773b598,b59bd9a0020ac30e,,,,,HV0140,3f12528d544848aa,ObliQA-XRef_Out_Datasets/final_large_merged/ObliQA-XRef-UKFIN-ALL/final.jsonl,,,,
89852cc551e51d85,"If a friendly society is transferring to another friendly society and an actuary’s report from the transferee is needed (or might be demanded) to show solvency or an excess of assets over liabilities, when could the PRA ask for an extra report after members have voted, and what extra steps might that cause?","In a transfer to another friendly society, the PRA’s starting point is that an actuary’s report from the transferee is required in one set of circumstances to confirm it will meet the necessary margin of solvency, and the PRA may require an actuary’s report in another set of circumstances to confirm it will have an excess of assets over liabilities. [#TGT:ba58567331c57f62] Where such reports are required, the PRA may also ask for a supplementary report in certain instances, such as when there have been material financial or other developments after the members’ vote but before the confirmation hearing. [#SRC:fc9e80a67deee879] The PRA will look at the procedural impact of requesting that supplementary report on a case-by-case basis. [#SRC:fc9e80a67deee879] If the supplementary report reaches different conclusions from the first reports, the PRA notes this may mean more communications with affected members who can vote and/or more advertising. [#SRC:fc9e80a67deee879] If the changed conclusions are material enough, it may also result in needing another member vote. [#SRC:fc9e80a67deee879]","Where the reports detailed in paragraphs 4.5 and 4.6 are required, the PRA may request in certain instances that supplementary reports are produced, for example where there have been material financial or other developments subsequent to the members’ vote and prior to the confirmation hearing. In such instances, the PRA will consider the specific procedural implications of requesting a supplementary report on a case-by-case basis. For example, where the conclusions in the supplementary reports differ from those in the first reports the PRA notes this may necessitate further communications with affected members eligible to vote and/or additional advertising. Depending on the materiality of the conclusions reached, it may also lead to the requirement for a further member vote.","For a transfer to another friendly society, if the conditions of 87(1) and 87(2) of the Friendly Societies Act 1992 are met, a report is required from the appropriate actuary of the transferee to confirm that it will meet the necessary margin of solvency. Where the conditions of 87(1) and 87(3) are met, the PRA may require a report from the appropriate actuary of the transferee to confirm that it will have an excess of assets over liabilities.",DPEL,,basic,UKFIN,hard_enriched,fc9e80a67deee879,ba58567331c57f62,,,fc9e80a67deee879,ba58567331c57f62,,,,,HV0141,89852cc551e51d85,ObliQA-XRef_Out_Datasets/final_large_merged/ObliQA-XRef-UKFIN-ALL/final.jsonl,,,,
4444ef76b67c9f81,"When a firm seeks a subsequent variation of its MA permission, what must the written application include regarding documentary evidence and how must changes be presented and confirmed, including any specific method for signposting changes?","For a subsequent variation of MA permission, the firm is expected to submit a written application that includes both a short description of the proposed changes and documentary evidence that has been updated from the suite supporting the existing permission. [#TGT:84f7883e3f0125f9] In addition, the PRA will still require the application to be accompanied by documentary evidence, and where the application is a change in scope, the changes must be signposted in the manner described for that purpose. [#SRC:974d2778f8f27567] Practically, the updated documentary evidence should be prepared so that any differences from what was previously submitted are clearly highlighted using a ‘track changes’ approach. [#TGT:84f7883e3f0125f9] The firm should also include, within its short description of the changes, an explicit confirmation that all changes to its application have been displayed as ‘track changes’ and that no other changes have been made beyond those shown. [#TGT:84f7883e3f0125f9] This combination of a written application with accompanying evidence, plus clearly signposted amendments (including for change in scope applications), is intended to reduce administrative and operational burden while ensuring the PRA can readily identify what has changed. [#SRC:974d2778f8f27567] [#TGT:84f7883e3f0125f9]","The PRA will still require firms to submit a written application as set out in Chapter 2 of this SoP, including accompanying documentary evidence and, for a change in scope application, changes signposted as described in paragraph 2.18 of this SoP.","To ease the administrative and operational burden on both firms and the PRA, the PRA expects a firm to update the suite of documentary evidence covering its initial MA permission, for each subsequent variation of that permission. Applications for a variation of MA permission should cover a short description of the proposed changes together with an updated suite of documentary evidence, where the changes to this evidence from that previously submitted to the PRA to support the existing permission are clearly signposted using ‘track changes’. The firm should clearly confirm, in its short description of the changes, that all changes to its application have been displayed as ‘track changes’ and that no other changes have been made.",DPEL,,professional,UKFIN,hard_enriched,974d2778f8f27567,84f7883e3f0125f9,,,974d2778f8f27567,84f7883e3f0125f9,,,,,HV0142,4444ef76b67c9f81,ObliQA-XRef_Out_Datasets/final_large_merged/ObliQA-XRef-UKFIN-ALL/final.jsonl,,,,
ee770fb3dba5d8d8,"If a firm learns that another company in its group (not covered by Own Funds 5) plans to issue something the firm wants to count as basic own funds for the group SCR, what does the firm need to tell the PRA, and what happens if the firm changes the details before the item is issued?","The firm must write to the PRA as soon as it becomes aware that another member of its group (which is not subject to Own Funds 5) intends to issue an item that the firm intends to include within the basic own funds forming the own funds eligible for the group SCR. [#TGT:a69fc1cead7ea616] If the firm has already made that initial notification and then, before the item is issued, it proposes to change any of the information it previously submitted, it must send another written notification covering the change, and it must do this without delay. [#SRC:b15834f057327c97] Put together, the timing is important: the first message is triggered by the firm becoming aware of the issuing undertaking’s intention, and the second message is triggered by the firm proposing changes to what it already told the PRA during the period after the initial notice but prior to issuance. [#TGT:a69fc1cead7ea616] [#SRC:b15834f057327c97]","If after an initial notification under 6.2 , but prior to an item’s issuance, a firm proposes to change the information previously submitted, it must provide a further written notification of that change without delay.","(1) Subject to 6.5 , a firm must notify the PRA in writing of the intention of another member of its group which is not subject to Own Funds 5 to issue an item which it intends to include within the basic own funds forming the own funds eligible for the group SCR , as soon as it becomes aware of the intention of the issuing undertaking .",DPEL,,basic,UKFIN,hard_enriched,b15834f057327c97,a69fc1cead7ea616,,,b15834f057327c97,a69fc1cead7ea616,,,,,HV0143,ee770fb3dba5d8d8,ObliQA-XRef_Out_Datasets/final_large_merged/ObliQA-XRef-UKFIN-ALL/final.jsonl,,,,
a776cc115877ed4c,"If an asset has both economic risk and event risk, what approach should a firm follow, and if it has good data to model event-driven cash flow swings more carefully, what level of provision does the PRA say is broadly in line with an 85th-percentile outcome for a fatter-tailed distribution?","Where an asset exposure includes both economic and event risk, the firm should use the standard approach that matches the dominant risk in that exposure. [#SRC:957d2122eefbf855] Separately, if the firm has more complete credible data that supports more sophisticated modelling of event-driven cash flow variability, the PRA indicates that these event-driven risks are more likely to be represented by fatter-tailed distributions and explains a practical equivalence for setting an adequate provision. [#TGT:24cba8bb8769696c] The PRA considers that a provision equal to one quarter of the difference in MA benefit between median cash flows and worst cash flows is broadly equivalent to targeting the 85th percentile of a fatter-tailed distribution. [#TGT:24cba8bb8769696c] The PRA further indicates that this level of provision would likely demonstrate adequate provision for the additional retained cash flow variability risks. [#TGT:24cba8bb8769696c] Putting these together, the firm should first decide which standard approach applies by identifying the dominant risk (economic or event) for the asset, and then—if it is using credible data to support more sophisticated modelling of event-driven variability—use the quarter-of-the-median-to-worst MA benefit difference as the PRA’s benchmark for adequacy against a fatter-tailed 85th-percentile target. [#SRC:957d2122eefbf855] [#TGT:24cba8bb8769696c]","The PRA has set out expectations in paragraphs 5.23 to 5.25 below for standard approaches for economic and event risk exposures. For assets with both economic and event risk exposures, firms should follow the approach for the dominant risks. For pooled asset exposures where the underlying assets are exposed to economic risks but where there is sufficient evidence of predictability, firms may propose to apply the standard approach to the FS addition for event risks.","The PRA considers that event-driven cash flow variability risks are more likely to be best represented by fatter-tailed distributions. Where more complete credible data becomes available to support more sophisticated modelling, the PRA considers that a provision of one quarter of the difference in MA benefit from median to worst cash flows is broadly equivalent to targeting the 85th percentile of a fatter-tailed distribution and that this would likely demonstrate adequate provision for the additional retained cash flow variability risks.",DPEL,,basic,UKFIN,hard_enriched,957d2122eefbf855,24cba8bb8769696c,,,957d2122eefbf855,24cba8bb8769696c,,,,,HV0144,a776cc115877ed4c,ObliQA-XRef_Out_Datasets/final_large_merged/ObliQA-XRef-UKFIN-ALL/final.jsonl,,,,
04550da1629d09ad,"If a firm is small and has a simple business model, can its solvent exit analysis be shorter, and what parts of the analysis are likely to be smaller or simpler compared with a bigger, more complex firm?","Yes. The amount of detail in a solvent exit analysis is expected to match the firm’s nature, scale, and complexity, so a smaller and simpler firm can reasonably prepare a shorter analysis than a larger, more complex firm. [#SRC:2a3666ddbe534cd1][#TGT:81ad87350f8e63bb] For a smaller firm with a simple business model, the analysis may be shorter because it may need to cover a smaller range of solvent exit indicators, set out a more limited number of solvent exit actions, and describe simpler governance arrangements. [#TGT:81ad87350f8e63bb] This is an application of the proportionality expectation: the analysis should not be more detailed than is justified by the firm’s scale and complexity, but it should still reflect the firm’s own indicators, actions, and governance in a way that fits its circumstances. [#SRC:2a3666ddbe534cd1][#TGT:81ad87350f8e63bb] Where a firm is larger or more complex, the same proportionality principle implies that more detail may be needed to address a broader set of indicators, actions, and governance arrangements. [#SRC:2a3666ddbe534cd1][#TGT:81ad87350f8e63bb]","The level of detail in the solvent exit analysis should be proportionate to the nature, scale, and complexity of the firm. 18 A firm may find it helpful to include the solvent exit analysis as a discrete section in its recovery plan, but may set out the solvent exit analysis separately if the firm finds it appropriate","18. For example, a smaller firm with a simple business model may produce a shorter solvent exit analysis than a larger, more complex firm, given that the smaller firm may have a smaller range of solvent exit indicators, a more limited number of solvent exit actions, and simpler governance arrangements.",DPEL,,basic,UKFIN,hard_enriched,2a3666ddbe534cd1,81ad87350f8e63bb,,,2a3666ddbe534cd1,81ad87350f8e63bb,,,,,HV0145,04550da1629d09ad,ObliQA-XRef_Out_Datasets/final_large_merged/ObliQA-XRef-UKFIN-ALL/final.jsonl,,,,
742e4ef5df6fdb52,"If the Chief Actuary is choosing a method for the TMTP projected risk margin portion and dynamic portion, what does the method need to match, and how should it reflect how complex the firm’s insurance and reinsurance risks are?","For the TMTP method used to calculate the projected risk margin portion and the dynamic portion, the Chief Actuary may choose an appropriate methodology, but it must be consistent with the calculation of Technical Provisions and with the relevant principles referenced for Technical Provisions further requirements. [#SRC:150a80115b4cbf41] Separately, the firm must calculate technical provisions using methods that are proportionate to the nature, scale, and complexity of the risks underlying its insurance and reinsurance obligations. [#TGT:df6dca1e4bdffda8] Putting these together, the Chief Actuary’s TMTP methodology choice should fit within the firm’s Technical Provisions calculation framework and principles, while also being applied in a way that is proportionate to the firm’s underlying risk profile (how big and complex the risks are, and what kind they are). [#SRC:150a80115b4cbf41] [#TGT:df6dca1e4bdffda8]","For the TMTP method when calculating the projected risk margin portion and dynamic portion as set out in Transitional Measures on Technical Provisions 5.2 , the Chief Actuary may select appropriate methodologies consistent with the calculation of Technical Provisions and the principles set out in chapter 27 of the Technical Provisions – Further Requirements Part of the PRA Rulebook.","A firm must use methods to calculate technical provisions which are proportionate to the nature, scale and complexity of the risks underlying their insurance and reinsurance obligations.",DPEL,,basic,UKFIN,hard_enriched,150a80115b4cbf41,df6dca1e4bdffda8,,,150a80115b4cbf41,df6dca1e4bdffda8,,,,,HV0146,742e4ef5df6fdb52,ObliQA-XRef_Out_Datasets/final_large_merged/ObliQA-XRef-UKFIN-ALL/final.jsonl,,,,
05d2357faeb548e9,"For a G-SII making disclosures that fall within Titles II and III, what is the required publication approach and what is the latest deadline after the end of the relevant period for making the specific disclosures that are required under the referenced disclosure obligation?","A G-SII must both (i) follow the prescribed publication approach for disclosures that fall within Titles II and III and (ii) meet a specific end-of-period deadline for the particular set of disclosures in scope. Institutions are required to publish the disclosures required under Titles II and III using the manner specified in the referenced publication framework. [#TGT:a2135b9576433803] Separately, for G-SIIs, the information that is required under the referenced disclosure obligation must be disclosed no later than four months after the end of the period to which that information relates. [#SRC:7d9ddc368d96439f] Read together, where the G-SII’s relevant disclosures are within Titles II and III and include the specified information, the institution should publish those disclosures using the stated manner while ensuring that the specified information is made public within the four-month window measured from the end of the relevant reporting period. [#TGT:a2135b9576433803] [#SRC:7d9ddc368d96439f]","By way of derogation from the second paragraph of Article 433, G-SIIs shall disclose the information required under Article 441 within four months after the end of the period to which the information relates.","Institutions shall publish the disclosures required under Titles II and III in the manner set out in Articles 433a , 433b and 433c .",DPEL,,professional,UKFIN,hard_enriched,7d9ddc368d96439f,a2135b9576433803,,,7d9ddc368d96439f,a2135b9576433803,,,,,HV0147,05d2357faeb548e9,ObliQA-XRef_Out_Datasets/final_large_merged/ObliQA-XRef-UKFIN-ALL/final.jsonl,,,,
ea7de73af61bc865,"If a critical third party has to show regulators it can meet the requirements, what does it need to do with what it learns from operational incidents and from testing and exercising (including testing and exercising done under a specific framework) to support that showing?","To support showing regulators that it can meet the requirements, a critical third party should be able to point to implemented improvements that come from what it learned during operational incidents and during testing and exercising. [#TGT:2d682f43e1f6ff70] The relevant expectation is not just to run tests or note incident outcomes, but to implement the lessons learned from CTP operational incidents and from any testing and exercising it undertakes, expressly including testing and exercising carried out under the referenced framework. [#SRC:ea54bf2b51940c0a] In other words, the demonstration to regulators should connect the “learning” sources (incidents and exercises) to real actions taken (changes put in place), because the ability to demonstrate compliance is about evidencing capability, not merely describing intentions. [#TGT:2d682f43e1f6ff70] This approach should cover lessons from all testing and exercising the critical third party performs, and it should not exclude the testing and exercising undertaken under the specified framework, since those are explicitly within scope of the lessons-to-implementation requirement. [#SRC:ea54bf2b51940c0a]","(4) implementing lessons learned from CTP operational incidents and any testing and exercising undertaken, including but not limited to that undertaken in accordance with 5 ;",A critical third party must be able to demonstrate to the regulators its ability to comply with this Part.,DPEL,,basic,UKFIN,hard_enriched,ea54bf2b51940c0a,2d682f43e1f6ff70,,,ea54bf2b51940c0a,2d682f43e1f6ff70,,,,,HV0148,ea7de73af61bc865,ObliQA-XRef_Out_Datasets/final_large_merged/ObliQA-XRef-UKFIN-ALL/final.jsonl,,,,
e94e94961406c1d2,"After the PRA has granted a permission, if a firm expects it soon will not continue to meet the ongoing conditions attached to that permission and promptly notifies the PRA, what discretion does the PRA have regarding revoking or modifying the permission upon receiving such notifications?","Where a permission has been granted and the relevant conditions are treated as continuing obligations that must be met on an ongoing basis, the firm is expected to notify the PRA promptly if it does not, or anticipates it soon will not, continue to meet any of those conditions for as long as the permission remains effective. [#TGT:0df24170860e6ba3] When the PRA receives the notifications described in the specified notification paragraphs, it has discretion to decide not to revoke or modify the permission it granted, even though the notification relates to a potential or actual failure to continue meeting those ongoing conditions. [#SRC:75e4f6a4b365751b] In practice, this means the firm’s prompt notification about an expected or actual lapse in continuing conditions is an expected step during the life of the permission, but receipt of that notification does not automatically require revocation or modification; the PRA may choose to leave the permission unchanged. [#TGT:0df24170860e6ba3] [#SRC:75e4f6a4b365751b]",The PRA may decide not to revoke or modify a permission that it has granted when it receives the notifications set out in paragraphs 3.3 to 3.5 above.,"Unless otherwise stated, the conditions set out in PRA rules and in this SoP should be thought of as continuing conditions which firms need to satisfy on an ongoing basis. After the PRA has granted a permission, it expects that the firm promptly notifies it if it does not, or expects that it soon will not, continue to meet any of those conditions for as long as the permission remains effective.",DPEL,,professional,UKFIN,hard_enriched,75e4f6a4b365751b,0df24170860e6ba3,,,75e4f6a4b365751b,0df24170860e6ba3,,,,,HV0149,e94e94961406c1d2,ObliQA-XRef_Out_Datasets/final_large_merged/ObliQA-XRef-UKFIN-ALL/final.jsonl,,,,
7394abdceba58c95,"If the PRA is worried about a firm’s culture (like weak governance, bad incentives, low risk awareness, or people not challenging senior management), what extra step can it take to help spot concerns, and what does the PRA treat as a “sound risk culture” in that context?","Where the PRA is looking for signs of cultural weakness, it can use a skilled person report as an extra step to further help it identify concerns. [#TGT:a25861a4ea87d83f] This is relevant because the PRA’s culture assessment already focuses on specific areas—governance, incentives, risk awareness, and whether there is an ability to challenge senior management—so an additional report can be used to add depth to those same themes. [#SRC:c3370c674393dee1] In judging what “good” looks like, the PRA has contributed to supervisory guidance that describes a sound risk culture as one that supports appropriate risk awareness, behaviours, and judgements about risk-taking, and that operates within a strong risk governance framework. [#SRC:c3370c674393dee1] Taken together, the skilled person report functions as a practical mechanism the PRA may use to develop or confirm its view on whether the firm’s culture matches those sound-risk-culture characteristics, while also helping it pinpoint concerns tied to the factors the PRA considers when identifying cultural failings. [#SRC:c3370c674393dee1] Further detail on the report’s use is indicated as provided elsewhere. [#TGT:a25861a4ea87d83f]","The PRA considers a variety of factors to identify failings in culture, including governance, incentives, risk awareness, and the ability to challenge senior management. The PRA also contributed to development of the Financial Stability Board’s Guidance on Supervisory Interaction with Financial Institutions on Risk Culture 7 , which identified a sound risk culture as one that supports appropriate risk awareness, behaviours and judgements about risk-taking within a strong risk governance framework.",A skilled person report may also be used to further help the PRA identify concerns. Further details are given in the next section.,DPEL,,basic,UKFIN,hard_enriched,c3370c674393dee1,a25861a4ea87d83f,,,c3370c674393dee1,a25861a4ea87d83f,,,,,HV0150,7394abdceba58c95,ObliQA-XRef_Out_Datasets/final_large_merged/ObliQA-XRef-UKFIN-ALL/final.jsonl,,,,
704e8007566eba2b,"For the obligation to disclose appropriately information that the FCA or PRA would reasonably expect notice of, which persons are within scope given that the requirement applies only to a person in the specified set of categories?","The duty to disclose appropriately any information that the FCA or PRA would reasonably expect to be notified of applies only where the individual is within the limited scope described in the source passage. In other words, you must first confirm that the relevant individual is “a person in (2)(a), (b), (e) or (f)” because the source makes clear that the provision applies only to that defined group [#SRC:d1f59ce90997f3d1]. If the individual falls within that scope, then the target obligation applies: the person must make an appropriate disclosure of any information that the FCA or PRA would reasonably expect notice of [#TGT:34a5a857f0439e3b]. If the individual does not fall within the specified categories, the source indicates the provision does not apply to them, and therefore the disclosure obligation described in the target should not be treated as applying via that scoped provision [#SRC:d1f59ce90997f3d1]. Practically, compliance should (i) identify whether the person is within the specified categories, and (ii) for those in scope, ensure processes exist to identify information the FCA or PRA would reasonably expect and to disclose it appropriately [#TGT:34a5a857f0439e3b].","(4) 3.4 only applies to a person in (2)(a), (b), (e) or (f).",Senior Manager Conduct Rule 4: You must disclose appropriately any information of which the FCA or PRA would reasonably expect notice.,SCHEMA,,professional,UKFIN,mixed_difficulty,d1f59ce90997f3d1,34a5a857f0439e3b,,,d1f59ce90997f3d1,34a5a857f0439e3b,,,,,HV0151,704e8007566eba2b,ObliQA-XRef_Out_Datasets/final_large_merged/ObliQA-XRef-UKFIN-ALL/final.jsonl,,,,
b48c7c47f3497d55,"When a firm discovers that it has breached MA eligibility conditions only after the breach has occurred, how must the firm determine when the two‑month remediation window begins, and how does that timing interact with the requirement to start reducing the MA if non-compliance continues beyond two months? In that scenario, what procedural steps should the firm take to remedy the breach (including where assets or liabilities fall outside the scope of the existing MA permission) and what must it do before stopping any MA reduction?","If a breach of MA eligibility conditions is only identified or confirmed after it occurred, the firm should treat the two‑month period for remedying the breach as starting when the breach is detected or confirmed to have happened, with the PRA assessing the circumstances case by case [#SRC:512217c01b854b7e]. The remedial actions required within that window depend on the breach’s features; for example, if assets or liabilities have been included that are outside the scope of the existing MA permission, the firm may need to remove them from the portfolio while it makes a new MA application [#SRC:512217c01b854b7e]. If the firm remains non-compliant on an ongoing basis such that it is required to reduce the MA, it must begin reducing the MA immediately once two months have elapsed from the date of non-compliance, applying a 10% reduction factor (in bps) and then an additional 10% for each further month of continued non-compliance, calculated against the unadjusted MA using the current level of MA [#TGT:e9a9fe36f36ae205]. Any reduction ceases once compliance is restored, and the firm is expected to discuss with its usual supervisory contact whether the breach has been satisfactorily resolved before removing the reduction [#TGT:e9a9fe36f36ae205].","The PRA will consider the circumstances of a firm’s possible breach of MA eligibility conditions on a case-by-case basis. In cases where a breach is reasonably only determined after the date it has occurred (eg either identified by the firm or notified to the firm by the PRA), the two month period to remedy a breach of the MA eligibility conditions starts from the point at which the breach is detected or confirmed to have happened. The action(s) required to remedy the breach within that period (and hence, subject to the considerations in paragraph 8.1B above, avoid a reduction in the MA) will also depend on the circumstances of the breach; for example, in the event of assets or liabilities being included in the portfolio that are not covered by the scope of the existing MA permission, the remedy could be to remove the assets or liabilities from the portfolio pending making a new MA application.","Where a firm is required to reduce the MA for ongoing non-compliance with the MA eligibility conditions, in accordance with Matching Adjustment 13.5 , the firm is required to reduce the MA (expressed in bps) by a factor of 10%, commencing immediately two months from the date of non-compliance (subject to paragraph 8.3 below). The firm will be required to continue to reduce the MA by an additional 10% for each further month that it remains non-compliant, where the reduction factor of 10% is applied to the level of unadjusted MA. The PRA notes that the MA referenced in the rule is dynamic; for the purposes of calculating the reduced MA benefit, the PRA expects a firm to use the current level of MA. The PRA will consider the features of the breach of MA eligibility conditions and the firm’s risk management framework on a case-by-case basis. As a result, the PRA may ultimately determine that the MA should be reduced by a factor higher than 10% each month, or, conversely, may be willing to adopt a more flexible approach through the use of its supervisory powers. A reduction of the MA will cease to apply once the firm restores compliance with MA eligibility conditions. The PRA expects that the firm will discuss with its usual supervisory contact whether a particular breach has been satisfactorily resolved before removing a reduction to its MA.",SCHEMA,,professional,UKFIN,mixed_difficulty,512217c01b854b7e,e9a9fe36f36ae205,,,512217c01b854b7e,e9a9fe36f36ae205,,,,,HV0152,b48c7c47f3497d55,ObliQA-XRef_Out_Datasets/final_large_merged/ObliQA-XRef-UKFIN-ALL/final.jsonl,,,,
9bdadc01ea707d39,"If a society is being taken over (its business is transferred to an existing company), how should it work out the Statutory Cash Bonus using the latest balance sheet and the member’s shares on the Qualifying Day, especially if the Transfer Statement is sent near the year end and the Annual Report and Accounts (or half-yearly results) affect what counts as the latest balance sheet? Also, when can the PRA require that no bonus is paid or that a smaller bonus is paid?","For a takeover where a society transfers its business to an existing company, the society should calculate the Statutory Cash Bonus by taking the ratio of the society’s reserves to its total liability to members in respect of shares, as shown in the latest balance sheet, and applying that ratio to the value of the shares held by the member on the Qualifying Day [#TGT:6e6626d8e0f6b007]. The society should align this calculation with the transaction timing: if a Transfer Statement is approved and sent to members just before, or shortly after, the end of the society’s financial year, it matters that the Annual Report and Accounts for that year will have been published by the vesting date, which is when qualifying membership must be established and the bonus is due to be paid; in that situation, the “latest balance sheet” is the one published in the most recent Annual Accounts [#TGT:6e6626d8e0f6b007]. The same kind of timing issue may also arise when the society publishes half-yearly results [#TGT:6e6626d8e0f6b007]. Even if the calculation would otherwise produce a payment, the PRA may direct, based on what is equitable between members, that no Statutory Cash Bonus is paid or that a lesser amount is paid when it confirms the transfer in a takeover [#SRC:fc03d66ef75da373].","The PRA may direct, however, where it confirms a transfer of a society’s business to an existing company (ie only in a takeover), that no Statutory Cash Bonus is paid or that a lesser amount is paid than that referred to in paragraph 4.50 , having regard to what is equitable between the members.","The bonus is to be calculated as that proportion which the society’s reserves bear to its total liability to its members in respect of shares, as shown in the latest balance sheet of the society, applied to the value of the shares held by the member on the Qualifying Day. If a Transfer Statement is approved and sent to the members just before, or shortly after, the end of the financial year of the society, it will be important to note that the Annual Report and Accounts for the year will have been published by the vesting date, when qualifying membership has to be established and the bonus is due to be paid. In those circumstances, ‘the latest balance sheet of the society’ will be that published in the most recent Annual Accounts. The same considerations may apply when a society publishes half-yearly results.",SCHEMA,,basic,UKFIN,mixed_difficulty,fc03d66ef75da373,6e6626d8e0f6b007,,,fc03d66ef75da373,6e6626d8e0f6b007,,,,,HV0153,9bdadc01ea707d39,ObliQA-XRef_Out_Datasets/final_large_merged/ObliQA-XRef-UKFIN-ALL/final.jsonl,,,,
ce0341239bea4a0c,"If a firm is an international bank or a UK trading bank, what does it need to do with its booking arrangements to meet the PRA’s expectations on prudent conduct of business and on risk management and resolvability, and how does the PRA’s proportional approach based on the firm’s investment banking or sales and trading activity affect what is expected?","If the firm is an international bank or a UK trading bank, the PRA’s expectations for booking arrangements apply to it, and the PRA will apply those expectations in a way that is proportionate to the level of investment banking or sales and trading activity the firm undertakes [#SRC:8a9b8ceafce61236]. Within that scope, the firm should organise its booking arrangements so they help it meet the threshold condition on the prudent conduct of business and support the organisational requirements relating to risk management and resolvability that the PRA links to booking-arrangements organisation [#TGT:9efcdb7da1784680]. The firm should also be prepared to notify the PRA when it plans material changes to its booking arrangements that could affect how its risk management operates, because the PRA expects firms to inform it in those circumstances [#TGT:9efcdb7da1784680]. In practice, this means the firm should treat the booking-arrangements expectations as applicable across both bank types, but calibrate how it implements and evidences them in line with the scale of its relevant activities, while still ensuring the arrangements are organised to support prudent conduct, risk management, and resolvability outcomes and that material, risk-management-impacting changes are communicated to the PRA [#SRC:8a9b8ceafce61236] [#TGT:9efcdb7da1784680].","The expectations of a firm’s booking arrangements set out in this section are applicable to all international banks and UK trading banks. Paragraphs 4.24A - 4.25Z and 4.25AE are applicable to both types of bank, paragraphs 4.25AA - 4.25AD are applicable only to international banks [see para 1.1 ]. The PRA will apply these expectations in a manner that is proportionate to the level of investment banking or sales and trading activity that the firm undertakes.","The PRA has a number of expectations concerning how international banks and UK trading banks should organise their booking arrangements in order to meet the threshold condition on the prudent conduct of business, their obligations under Fundamental Rules 3 , 5 , 6 and 8 , and under the General Organisational Requirements (GOR) relating to risk management and resolvability. The PRA also has an expectation under Fundamental Rule 7 and General Notification Requirement 2.3(1) that a firm should inform the PRA when it plans to make material changes to its booking arrangements that could impact how its risk management operates.",SCHEMA,,basic,UKFIN,mixed_difficulty,8a9b8ceafce61236,9efcdb7da1784680,,,8a9b8ceafce61236,9efcdb7da1784680,,,,,HV0154,ce0341239bea4a0c,ObliQA-XRef_Out_Datasets/final_large_merged/ObliQA-XRef-UKFIN-ALL/final.jsonl,,,,
2e91d3f27b049457,"If you are checking whether eligible own funds cover the minimum consolidated group SCR, do you have to calculate group solvency using the participating undertaking’s proportional share in its related undertakings, and does this sit within the principles that apply with any necessary changes?","Yes. The check on whether eligible own funds qualify to cover the minimum consolidated group SCR is a specific determination that must be made by applying the relevant principles with any necessary changes, and it also requires that the group solvency calculation be done in the required way [#SRC:62d005c6aa11116b]. That required way includes taking account of the proportional share held by the participating undertaking in its related undertakings when calculating the solvency of the group [#TGT:acc84032d208c7bc]. So, when you perform the solvency calculation that underpins the coverage assessment, you must reflect the participating undertaking’s proportional share rather than treating all related undertakings as if they were fully owned or fully included without adjustment. Because the proportional-share approach is a mandatory element of the group solvency calculation, it directly influences the outcome of the determination about whether the eligible own funds are sufficient to cover the minimum consolidated group SCR. The overall obligation is therefore to combine (i) the adapted application of the relevant principles for the coverage determination and (ii) the proportional-share treatment within the group solvency calculation used for that determination [#SRC:62d005c6aa11116b] [#TGT:acc84032d208c7bc].","(3) For the purposes of determining whether those eligible own funds qualify to cover the minimum consolidated group SCR of a group , the principles in 8 to 10 apply with any necessary changes. Undertakings In Difficulty 3 also applies with any necessary changes.",The calculation of the solvency of a group must take account of the proportional share held by the participating undertaking in its related undertakings .,SCHEMA,,basic,UKFIN,mixed_difficulty,62d005c6aa11116b,acc84032d208c7bc,,,62d005c6aa11116b,acc84032d208c7bc,,,,,HV0155,2e91d3f27b049457,ObliQA-XRef_Out_Datasets/final_large_merged/ObliQA-XRef-UKFIN-ALL/final.jsonl,,,,
297d3cdba76c800a,"If the originator is the only investor in the securitisation, can the firm treat the required information as already made available by sending it in internal reports to committees or the management board, and what still must be made available to holders of a securitisation position, to the PRA, and (if asked) to potential investors?","Yes, in the specific situation where the originator is also the sole investor in the transaction, the PRA expects the firm may treat the relevant information as “made available” to investors through internal reporting to appropriate committees or the management board, as long as that reporting includes the required information [#SRC:8db7bd9adb490bd7]. However, this does not replace the wider requirement that the originator, sponsor and SSPE of a securitisation must make at least specified information available to holders of a securitisation position and to the PRA, and must also make it available to potential investors when they request it [#TGT:7a03dc40aca6d810]. So, even if internal reporting is used to cover the investor side in this sole-investor scenario, the firm still needs to ensure the information is actually available for the other audiences named, including the PRA and any potential investors who ask for it. The internal reports should therefore be prepared and maintained in a way that preserves the required content for those availability purposes.","Where the originator is also the sole investor in the transaction, the PRA expects that the firm may consider the information specified in Article 7(1)(a) and (e) of Chapter 2 of the Securitisation Part of the PRA Rulebook as ‘made available’ to investors through internal reporting to appropriate committees or the management board, provided the reporting contains the required information.","The originator , sponsor and SSPE of a securitisation shall, in accordance with paragraph 2 of this Article and Chapters 5 and 6 , make at least the following information available to holders of a securitisation position , to the PRA and, upon request, to potential investors :",SCHEMA,,basic,UKFIN,mixed_difficulty,8db7bd9adb490bd7,7a03dc40aca6d810,,,8db7bd9adb490bd7,7a03dc40aca6d810,,,,,HV0156,297d3cdba76c800a,ObliQA-XRef_Out_Datasets/final_large_merged/ObliQA-XRef-UKFIN-ALL/final.jsonl,,,,
bd627327d816cbb3,"If the parent insurance holding company or mixed financial holding company has issued subordinated debt (or has other eligible own funds that are limited), and the Solvency II undertakings in the group are subsidiaries of that holding company, where must the group solvency calculation be done and what method must be used?","If the parent insurance holding company or mixed financial holding company has issued subordinated debt or has other eligible own funds that are subject to the stated limits, then the group supervision provisions apply for the purpose of applying the relevant provisions in that situation [#SRC:98bb2cbec557bb21]. When, in addition, the Solvency II undertakings in the group are subsidiary undertakings of an insurance holding company or a mixed financial holding company, the group’s solvency calculation is not optional: it must be carried out at the level of the insurance holding company or mixed financial holding company, and it must be done using the specified calculation approach that is required to be applied for that calculation [#TGT:bfadda41c802247a]. Read together, these requirements mean that the presence of subordinated debt or other limited eligible own funds at the parent holding company level triggers the application of the group supervision provisions, and the group solvency calculation must then be performed at the holding-company level for groups where the Solvency II undertakings sit as subsidiaries under that holding company [#SRC:98bb2cbec557bb21] [#TGT:bfadda41c802247a].","For the purposes of applying the provisions set out in 14.1 , where the parent insurance holding company or mixed financial holding company has issued subordinated debt or has other eligible own funds subject to the limits set out in Own Funds 4 and 4A , Group Supervision 10.3 shall apply.","(1) Where Solvency II undertakings in a group are subsidiary undertakings of an insurance holding company or a mixed financial holding company , the calculation of the solvency of the group must be carried out at the level of the insurance holding company or mixed financial holding company applying 7.1(2) to 12 .",SCHEMA,,basic,UKFIN,mixed_difficulty,98bb2cbec557bb21,bfadda41c802247a,,,98bb2cbec557bb21,bfadda41c802247a,,,,,HV0157,bd627327d816cbb3,ObliQA-XRef_Out_Datasets/final_large_merged/ObliQA-XRef-UKFIN-ALL/final.jsonl,,,,
a8372d3ee3c21c8e,"If a firm must be able to identify eligible deposits immediately, can it do this by marking the eligible depositor’s account that holds the eligible deposits, and does it need to remove that marker if the account balance is zero or goes negative?","A firm must mark eligible deposits so they can be identified immediately. To meet that requirement, the PRA considers it acceptable for the firm to achieve the marking by marking the accounts of eligible depositors that contain eligible deposits, rather than needing a different method that marks each deposit separately. This means an account-level marker can be used as the practical way to ensure eligible deposits are identifiable without delay, as long as it results in immediate identification of the eligible deposits. The PRA also clarifies what to do when the marked account does not show a positive balance: if the account has a nil balance, or if its balance becomes negative, the PRA does not expect firms to remove the eligible deposit marker. So, the firm can keep the marker on the account even when the balance is zero or below zero, while still maintaining the overall capability to identify eligible deposits immediately through its marking approach. [#TGT:60b306349873ce31] [#SRC:91baf6dd072390d5]","For the purposes of meeting Depositor Protection 11.1 , the PRA considers the marking of eligible deposits may be achieved by marking accounts of eligible depositors which contain eligible deposits. For the avoidance of doubt, where such an account has a nil balance, or the balance becomes negative, the PRA does not expect firms to remove the eligible deposit marker.",A firm must mark eligible deposits in a way that allows for the immediate identification of such deposits .,SCHEMA,,basic,UKFIN,mixed_difficulty,91baf6dd072390d5,60b306349873ce31,,,91baf6dd072390d5,60b306349873ce31,,,,,HV0158,a8372d3ee3c21c8e,ObliQA-XRef_Out_Datasets/final_large_merged/ObliQA-XRef-UKFIN-ALL/final.jsonl,,,,
e750569339971059,"Each year when the PRA sets O-SII buffer rates using the Financial Policy Committee’s framework, what number does it base the rates on, and what changed from the earlier method once the updated framework took effect?","The PRA sets O-SII buffer rates annually by applying the Financial Policy Committee (FPC) framework for setting those rates, and under that framework the rates are determined based on firms’ UK leverage exposure measure [#SRC:68b4e61f2c4a680e]. The updated FPC framework is effective from 2023, which means that from that point the PRA’s annual rate-setting should use the UK leverage exposure measure as the basis for determining the rates [#TGT:8dbe00ff83963038]. This represents a change from the earlier method: before the updated framework took effect, rates were determined based on firms’ total assets [#TGT:8dbe00ff83963038]. So, to apply the procedure correctly, you need to align the PRA’s annual setting of O-SII buffer rates with the applicable version of the FPC framework—using total assets for the earlier approach and using the UK leverage exposure measure under the updated framework effective from 2023 [#SRC:68b4e61f2c4a680e] [#TGT:8dbe00ff83963038].","The PRA notes that O-SII designation does not automatically result in higher loss absorbency requirements in the form of an O-SII buffer or otherwise. An O-SII buffer can only apply to O-SIIs or part of an O-SII that are ring-fenced bodies (RFBs) or large building societies. The Financial Policy Committee (FPC) maintains the framework for setting O-SII buffer rates, 5 according to which, O-SII buffer rates are determined based on firms’ UK leverage exposure measure. 6 The PRA sets O-SII buffer rates annually based on the FPC’s framework. The PRA has separately set out its approach in applying the FPC’s framework. 7","6. As per updated FPC framework, effective from 2023. Prior to this, rates were determined based on firms' total assets.",SCHEMA,,basic,UKFIN,mixed_difficulty,68b4e61f2c4a680e,8dbe00ff83963038,,,68b4e61f2c4a680e,8dbe00ff83963038,,,,,HV0159,e750569339971059,ObliQA-XRef_Out_Datasets/final_large_merged/ObliQA-XRef-UKFIN-ALL/final.jsonl,,,,
2717edd29bf59cea,"If a firm cannot show that its operational arrangements support recovery and resolution, what does the PRA expect the firm to change, and what must the firm be able to explain about critical services if the Bank uses its stabilisation powers (as defined)?","If a firm cannot demonstrate how its operational arrangements facilitate recovery and resolution, the PRA expects the firm to make changes so that its operational arrangements achieve that recovery-and-resolution outcome [#SRC:69a8d0afb1f8c2dd]. Deciding whether the firm has met this expectation involves supervisory judgement, but there is a minimum requirement the firm must meet. At a minimum, the PRA expects the firm to be able to describe what would happen to its critical services in two situations: (1) if the firm’s recovery options were executed, and (2) if the Bank were to apply one or more of its stabilisation powers [#SRC:69a8d0afb1f8c2dd]. The stabilisation powers the firm must consider are the Bank’s stabilisation powers set out in the Banking Act 2009 [#TGT:784dbf1f736c397d]. So, the firm’s explanation needs to cover the impact on critical services both when recovery options are used and when the Bank applies those Banking Act stabilisation powers, and the firm should change its operational arrangements if it cannot demonstrate they support recovery and resolution [#SRC:69a8d0afb1f8c2dd] [#TGT:784dbf1f736c397d].","If a firm cannot demonstrate how its operational arrangements facilitate recovery and resolution, the PRA expects the firm to make changes to achieve this outcome. Supervisory judgement will be required to assess this but, as a minimum, the PRA expects firms to be able to describe what would happen to critical services if recovery options were executed or if the Bank were to apply one or more of its stabilisation powers 13 . This includes the examples listed below, where relevant:",13. The Bank’s stabilisation powers are set out in s.1(4) of the Banking Act 2009.,SCHEMA,,basic,UKFIN,mixed_difficulty,69a8d0afb1f8c2dd,784dbf1f736c397d,,,69a8d0afb1f8c2dd,784dbf1f736c397d,,,,,HV0160,2717edd29bf59cea,ObliQA-XRef_Out_Datasets/final_large_merged/ObliQA-XRef-UKFIN-ALL/final.jsonl,,,,
bf6a9dc9268517bb,"When smaller firms (Category 3-4 PRA regulated firms) set remuneration policies, what must they do to apply proportionality without disapplying the relevant requirements for Solvency II staff, while also ensuring the policy design reflects the firm’s internal organisation and the nature, scale and complexity of the risks in its business?","Smaller firms (Category 3-4 PRA regulated firms) must approach remuneration policy setting on the basis that proportionality affects how requirements are applied, not whether they apply. In practice, they are expected to comply appropriately when setting remuneration policies and must not treat proportionality as a basis to disapply the applicable requirements; instead, they should exercise appropriate judgement so that the specific arrangements for Solvency II staff are applied proportionately and modified where required to reflect the size and nature of their businesses [#SRC:a1a186c5cfc66eed]. At the same time, the firm must ensure the remuneration policy is designed to take into account its internal organisation and the nature, scale and complexity of the risks inherent in its business [#TGT:07a05eb1c221e73c]. Read together, this means the firm should calibrate and, where necessary, adjust Solvency II staff arrangements in a way that remains compliant, while explicitly aligning the policy’s structure and operation with how the firm is organised and with the risk profile and complexity of its activities, rather than applying a one-size-fits-all approach.",The PRA will still expect smaller firms (Category 3-4 PRA regulated firms) to comply appropriately with Chapter 3A when setting their remuneration policies. The application of proportionality under Conditions Governing Business 3A.3 does not equate to smaller firms being able to disapply the Chapter 3A requirements. These firms should be exercising appropriate judgement to ensure that the specific arrangements for Solvency II staff contained in Conditions Governing Business 3A.2 are applied proportionality and modified where required to reflect the size and nature of their businesses.,"A firm must ensure that the remuneration policy is designed in such a way as to take into account the internal organisation of the firm , and the nature, scale and complexity of the risks inherent in its business.",SCHEMA,,professional,UKFIN,mixed_difficulty,a1a186c5cfc66eed,07a05eb1c221e73c,,,a1a186c5cfc66eed,07a05eb1c221e73c,,,,,HV0161,bf6a9dc9268517bb,ObliQA-XRef_Out_Datasets/final_large_merged/ObliQA-XRef-UKFIN-ALL/final.jsonl,,,,
4ba77d22298eb93f,"Where a Northern Ireland credit union has a loan that was outstanding on 31 March 2012 and continues to be repayable under the loan agreement terms in effect on that date, how does the permission not to comply with certain requirements interact with the obligation to maintain a minimum capital-to-total-assets ratio when the credit union is owed by a member more than £7,500 in excess of the member’s attached shares (or is owed by another credit union more than £7,500)?","A Northern Ireland credit union is permitted not to comply with the specified set of requirements in relation to a loan that was outstanding on 31 March 2012, but only on the condition that the loan continues to be repayable in accordance with the terms of the relevant loan agreement that were in effect on 31 March 2012 [#SRC:b5040d03979336d0]. Separately, where a credit union is owed by a member a total amount greater than £7,500 in excess of the attached shares held by that member, or is owed by another credit union an amount greater than £7,500, it must maintain a capital-to-total-assets ratio of at least 5% [#TGT:14592babb38a22de]. Read together, the permission operates as a limited carve-out tied to the status and repayment terms of the particular pre-existing loan, whereas the capital ratio requirement is framed as a mandatory prudential obligation triggered by the size and nature of amounts owed to the credit union. Accordingly, even if the credit union can rely on the loan-related permission for the qualifying outstanding loan, it still must ensure it maintains at least the 5% capital-to-total-assets ratio whenever the stated £7,500 threshold condition is met [#SRC:b5040d03979336d0] [#TGT:14592babb38a22de].",A Northern Ireland credit union need not comply with 3.2 to 3.9 with respect to any loan outstanding on 31 March 2012 provided that the loan remains repayable in accordance with the terms of the relevant loan agreement in effect on 31 March 2012.,"A credit union that is owed by a member a total amount greater than £7,500 in excess of the attached shares held by that member , or by another credit union an amount greater than £7,500, must maintain a capital -to- total-assets ratio of at least 5%.",SCHEMA,,professional,UKFIN,mixed_difficulty,b5040d03979336d0,14592babb38a22de,,,b5040d03979336d0,14592babb38a22de,,,,,HV0162,4ba77d22298eb93f,ObliQA-XRef_Out_Datasets/final_large_merged/ObliQA-XRef-UKFIN-ALL/final.jsonl,,,,
4e0a5d14194a100a,"When a firm is considering a traditional securitisation that includes excess spread used as credit enhancement (including where exposures may be sold below market value) and the transaction is material or otherwise has complex features, what must the firm do in terms of engaging with the PRA and its supervisor before execution, given that there is no pre-approval process?","A firm may approach the PRA ahead of execution to discuss potential traditional securitisations that include excess spread, because the PRA considers excess spread a complex feature and is concerned where it may affect the transfer of credit risk (including where securitised exposures are sold below their market value and excess spread is used to absorb losses and provide credit enhancement) [#SRC:c7fcf724bd957258]. At the same time, the firm must not treat that engagement as a request for pre-approval, because the PRA does not operate a pre-approval process for securitisation transactions [#TGT:0de906618f9652a2]. Instead, the PRA expects the firm to discuss with its supervisor at an early stage securitisation transactions that are material or have complex features, which would include transactions with excess spread as a complex feature [#TGT:0de906618f9652a2]. In addition, where the firm claims a regulatory capital reduction from securitisation transactions in market disclosures, the PRA expects those disclosures to include caveats highlighting the risk of full or partial re-characterisation where that risk is material in light of the PRA’s stated policy [#TGT:0de906618f9652a2].","The presence of excess spread in traditional securitisations (TES) may, in certain transactions where accounting derecognition has not been achieved, impact the transfer of credit risk to third parties, where it is used to absorb losses thus providing credit enhancement to more senior tranches. The PRA is primarily concerned where the excess spread results from the securitised exposures being sold below their market value, for instance, where the securitised exposures are sold at par value despite their fair value being higher than par. In these circumstances, the PRA expects firms to treat the credit enhancement provided by TES in a similar manner to the approach described for SES, by measuring the credit enhancement provided and applying a 1,250% risk weight or deducting from capital accordingly. The PRA is open to considering alternative methods for firms to measure the credit enhancement provided. As the PRA considers excess spread a complex feature, firms may approach the PRA to discuss potential transactions with such a feature ahead of execution, as set out in paragraph 2.8 .","The PRA does not operate a pre-approval process for securitisation transactions. The PRA nevertheless expects a firm to discuss with its supervisor at an early stage securitisation transactions that are material or have complex features, including any non-sequential amortisation. Where a firm claims a regulatory capital reduction from securitisation transactions in its disclosures to the market, the PRA expects such disclosures to include caveats making clear the risk of full or partial re-characterisation where this risk is material in the light of the PRA’s stated policy.",SCHEMA,,professional,UKFIN,mixed_difficulty,c7fcf724bd957258,0de906618f9652a2,,,c7fcf724bd957258,0de906618f9652a2,,,,,HV0163,4e0a5d14194a100a,ObliQA-XRef_Out_Datasets/final_large_merged/ObliQA-XRef-UKFIN-ALL/final.jsonl,,,,
616414f066ed4ec6,"If the PRA identifies non-fulfilment of a relevant requirement while applying the criterion that focuses on fulfilment of the 1986 Act and the Rules, what conditions must be satisfied for the PRA to treat that failure as not blocking confirmation of the merger, and what action must the PRA take to implement that treatment?","The PRA’s starting point under the criterion is to consider whether the relevant requirements of the 1986 Act and the Rules have been fulfilled [#TGT:8ee35e097f60d649]. If, in doing so, the PRA identifies that some relevant requirement has not been fulfilled, that non-fulfilment does not, by itself, preclude the PRA from confirming the merger. For the PRA to treat the failure as not blocking confirmation, two linked conditions must be met: first, it must appear to the PRA that the failure could not have been material to the members’ decision about the merger; second, the PRA must give a direction that the failure is to be disregarded [#SRC:7d7e37aa3c8a3f85]. Accordingly, the PRA must both evaluate the significance of the failure specifically in terms of its potential impact on the members’ decision and then take the procedural step of issuing a direction to disregard it, while still performing the broader consideration of fulfilment required by the criterion [#TGT:8ee35e097f60d649] [#SRC:7d7e37aa3c8a3f85].","Section 95(5) then provides that the PRA shall not be precluded from confirming a merger by virtue only of the non-fulfilment of some relevant requirement of the 1986 Act or the Rules (the Third Criterion 36 in paragraph 3.157(c) ) if it appears to the PRA that the failure could not have been material to the members decision about the merger, and the PRA gives a direction under that subsection that the failure is to be disregarded.",This criterion requires the PRA to consider whether the relevant requirements of the 1986 Act and the Rules have been fulfilled. The phrase some relevant requirement of this Act or the rules of the society appears explicitly three times in Section 95 of the 1986 Act:,SCHEMA,,professional,UKFIN,mixed_difficulty,7d7e37aa3c8a3f85,8ee35e097f60d649,,,7d7e37aa3c8a3f85,8ee35e097f60d649,,,,,HV0164,616414f066ed4ec6,ObliQA-XRef_Out_Datasets/final_large_merged/ObliQA-XRef-UKFIN-ALL/final.jsonl,,,,
0c6ba1fdf36bfb5d,"If solvent exit planning will not work for a firm—especially in a fast failure where the Bank of England might use stabilisation tools—what should the firm plan for instead, given that deposit-takers can be put into modified insolvency procedures like the Bank Insolvency Procedure (and the version that applies to building societies)?","The firm should plan on the basis that solvent exit planning is only meant to support other ways a failure may be handled, and it may not be effective in every situation [#SRC:fb552ebcd8297b43]. Where the firm could fail quickly, the firm’s planning should recognise that the Bank of England, acting as resolution authority, may need to use stabilisation tools, and that the firm may instead move into insolvency procedures [#SRC:fb552ebcd8297b43]. Because deposit-takers have modified insolvency procedures, the firm’s failure planning should also cover how those modified routes could apply, including the Bank Insolvency Procedure and the way the modified regime applies to building societies [#TGT:a695376e7314ef85]. In practice, this means the firm should not rely on solvent exit planning alone; it should ensure its internal plans and escalation steps anticipate both resolution actions and the possibility that the relevant modified insolvency procedure is invoked for a deposit-taker, so the firm can shift promptly to the appropriate process if solvent exit is not workable [#SRC:fb552ebcd8297b43] [#TGT:a695376e7314ef85].","Solvent exit may not be an effective approach in all circumstances. Solvent exit planning is designed to complement the other ways in which a firm’s failure may be managed: for example, a fast failure of a firm 6 may necessitate the exercise of stabilisation tools by the Bank of England as resolution authority, or may lead to insolvency procedures being invoked in relation to a firm. 7",7. The UK has modified insolvency procedures for deposit-takers. See Part 2 of the Banking Act 2009 for details of the Bank Insolvency Procedure; and section 90C of the Building Societies Act 1986 for the application to building societies.,SCHEMA,,basic,UKFIN,mixed_difficulty,fb552ebcd8297b43,a695376e7314ef85,,,fb552ebcd8297b43,a695376e7314ef85,,,,,HV0165,0c6ba1fdf36bfb5d,ObliQA-XRef_Out_Datasets/final_large_merged/ObliQA-XRef-UKFIN-ALL/final.jsonl,,,,
a588c02d4db71c65,"When a firm uses an internal model at a particular level of detail for Solvency Capital Requirement purposes, what must the firm do to ensure that the model’s design and day-to-day operation remain appropriate and continue to match the firm’s risk profile in a way that is consistent with that level of granularity?","A firm must actively maintain its internal model so that, over time, both the model’s design and its operational use remain appropriate, and the model continues to reflect the firm’s risk profile. This ongoing obligation applies not only to the conceptual structure of the internal model but also to how it is run in practice, so that the model remains suitable as the firm’s risks evolve [#TGT:674e31ad618d6757]. In doing so, the firm must also ensure consistency between the level of detail (granularity) at which it uses the model for Solvency Capital Requirement purposes and how the model is applied and maintained, so that the model’s use aligns with that chosen granularity rather than drifting into a different level of aggregation or detail [#SRC:db1ba8e164f560e7]. Taken together, the firm should treat the granularity at which it uses the model as a continuing constraint on model design and operations, and should keep the model’s outputs and use aligned with the firm’s current risk profile while preserving that consistency in granularity.",the consistency with the granularity at which the firm uses the model in accordance with Solvency Capital Requirement - Internal Models 10.3 ;,"A firm must ensure the ongoing appropriateness of the design and operations of its internal model , and that the internal model continues to appropriately reflect the risk profile of the firm .",SCHEMA,,professional,UKFIN,mixed_difficulty,db1ba8e164f560e7,674e31ad618d6757,,,db1ba8e164f560e7,674e31ad618d6757,,,,,HV0166,a588c02d4db71c65,ObliQA-XRef_Out_Datasets/final_large_merged/ObliQA-XRef-UKFIN-ALL/final.jsonl,,,,
960018e9dc977e79,"If a credit union has more than £10 million in total assets and also undertakes additional activities, what does it need to have in place so it both follows the PRA’s expected concentration limits for certain investments and keeps a board-approved investment policy?","A credit union in this situation needs to meet two linked PRA expectations: governance over investing and limits on how concentrated certain investments can be. First, where the credit union undertakes additional activities, it is expected to maintain an investment policy that has been approved by its board, meaning the policy should be formally adopted and kept in place as the framework for investment decisions and oversight [#SRC:183eb2475d6b7e0c]. Second, the PRA expects credit unions with more than £10 million in total assets, and any credit unions that hold certain investments, to adhere to the concentration limits the PRA specifies for those holdings, while recognising that an exception applies for certain listed investments [#TGT:6cdd849d0a0503ce]. To comply with both expectations at once, the board-approved investment policy should address how the credit union will manage and monitor its investment exposures so that the portfolio stays within the PRA’s expected concentration limits for the relevant investments, and it should be maintained as an ongoing control rather than a one-off document.","Additional expectations relating to investments for credit unions with more than £10 million in assets and credit unions that invest in more complex investments (supranational bonds, corporate bonds, bank bonds, and money market funds) are set out in Chapters 11 and 14 , respectively. Credit unions undertaking additional activities 4 are also expected to maintain a board-approved investment policy (see paragraph 14.2 in Chapter 14 ).","The PRA expects credit unions with more than £10 million in total assets, and any credit unions that hold investments that come under Rules 6.4(7) and 6.4(8) of the Credit Unions Part of the PRA Rulebook, to adhere to the following concentration limits (in addition to the limits required by Rule 6.4A of the Credit Unions Part of the PRA Rulebook, 9 and with the exception of the investments listed in paragraph 11.2 ):",SCHEMA,,basic,UKFIN,mixed_difficulty,183eb2475d6b7e0c,6cdd849d0a0503ce,,,183eb2475d6b7e0c,6cdd849d0a0503ce,,,,,HV0167,960018e9dc977e79,ObliQA-XRef_Out_Datasets/final_large_merged/ObliQA-XRef-UKFIN-ALL/final.jsonl,,,,
5fafad4cf56fce06,"If a firm keeps records of its outsourcing arrangements and can share outsourcing and third party information the PRA would reasonably expect, when can the PRA still require specific outsourcing information or documents, and what test does the PRA use to decide it can ask?","A firm is expected to keep appropriate records of its outsourcing arrangements and to make available to the PRA information on its outsourcing and third party arrangements that the PRA would reasonably expect notice of, so the firm should be prepared to provide records and related information about those arrangements when needed [#SRC:ff27a2b6ca15a12d]. Separately, the PRA is permitted to require certain persons to provide specified information (or information of a specified description) and specified documents (or documents of a specified description) where the PRA considers that what it is asking for is, or might be, relevant to the stability of one or more aspects of the UK financial system [#TGT:b90d21dd49fd907e]. So, even if the firm already has outsourcing records and can share expected outsourcing/third-party information, the PRA can still make a more formal, specific request for particular information or documents about outsourcing arrangements. The deciding test is the PRA’s view that the requested material is, or might be, relevant to UK financial system stability, and the request can be tailored by naming the exact items or describing the type of information or documents required.","The PRA expects all firms to keep appropriate records of their outsourcing arrangements. The PRA considers that a firm, in complying with 2.3(1)(e) of the Notifications Part of the PRA Rulebook, would likely already have records of its material outsourcing arrangements for this purpose. The records should also be sufficient to enable the firm to fulfil the expectations concerning concentration risk set out in 5.24 . Firms should also make any information on their outsourcing and third party arrangements of which the PRA would reasonably expect notice available to it in accordance with Fundamental Rule 7 . The PRA may, if appropriate and justified, also request data on firms’ outsourcing arrangements under section 165 of FSMA. 34","34. The PRA may exercise, under section 165A of the Financial Services and Markets Act 2000 (FSMA), the power to require certain persons to provide (i) specified information or information of a specified description; or (ii) specified documents or documents of a specified description, that it considers are, or might be, relevant to the stability of one or more aspects of the UK financial system (the financial stability information power).",SCHEMA,,basic,UKFIN,mixed_difficulty,ff27a2b6ca15a12d,b90d21dd49fd907e,,,ff27a2b6ca15a12d,b90d21dd49fd907e,,,,,HV0168,5fafad4cf56fce06,ObliQA-XRef_Out_Datasets/final_large_merged/ObliQA-XRef-UKFIN-ALL/final.jsonl,,,,
9e9a50d642d8d2ea,"If a participating Solvency II undertaking sits under another Solvency II undertaking or an insurance holding company or mixed financial holding company with its head office in the UK or Gibraltar, at what level in the group must the firms make sure eligible own funds in the group always cover the group SCR?","When the participating Solvency II undertaking (or the insurance holding company or mixed financial holding company) is itself a subsidiary undertaking of another Solvency II undertaking or of another insurance holding company or mixed financial holding company that has its head office in the UK or Gibraltar, the relevant group requirements apply only at the level of the ultimate Solvency II undertaking, insurance holding company, or mixed financial holding company in the group that has its head office in the UK or Gibraltar [#SRC:5d7d86c6c088b08d]. Where the relevant condition applies, each participating Solvency II undertaking that is a firm in the group and each relevant insurance group undertaking must ensure that eligible own funds are available in the group and that those eligible own funds are always at least equal to the group SCR (with the group SCR calculated under the applicable group SCR calculation provisions) [#TGT:17dc5c7d4f47f6cd]. Putting these together, the “always cover the group SCR” requirement is treated as a group-level requirement that is applied at the ultimate UK or Gibraltar-headed level when the specified parent-subsidiary structure exists, rather than being applied separately at each lower subsidiary layer, while still requiring the identified firms and relevant insurance group undertakings to ensure the group maintains that coverage on an ongoing basis.","If the participating Solvency II undertaking or the insurance holding company or mixed financial holding company referred to in 2.1(1) or 2.1(2) is itself a subsidiary undertaking of another Solvency II undertaking or of another insurance holding company or mixed financial holding company which has its head office in the UK or Gibraltar, then 4 to 19 apply only at the level of the ultimate Solvency II undertaking , insurance holding company , or mixed financial holding company in the group which has its head office in the UK or Gibraltar.","Where 2.1(1) applies, each participating Solvency II undertaking that is a firm in the group and each relevant insurance group undertaking must ensure that eligible own funds are available in the group which are always at least equal to the group SCR as calculated in accordance with 7 to 12 .",SCHEMA,,basic,UKFIN,mixed_difficulty,5d7d86c6c088b08d,17dc5c7d4f47f6cd,,,5d7d86c6c088b08d,17dc5c7d4f47f6cd,,,,,HV0169,9e9a50d642d8d2ea,ObliQA-XRef_Out_Datasets/final_large_merged/ObliQA-XRef-UKFIN-ALL/final.jsonl,,,,
2365ff99c0c1d69b,"When applying the Prudential Regulation Authority (PRA)’s supervisory expectations on combined buffers, how should a firm determine what constitutes its combined buffer, including which component buffers are included and when any systemic risk element applies, and how do the PRA’s capital buffers rules address the framework for capital conservation measures if the firm does not meet that combined buffer?","A firm should treat the PRA’s supervisory statement as setting supervisory expectations and providing clarifications on how the combined buffers regime is to be understood and applied in practice, alongside the underlying requirements it complements [#SRC:0b1108eeae5c69a4]. In determining what constitutes the firm’s combined buffer, the firm should identify the component buffers that make up the combined buffer: the capital conservation buffer (CCoB), the countercyclical capital buffer (CCyB), the buffer for Global Systemically Important Institutions (G-SII buffer), the buffer for other systemically important institutions (O-SII buffer), and the systemic risk buffer where it is applicable to the firm [#TGT:3c017bee1329df66]. The systemic risk buffer is included only on the condition that it applies to the firm, so the firm’s combined buffer composition depends on whether that applicability condition is met [#TGT:3c017bee1329df66]. Where a firm does not meet its combined buffer, the relevant frameworks for the CCoB, the CCyB, and the associated capital conservation measures are set out in the PRA’s capital buffers rules, which the supervisory statement indicates it complements and clarifies [#SRC:0b1108eeae5c69a4] [#TGT:3c017bee1329df66].",The purpose of this supervisory statement is to set out the expectations of the Prudential Regulation Authority (PRA) on the combined buffers and provide some clarifications of the PRA rules. 1 This statement complements the requirements set out in Title VII Chapter 4 of the CRD and the Capital Buffers Part of the PRA Rulebook and the high-level expectations on capital outlined in The PRA’s approach to banking supervision. 2,"The combined buffer will include the capital conservation buffer (CCoB), the countercyclical capital buffer (CCyB), the buffer for Global Systemically Important Institutions (G-SII buffer) , the buffer for other systemically important institutions (O-SII buffer) and the systemic risk buffer — if applicable to a firm, as required by CRD. The frameworks for the CCoB, the CCyB and capital conservation measures when a firm does not meet its combined buffer are set out in the PRA’s capital buffers rules.",SCHEMA,,professional,UKFIN,mixed_difficulty,0b1108eeae5c69a4,3c017bee1329df66,,,0b1108eeae5c69a4,3c017bee1329df66,,,,,HV0170,2365ff99c0c1d69b,ObliQA-XRef_Out_Datasets/final_large_merged/ObliQA-XRef-UKFIN-ALL/final.jsonl,,,,
c364a810421f48da,"When Solvency II undertakings in a group are subsidiary undertakings of an insurance holding company or a mixed financial holding company, what must each relevant insurance group undertaking do to ensure that eligible own funds are available at the level where group solvency is calculated, and what minimum relationship must those own funds have to the group SCR?","Where Solvency II undertakings in a group are subsidiary undertakings of an insurance holding company or a mixed financial holding company, the group’s solvency calculation must be performed at the level of that insurance holding company or mixed financial holding company, using the specified approach for calculating group solvency [#TGT:bfadda41c802247a]. In that context, each relevant insurance group undertaking has an ongoing obligation to ensure that eligible own funds are available within the group and that those eligible own funds are not merely sufficient at a point in time but remain at least equal to the group SCR as calculated under the applicable group SCR methodology [#SRC:0242fd8e190ad528]. Read together, this means the solvency calculation performed at the holding company level must be supported by the group’s continuous maintenance of eligible own funds at or above the calculated group SCR, with responsibility placed on each relevant insurance group undertaking to ensure availability of those funds across the group [#TGT:bfadda41c802247a] [#SRC:0242fd8e190ad528].","Where 2.1(2) applies, each relevant insurance group undertaking must ensure that eligible own funds are available in the group which are always at least equal to the group SCR as calculated in accordance with 14 .","(1) Where Solvency II undertakings in a group are subsidiary undertakings of an insurance holding company or a mixed financial holding company , the calculation of the solvency of the group must be carried out at the level of the insurance holding company or mixed financial holding company applying 7.1(2) to 12 .",SCHEMA,,professional,UKFIN,mixed_difficulty,0242fd8e190ad528,bfadda41c802247a,,,0242fd8e190ad528,bfadda41c802247a,,,,,HV0171,c364a810421f48da,ObliQA-XRef_Out_Datasets/final_large_merged/ObliQA-XRef-UKFIN-ALL/final.jsonl,,,,
7022ccb1e237447c,"If a ring-fenced body regularly gets services or facilities from an entity in its group, how can the firm use its existing intragroup outsourcing compliance and OCIR record-keeping to help show it can only use that group entity when it is allowed to supply those services?","A firm can use work it has already done for intragroup outsourcing arrangements to help meet related obligations and expectations, instead of treating the intragroup setup as entirely new compliance. The source explains that, where relevant, firms may be able to leverage compliance with existing requirements in other regulatory areas for intragroup outsourcing arrangements, and that meeting those requirements may also help meet expectations around matters such as business continuity and exit plans [#SRC:085af7075bdc3067]. Separately, the target sets a specific permission with a condition: when a ring-fenced body receives services and accesses facilities it needs on a regular basis from an entity in its group, it may do so (directly or indirectly) only if that entity is a permitted supplier [#TGT:3bda544205c32b66]. To connect these, the firm should use elements of its operational continuity in resolution record-keeping to identify and document intragroup dependencies and keep the relevant information clear and readily available to the PRA upon request [#SRC:085af7075bdc3067]. That documentation can then support demonstrating that the regular group provider is treated consistently with the permitted-supplier condition for the ring-fenced body’s arrangements [#TGT:3bda544205c32b66].","Where relevant, firms may be able to leverage compliance with existing requirements in other areas of regulation to help meet their regulatory obligations in respect of their intragroup outsourcing arrangements. For instance, for some banks, intragroup outsourcing arrangements may be subject to the requirements in Operational Continuity Chapter 4 and Chapters 9 and 12 in the Ring-Fenced Bodies Part of the PRA Rulebook. Compliance with these requirements may also mean those banks meet certain expectations in this SS in respect of intragroup outsourcing arrangements (for instance, in respect of business continuity and exit plans (see Chapter 10 )). The PRA also expects firms to consider whether they can leverage elements of their operational continuity in resolution (OCIR) record-keeping to identify and document their intragroup dependencies, as long as relevant information is clear and readily available to the PRA upon request. 23","(1) Where a ring-fenced body receives services and accesses facilities that it requires on a regular basis from an entity in its group , it may do so, whether directly or indirectly, only where that entity is a permitted supplier .",SCHEMA,,basic,UKFIN,mixed_difficulty,085af7075bdc3067,3bda544205c32b66,,,085af7075bdc3067,3bda544205c32b66,,,,,HV0172,7022ccb1e237447c,ObliQA-XRef_Out_Datasets/final_large_merged/ObliQA-XRef-UKFIN-ALL/final.jsonl,,,,
49a8fac825e3bdee,"For firms in scope of Solvency II (including the Society of Lloyd's) and the auditors of those firms, how should references to EU or EU-derived legislation be interpreted when applying the expectations on external audit assurance over the Solvency and Financial Condition Report and the governing body’s approval responsibilities, and what scope limitation applies for certain small insurers or small groups?","When applying this supervisory statement to firms in scope of Solvency II (including the Society of Lloyd’s) and to the auditors of those firms, EU or EU‑derived legislative references should be read as referring to the version of that legislation that was retained in the UK, unless the supervisory statement explicitly states otherwise [#TGT:b7e22a03a0d31c77]. This interpretive point frames how firms and auditors should understand any EU‑based terminology or requirements that appear in the supervisory statement’s expectations. Within that scope, the supervisory statement reminds the governing body that it is responsible for ensuring the ongoing appropriateness of information disclosed and that it must approve the Solvency and Financial Condition Report (SFCR), and it sets out the level of assurance expected for the external audit requirement on the SFCR as well as the audit guidance the PRA expects auditors to follow when auditing a firm’s SFCR [#SRC:f6eda4656f8eb76e]. However, the parts of the supervisory statement that relate to the external audit of the SFCR do not apply to ‘small insurers for external audit purposes’ and ‘small groups for external audit purposes’, so those entities are outside the applicability boundary for the external-audit-specific expectations even though the broader interpretive approach to EU references still governs how the supervisory statement is read [#SRC:f6eda4656f8eb76e] [#TGT:b7e22a03a0d31c77].","This Prudential Regulation Authority (PRA) supervisory statement is relevant to firms in scope of Solvency II, including the Society of Lloyd's (collectively 'insurers' or ‘firms’ throughout the SS), and the auditors of those firms. 1 It reminds the governing body of its responsibilities in respect of the ongoing appropriateness of the information disclosed, and that it must approve the Solvency and Financial Condition Report (SFCR). It also sets out the level of assurance expected with respect to the external audit requirement on the SFCR and the audit guidance that the PRA expects auditors to follow in auditing a firm’s SFCR. It should be read alongside the External Auditors Part of the PRA Rulebook. The parts of this supervisory statement that relate to the external audit of the SFCR are not applicable to 'small insurers for external audit purposes' and 'small groups for external audit purposes', as set out in External Audit 1.1 .","1. Unless otherwise stated, any references to EU or EU derived legislation in this SS refer to the version of that legislation which forms part of the body of law that was retained in the UK.",SCHEMA,,professional,UKFIN,mixed_difficulty,f6eda4656f8eb76e,b7e22a03a0d31c77,,,f6eda4656f8eb76e,b7e22a03a0d31c77,,,,,HV0173,49a8fac825e3bdee,ObliQA-XRef_Out_Datasets/final_large_merged/ObliQA-XRef-UKFIN-ALL/final.jsonl,,,,
0517b43b330ed7a8,"When a firm is considering whether it must not submit a PRA senior management approval application for a person unless it is satisfied the person is fit and proper for the relevant PRA senior management function, how should the matters referred to be treated in relation to the PRA’s determination of that person’s fitness and propriety?","A firm is prohibited from making a PRA senior management approval application for a person unless the firm is satisfied that the person is fit and proper to perform the PRA senior management function covered by the application [#TGT:27965488ad9f0cda]. In reaching and evidencing that satisfaction, the firm should recognise that the matters referred to are relevant to the PRA’s own determination of whether the person to whom the application relates is fit and proper [#SRC:268a1073ad54dc5e]. Read together, this means the firm’s pre-submission assessment should be aligned to the factors the PRA will consider when it determines fitness and propriety for the same individual and application context. Practically, the firm should ensure its internal evaluation addresses those relevant matters so that its “satisfied” conclusion is supportable in light of the PRA’s determination process, and it should avoid submitting the application where those matters would prevent it from being satisfied as to the person’s fitness and propriety for the specific function [#TGT:27965488ad9f0cda] while acknowledging their relevance to the PRA’s assessment [#SRC:268a1073ad54dc5e].",The matters referred to in 2 are relevant to the PRA’s determination of whether a person to whom a PRA senior management approval application relates is fit and proper.,A firm must not make a PRA senior management approval application in relation to a person unless it is satisfied that person is fit and proper to perform the PRA senior management function to which the application relates.,SCHEMA,,professional,UKFIN,mixed_difficulty,268a1073ad54dc5e,27965488ad9f0cda,,,268a1073ad54dc5e,27965488ad9f0cda,,,,,HV0174,0517b43b330ed7a8,ObliQA-XRef_Out_Datasets/final_large_merged/ObliQA-XRef-UKFIN-ALL/final.jsonl,,,,
51390ac735285584,"If a firm is making its first MA application to the PRA, what does it need to include to show it meets the MA eligibility conditions, and what extra information should it add if it thinks the PRA will need it to make a decision—especially if the firm wants to include guaranteed elements of with-profits annuities in its MA portfolio(s)?","For an initial MA application, the firm needs to provide the PRA with what it needs to be satisfied that the firm meets the MA eligibility conditions. This includes written confirmation that the firm complies with those eligibility conditions and, for conditions where it is expected, documentary evidence to support that written confirmation [#TGT:706be7f8963a27d5]. Alongside these eligibility confirmations and supporting documents, the firm should also make sure the application includes any other information not otherwise listed that the firm considers necessary for the PRA’s assessment and decision [#SRC:ec76fc94f0d3a021]. This means the firm should not limit itself only to the specified confirmations and evidence if there are additional facts, explanations, or materials that it believes the PRA will need to assess the application properly [#SRC:ec76fc94f0d3a021]. If the firm is seeking to include any guaranteed elements of with-profits annuities in its MA portfolio(s), the PRA would expect the application to include confirmation that the firm has considered the implications for its with-profits business (including fairness, investment strategy, and wider management) and, where necessary, has discussed those implications with the FCA [#SRC:ec76fc94f0d3a021] [#TGT:706be7f8963a27d5].","In addition to the above, a firm should ensure (in line with paragraph 2.6 above) that the application includes any other information (not explicitly mentioned in paragraphs 2.7 to 2.9 above) that it considers necessary for the assessment and decision by the PRA. Where a firm is seeking to include any guaranteed elements of with-profits annuities in its MA portfolio(s), the PRA would expect the application to include confirmation that the firm has satisfied itself that any implications for its with-profits business (including points around fairness, investment strategy and wider management) have been considered and, if necessary, discussed with the FCA.","In order for a firm to apply an MA under the IRPR regulations, the PRA must be satisfied that the firm meets the MA eligibility conditions as set out in regulation 4 of the IRPR regulations and Chapter 2 of the Matching Adjustment Part . As required by Matching Adjustment 3.1 , a firm's initial MA application must contain written confirmation of its compliance with the MA eligibility conditions. For regulation 4(4) of the IRPR regulations and Matching Adjustment 2.2(6) , firms are expected to provide this written confirmation. For other MA eligibility conditions, firms are expected to provide documentary evidence to support their written confirmation, including:",SCHEMA,,basic,UKFIN,mixed_difficulty,ec76fc94f0d3a021,706be7f8963a27d5,,,ec76fc94f0d3a021,706be7f8963a27d5,,,,,HV0175,51390ac735285584,ObliQA-XRef_Out_Datasets/final_large_merged/ObliQA-XRef-UKFIN-ALL/final.jsonl,,,,
313ff84603fffd7c,"If the PRA publishes a statement to explain its general approach more clearly, how should it use feedback from a public consultation, and what should it avoid changing when it accepts suggested wording changes?","When the PRA publishes a statement to expand on its general approach, it is doing so to clearly and consistently explain its views in order to advance its objectives for the firms it regulates and to support protection for policyholders [#TGT:6513a735d431f5ba]. If that statement has been subject to public consultation and reflects feedback received by the PRA, the PRA can take account of comments by accepting suggested changes to the wording where those changes improve clarity [#SRC:f7de2cea26e343cf]. However, the PRA should treat these accepted edits as clarifications only and avoid changing the underlying policy as a result of the consultation feedback [#SRC:f7de2cea26e343cf]. In other words, consultation feedback can be used to make the statement easier to understand and more precise, but it should not be used to introduce a policy change. This keeps the statement aligned with its purpose of explaining the PRA’s views clearly and consistently to support its objectives [#TGT:6513a735d431f5ba], while ensuring that any updates prompted by consultation remain limited to wording improvements rather than substantive policy revisions [#SRC:f7de2cea26e343cf].","The statement was subject to public consultation, 1 and reflects feedback received by the PRA. Some comments suggested altering wording and these suggestions have been accepted where clarity would be improved. There is no change in policy.","The PRA is publishing this statement to expand on its general approach as set out in its Insurance Approach document. 2 By clearly and consistently explaining its views in this area, the PRA seeks to advance its statutory objectives of ensuring the safety and soundness of the firms it regulates, and contributing to securing an appropriate degree of protection for policyholders.",SCHEMA,,basic,UKFIN,hard_enriched,f7de2cea26e343cf,6513a735d431f5ba,,,f7de2cea26e343cf,6513a735d431f5ba,,,,,HV0176,313ff84603fffd7c,ObliQA-XRef_Out_Datasets/final_large_merged/ObliQA-XRef-UKFIN-ALL/final.jsonl,,,,
ef33bcf7ed9ee536,"If a firm is doing benchmarking activities and the relevant provisions generally do not apply to it for those activities (unless they were made before IP completion day to transpose an EU instrument), what compliance and financial-crime policies and procedures must the firm keep in place for its managers, employees and appointed representatives (or tied agents where applicable)?","For a firm carrying on benchmarking activities, the key scope point is that the relevant provisions do not apply to the firm in respect of those activities, except to the extent that, before IP completion day, they were made for the purpose of transposing an EU instrument [#SRC:5ccfd157f8a1ab18]. Even with that limitation, the firm must establish, implement and maintain adequate policies and procedures that are sufficient to ensure the firm’s compliance with its obligations under the regulatory system [#TGT:5ca4886f7aeb4304]. Those policies and procedures must cover not only the firm itself but also its managers, employees and appointed representatives, and where applicable, tied agents [#TGT:5ca4886f7aeb4304]. In addition, the firm’s policies and procedures must be aimed at countering the risk that the firm might be used to further financial crime [#TGT:5ca4886f7aeb4304]. In practice, the firm should align its compliance controls to whatever obligations remain applicable given the benchmarking-activity carve-out and the pre-IP completion day EU-transposition exception, while ensuring the covered people and representatives follow the firm’s compliance and financial-crime risk controls [#SRC:5ccfd157f8a1ab18] [#TGT:5ca4886f7aeb4304].","2.1 to 2.2B do not apply to a firm with respect to the carrying on of benchmarking activities except to the extent that before IP completion day , they were made for the purpose of transposing an EU instrument.","A firm must establish, implement and maintain adequate policies and procedures sufficient to ensure compliance of the firm including its managers, employees and appointed representatives (or where applicable, tied agents ) with its obligations under the regulatory system and for countering the risk that the firm might be used to further financial crime .",SCHEMA,,basic,UKFIN,hard_enriched,5ccfd157f8a1ab18,5ca4886f7aeb4304,,,5ccfd157f8a1ab18,5ca4886f7aeb4304,,,,,HV0177,ef33bcf7ed9ee536,ObliQA-XRef_Out_Datasets/final_large_merged/ObliQA-XRef-UKFIN-ALL/final.jsonl,,,,
282825b486f7cdfc,"If Institutions have to publish information about their remuneration policy and practices for staff who can materially affect the Institutions’ risk profile, what template and instructions do they need to use for the disclosures linked to points (h)(i) and (h)(ii)?","Institutions are required to disclose information about their remuneration policy and practices for those categories of staff whose professional activities have a material impact on the Institutions’ risk profile [#TGT:d3efeb25748ccfe0]. Where the required remuneration disclosures include the items identified as points (h)(i) and (h)(ii), Institutions must not choose an arbitrary format; they must complete those disclosures using Template UK REM1 and follow the relevant instructions set out in the specified annex of instructions [#SRC:f75c4876ca123e11]. This links the general disclosure duty on remuneration policy and practices (focused on staff with a material impact on risk profile) with a concrete procedural requirement on how certain parts of that disclosure must be presented and completed. So, to comply, Institutions should (1) identify the relevant categories of staff covered by the disclosure obligation, and (2) for the specified disclosure points, populate Template UK REM1 in line with the accompanying instructions, ensuring the disclosed information is provided in the required structured way [#TGT:d3efeb25748ccfe0] [#SRC:f75c4876ca123e11].","(b) For the disclosures required in points (h)(i) and (h)(ii) of Article 450(1) of the CRR , in accordance with the Template UK REM1 of Annex XXXIII and the relevant instructions set out in Annex XXXIV .",Institutions shall disclose the following information regarding their remuneration policy and practices for those categories of staff whose professional activities have a material impact on risk profile of the institutions:,SCHEMA,,basic,UKFIN,hard_enriched,f75c4876ca123e11,d3efeb25748ccfe0,,,f75c4876ca123e11,d3efeb25748ccfe0,,,,,HV0178,282825b486f7cdfc,ObliQA-XRef_Out_Datasets/final_large_merged/ObliQA-XRef-UKFIN-ALL/final.jsonl,,,,
009269e39d09e478,"If a firm has a matching adjustment permission and more than one SMF holds PR Q, who needs to sign the attestation sent to the PRA, and does it need to cover each relevant portfolio of assets the firm holds?","If the firm has a matching adjustment permission, it must send the required attestation to the PRA, and that attestation must be provided in respect of each relevant portfolio of assets as a whole held by the firm, following the required timing, person, and form requirements [#TGT:e4cd8736edad498d]. The person responsible for the attestation is the senior manager with the prescribed responsibility for the production and integrity of the firm’s financial information and its regulatory reporting (PR Q) [#SRC:60350a1cc8a674eb]. When more than one SMF holds PR Q, the PRA would expect all of those SMFs to attest, not just one of them, because each holder of PR Q is treated as having that prescribed responsibility [#SRC:60350a1cc8a674eb]. This expectation reflects that the relevant SMF(s) should have ultimate governance responsibility for the calculation underpinning the firm’s position, regardless of any delegation, and be able to implement an increase if required [#SRC:60350a1cc8a674eb]. So, the firm should arrange for all SMFs holding PR Q to provide the attestation that is submitted to the PRA and ensure it addresses each relevant portfolio as required [#TGT:e4cd8736edad498d].","Matching Adjustment 9.1(3) requires that the senior manager with the prescribed responsibility for the production and integrity of the firm’s financial information and its regulatory reporting (PR Q), as provided for in Rule 3.1(4) of the Insurance – Allocation of Responsibilities Part of the PRA Rulebook, will be responsible for the attestation. This is because the SMF should have ultimate governance responsibility for the calculation of the FS and MA (regardless of delegations of any of their responsibilities), and can therefore implement an increase to the FS if required. In many cases, this will be SMF 2, the Chief Financial Officer, but this could be another SMF depending on how responsibility is allocated within the firm. A firm should approach its usual supervisory contact, in the first instance, should its governance arrangements mean that an alternative SMF would be more appropriate to undertake the attestation. Where more than one SMF holds PR Q, the PRA would expect all of those SMFs to attest. The PRA considers that the supervisory guidance contained in SS35/15 – Strengthening individual accountability in insurance 25 on sharing prescribed responsibilities (in particular paragraph 2.19A of that SS) would also apply.",A firm with a matching adjustment permission must provide to the PRA the attestation set out at (1) at the time set out in (2) by a person in (3) in the form set out in 12.1 in respect of each relevant portfolio of assets as a whole held by the firm .,SCHEMA,,basic,UKFIN,hard_enriched,60350a1cc8a674eb,e4cd8736edad498d,,,60350a1cc8a674eb,e4cd8736edad498d,,,,,HV0179,009269e39d09e478,ObliQA-XRef_Out_Datasets/final_large_merged/ObliQA-XRef-UKFIN-ALL/final.jsonl,,,,
60c307ad3d2d36b1,"If a UK ISPV uses a special purpose vehicle in Gibraltar or a third country, what does that vehicle need to have in place with a supervisory authority and equivalent requirements, and what kind of governance system must the UK ISPV have for its own management and risks?","When a UK ISPV uses a special purpose vehicle in Gibraltar or a third country, the special purpose vehicle must be regulated by a supervisory authority in Gibraltar or in the relevant third country, and it must comply with requirements that are equivalent to the specified set of requirements referenced for these vehicles [#SRC:012c29b081ac0f05]. Separately, the UK ISPV must have an effective system of governance that supports the sound and prudent management of the UK ISPV, and that system must be appropriate to the nature, scale, and complexity of the risks the UK ISPV assumes and to the regulated activity for which it is authorised [#TGT:d90fd8705cd51108]. In practice, compliance requires both elements at the same time: confirming the external vehicle’s supervision and equivalence, and ensuring the UK ISPV’s own governance is robust enough to manage the risks and authorised activity associated with that arrangement [#SRC:012c29b081ac0f05] [#TGT:d90fd8705cd51108].","(2) in the case of a special purpose vehicle in Gibraltar or a third country , it is regulated by a supervisory authority in Gibraltar or a third country , and complies with requirements equivalent to those set out in Insurance Special Purpose Vehicles 2 , 2A to 2D , and 5A.1 to 5A.4 .","A UK ISPV must have an effective system of governance which provides for the sound and prudent management of the UK ISPV and which is appropriate to the nature, scale and complexity of the risks it assumes and the regulated activity for which it is authorised.",SCHEMA,,basic,UKFIN,hard_enriched,012c29b081ac0f05,d90fd8705cd51108,,,012c29b081ac0f05,d90fd8705cd51108,,,,,HV0180,60c307ad3d2d36b1,ObliQA-XRef_Out_Datasets/final_large_merged/ObliQA-XRef-UKFIN-ALL/final.jsonl,,,,
a3cf1b17fc01b278,"If you are one of the people that these provisions apply to, what do you have to do when you delegate your responsibilities to someone else?","This delegation requirement applies only to a person who is within the specific group that the provisions say they apply to; if you are not in that group, the requirement described here does not apply to you under those provisions [#SRC:e5d9bc4b52307125]. If you are in scope, you must take reasonable steps when you delegate any of your responsibilities. Those steps must ensure (1) you delegate to an appropriate person, and (2) you oversee how that delegated responsibility is carried out effectively [#TGT:003c4c76cc9a33c5]. So, you cannot simply hand off a task and assume it will be handled correctly; you need to make a reasonable judgment that the person you choose is appropriate for what you are delegating, and you must keep effective oversight of how they discharge that responsibility after it has been delegated. The obligation is expressed as taking reasonable steps, which means your actions should be sufficient to show you actively ensured appropriateness at the time of delegation and maintained effective oversight of the delegated work, but only where the provisions apply to you in the first place [#SRC:e5d9bc4b52307125] and as required for delegation and oversight [#TGT:003c4c76cc9a33c5].","(3) 3.1 to 3.3 only apply to a person in (2)(a), (b), or (f).",Senior Manager Conduct Rule 3 : You must take reasonable steps to ensure that any delegation of your responsibilities is to an appropriate person and that you oversee the discharge of the delegated responsibility effectively.,SCHEMA,,basic,UKFIN,hard_enriched,e5d9bc4b52307125,003c4c76cc9a33c5,,,e5d9bc4b52307125,003c4c76cc9a33c5,,,,,HV0181,a3cf1b17fc01b278,ObliQA-XRef_Out_Datasets/final_large_merged/ObliQA-XRef-UKFIN-ALL/final.jsonl,,,,
05c7ee8eb9db3688,"If the PRA is comparing a firm’s SA risk weights to an IRB benchmark to help set the firm’s Pillar 2A credit risk capital, what does the benchmark “range” mean, and what is different for CRE?","The PRA’s approach to informing the setting of firms’ Pillar 2A capital requirement for credit risk is to compare firms’ SA risk weights at a portfolio level against an IRB risk-weight benchmark, using benchmarks the PRA has calculated for portfolios such as mortgages (split into LTV bands), credit cards, corporates, sovereigns and institutions [#SRC:0289bd156b15ee1d]. In that context, the “range” around the benchmark is defined as a plus/minus 15% band, and it should not be treated as simply the spread you would get by looking at IRB firms’ average risk weights [#TGT:27afc0da558bb3b9]. There is one stated exception: for CRE, the possible range is the full range of risk weights outlined for CRE, rather than the plus/minus 15% concept [#TGT:27afc0da558bb3b9]. Separately, the PRA also distinguishes between two benchmark sets—one based on both unexpected and expected losses and another based on unexpected losses only, with the unexpected-loss-only set applying to firms using International Financial Reporting Standards where 12 months’ expected credit losses may already be covered by the SA Pillar 1 capital charge [#SRC:0289bd156b15ee1d].","The methodology used to inform the setting of firms’ Pillar 2A capital requirement for credit risk is based on a comparison of firms’ SA risk weights at a portfolio level to an IRB risk-weight benchmark. The PRA has created two sets of benchmarks. One is calculated based on both unexpected and expected losses (see Table A1 ). The other is based on unexpected losses only (see Table A2 ). The latter applies to firms using International Financial Reporting Standards and for which 12 months’ expected credit losses may already be covered by the SA Pillar 1 capital charge. Benchmarks have been calculated for mortgages (distinguished by loan to value (LTV) bands into fourteen categories), credit cards (both domestic and international), corporates, sovereigns and institutions (the latter two mapped to credit quality steps).","6. The range stated is /- 15% and is not the simple range of IRB firms’ average risk weights, with the exception of the possible range for CRE which is the full range of risk weights outlined by CRR Articles 153(5) and 158(6).",SCHEMA,,basic,UKFIN,hard_enriched,0289bd156b15ee1d,27afc0da558bb3b9,,,0289bd156b15ee1d,27afc0da558bb3b9,,,,,HV0182,05c7ee8eb9db3688,ObliQA-XRef_Out_Datasets/final_large_merged/ObliQA-XRef-UKFIN-ALL/final.jsonl,,,,
4a0aae05ee8d9eba,"Where the PRA would treat a communication as “advertising materials” because it contains an invitation to make a deposit or information intended (or reasonably presumed intended) to lead directly or indirectly to making a deposit, what must a firm not include in that communication regarding the deposit guarantee scheme, and what limited references are permitted?","If a communication falls within what the PRA considers “advertising materials”—because it contains an invitation to make a deposit, or includes information intended (or that might reasonably be presumed intended) to lead directly or indirectly to the making of a deposit, including any means of bringing such an invitation or information to the notice of the persons addressed [#SRC:be6058c4cbea740a]—a firm must not provide any further information about the deposit guarantee scheme within that advertising material beyond tightly limited statements [#TGT:965fc1eca462336c]. Specifically, the firm must not go beyond referring to the fact that the product advertised is or is not covered by the deposit guarantee scheme, except that it may also include any further factual information required by law (including by the applicable requirements referenced in the prohibition) [#TGT:965fc1eca462336c]. In practice, once the content or delivery method is captured by the PRA’s broad definition of advertising materials, the firm’s deposit guarantee scheme messaging must be confined to coverage status and legally required factual disclosures, and it must not add explanatory, promotional, comparative, or other additional scheme-related information in the same advertising materials [#SRC:be6058c4cbea740a] [#TGT:965fc1eca462336c].","In Depositor Protection 18.1 , the PRA considers ‘advertising materials’ to include any materials containing an invitation to make a deposit, or information that is intended or might reasonably be presumed to be intended to lead directly or indirectly to the making of a deposit; and includes any means of bringing such an invitation or such information to the notice of the person or persons to whom it is addressed.","A firm must not, in advertising materials, provide any further information about the deposit guarantee scheme beyond referring to the fact that the product advertised is or is not covered by the deposit guarantee scheme , and to any further factual information required by law including by this Part.",SCHEMA,,professional,UKFIN,hard_enriched,be6058c4cbea740a,965fc1eca462336c,,,be6058c4cbea740a,965fc1eca462336c,,,,,HV0183,4a0aae05ee8d9eba,ObliQA-XRef_Out_Datasets/final_large_merged/ObliQA-XRef-UKFIN-ALL/final.jsonl,,,,
1f30799591a424ca,"When a firm has more material exposure and is therefore expected to use greater skills and expertise among the persons involved in valuing assets, what must the firm have in place to ensure its valuation estimates of assets and liabilities remain reliable and appropriate for compliance purposes, and how will the PRA take the firm’s internal control of asset valuation into account when assessing valuation uncertainty risk management?","Where a firm’s exposure is more material, the PRA expects the persons involved in valuing the firm’s assets to have correspondingly greater skills and expertise, reflecting the increased demands of managing valuation uncertainty risk [#SRC:4937d12fd4d0c0ae]. In parallel, the firm must maintain effective systems and controls so that its valuation estimates for both assets and liabilities are reliable and appropriate for compliance with the applicable valuation requirements [#TGT:847d4c0d71170a5f]. In assessing the firm’s management of valuation uncertainty risk for compliance purposes, the PRA will consider the extent to which the firm meets the requirements relating to internal control over the valuation of assets, so the firm should be able to demonstrate that its governance and control environment supports robust valuation outcomes [#SRC:4937d12fd4d0c0ae]. Taken together, this means the firm should align the competence of the individuals performing or overseeing valuations with the materiality of its exposure, and ensure those individuals operate within a control framework that produces valuation estimates that are dependable and suitable for compliance [#TGT:847d4c0d71170a5f].","When assessing a firm’s management of valuation uncertainty risk for the purposes of complying with the PPP, the PRA will also consider the extent to which the firm satisfies the requirements under Conditions Governing Business 11D relating to the internal control of valuation of assets. The PRA expects that the more material the firm’s exposure, the greater the skills and expertise that will be required of the persons involved in the valuation of these assets.",(1) effective systems and controls to ensure that valuation estimates of their assets and liabilities are reliable and appropriate to ensure compliance with the Valuation Part ; and,SCHEMA,,professional,UKFIN,hard_enriched,4937d12fd4d0c0ae,847d4c0d71170a5f,,,4937d12fd4d0c0ae,847d4c0d71170a5f,,,,,HV0184,1f30799591a424ca,ObliQA-XRef_Out_Datasets/final_large_merged/ObliQA-XRef-UKFIN-ALL/final.jsonl,,,,
bbe9e55131192569,"If Firms can pick any audit method for outsourcing, what do they still need to make sure the method achieves, and how should they scale their approach based on the firm’s size and the importance of the outsourced function?","Firms are permitted to choose any audit method that is appropriate, but only if it enables them to meet their legal, regulatory, operational resilience, and risk management obligations [#SRC:f2bff782c4f63cad]. Separately, Firms should meet the expectations in this SS in a way that fits their size and internal organisation, the nature, scope, and complexity of their activities, and the criticality or importance of the outsourced function, following the principle of proportionality [#TGT:4a6318294bc51b91]. Put together, this means Firms should not treat “any audit method” as a free choice without constraints: the method must be capable of supporting the firm’s obligations, and the depth of assurance should be scaled to what is being outsourced and how important it is. As the arrangement becomes more material or the outsourced function more critical or important, Firms should increase the level of assurance they seek from the audit method so that it remains appropriate to the risks and to the SS expectations [#SRC:f2bff782c4f63cad] [#TGT:4a6318294bc51b91].","Firms can choose any appropriate audit method as long as it enables them to meet their legal, regulatory, operational resilience, and risk management obligations. The level of assurance expected will, however, become more onerous depending on proportionality (ie whether the firm is significant (see Chapter 3 )) and the materiality of the arrangement (see Chapter 5 ). For instance, a significant firm that outsources an important business service for which it has set a low impact tolerance should demand a higher level of assurance.","Firms should meet the expectations in this SS in a manner appropriate to: their size and internal organisation; the nature, scope, and complexity of their activities; and the criticality or importance of the outsourced function, in line with the principle of proportionality.",SCHEMA,,basic,UKFIN,hard_enriched,f2bff782c4f63cad,4a6318294bc51b91,,,f2bff782c4f63cad,4a6318294bc51b91,,,,,HV0185,bbe9e55131192569,ObliQA-XRef_Out_Datasets/final_large_merged/ObliQA-XRef-UKFIN-ALL/final.jsonl,,,,
9727dfd6e8a8bd61,"If a firm reports TMTP to the PRA only in certain reporting periods (and waivers may change that), what does it have to do about recalculating W r on the day it updates M in the TMTP method, including after a transfer event, and how does that fit with doing TMTP calculations more often for internal management?","The firm should first identify the “reporting period” as the reporting periods in which it is required to report TMTP to the PRA under the relevant reporting requirements, as adjusted by any waivers that apply to the firm’s reporting duties [#SRC:5324f23bfbfa472e]. Even though reporting happens in those defined periods, the firm also has a separate, specific timing requirement for W r: whenever it updates the value of M used in the TMTP method, it must, on that same day, calculate a new value of W r, and it must also do so following any transfer event [#TGT:abeb9eaab95b7d3d]. This means the W r recalculation is triggered by the update of M and by transfer events, not only by the calendar of reporting periods [#TGT:abeb9eaab95b7d3d]. The firm may still calculate TMTP more frequently for internal management if it wants to, but that is optional and does not change what counts as a reporting period for PRA reporting or the requirement to recalculate W r on the day M is updated and after transfer events [#SRC:5324f23bfbfa472e] [#TGT:abeb9eaab95b7d3d].","In Transitional Measures on Technical Provisions 5.1 - 5.2 , “reporting period” refers to the reporting periods in which the firm is required to report its TMTP to the PRA in accordance with the Reporting Part of the PRA Rulebook, subject to any waivers. For internal management purposes, firms can calculate TMTP on a more frequent basis if preferred.","For the purpose of calculating the value of ‘W r ’ referred to in 5.1 , a firm must, on the same day on which the value of ‘M’ used in the TMTP method is updated and following any transfer event in accordance with 6.1(3) , calculate a new value for ‘W r ’ as follows:",SCHEMA,,basic,UKFIN,hard_enriched,5324f23bfbfa472e,abeb9eaab95b7d3d,,,5324f23bfbfa472e,abeb9eaab95b7d3d,,,,,HV0186,9727dfd6e8a8bd61,ObliQA-XRef_Out_Datasets/final_large_merged/ObliQA-XRef-UKFIN-ALL/final.jsonl,,,,
6c291f75136b5f1d,"When using this SoP alongside the IRPR regulations and the relevant parts of the PRA Rulebook and related supervisory statements, where should an Applicant look for procedural guidance on how to make an application, and how does that relate to accessing the Prudential Person Principle supervisory statement referenced by the PRA?","Where an Applicant is relying on this SoP in conjunction with the IRPR regulations, the relevant parts of the PRA Rulebook, and the related supervisory statements it lists, the procedural direction for how to make an application is to use the Authorisations page on the PRA’s website as the place to find application-making information [#SRC:6f1cefbb88e9a396]. In parallel, when the Applicant needs to consult the supervisory statement on the Prudential Person Principle that is referenced among those related materials, it should access that supervisory statement via the Bank of England’s prudential regulation publication page provided for ‘Solvency II: Prudent Person Principle’ (June 2024) [#TGT:235eb5a2349a381c]. Taken together, the SoP indicates that application process guidance is obtained through the PRA’s Authorisations web content, while the substantive supervisory statement on the Prudential Person Principle is obtained through the linked publication page. This ensures the Applicant uses the correct PRA web route for application procedure and the correct Bank of England publication route for the referenced supervisory statement when assembling and supporting its application materials.","This SoP should be read in conjunction with the IRPR regulations, the Matching Adjustment Part of the PRA Rulebook, the Investments Part of the PRA Rulebook, the relevant rules in the rest of the Solvency II Sector of the PRA Rulebook, supervisory statement (SS) 7/18 – Solvency II: Matching adjustment 1 , SS1/20 – Solvency II: Prudent Person Principle 2 , SS8/18 – Solvency II: Internal models – modelling of the matching adjustment 3 , SS3/17 – Solvency II: Illiquid unrated assets 4 and the PRA’s insurance approach document. 5 For information about making an application, see the Authorisations page of the PRA’s website.","2. ‘Solvency II: Prudent Person Principle’, June 2024: www.bankofengland.co.uk/prudential-regulation/publication/2020/solvency-ii-prudent-person-principle-ss .",SCHEMA,,professional,UKFIN,hard_enriched,6f1cefbb88e9a396,235eb5a2349a381c,,,6f1cefbb88e9a396,235eb5a2349a381c,,,,,HV0187,6c291f75136b5f1d,ObliQA-XRef_Out_Datasets/final_large_merged/ObliQA-XRef-UKFIN-ALL/final.jsonl,,,,
e404d5f4e67d3d74,"If a firm’s MA portfolio includes less liquid or non-traded assets, can it still use the matching adjustment, and does it need to apply the PRA’s expectations beyond corporate bond assets?","A firm can use the matching adjustment only if it has an MA permission from the PRA; without that permission it cannot apply the MA. With the permission, the firm is permitted to apply the MA to adjust the relevant risk-free interest rate term structure when calculating the best estimate for MA-eligible insurance or reinsurance obligations, and it may also use the MA for determining both technical provisions and the SCR [#SRC:c11c8099a431b8c8]. Where the MA portfolio contains a wide range of assets, including assets that are less liquid, more complex, or not traded, the firm should treat the PRA’s expectations as broader than just corporate bond holdings. While the expectations are described as primarily applying to risks from corporate bond assets, the PRA indicates that many expectations apply regardless of the assets held and should therefore be considered more widely applicable unless the statement says otherwise [#TGT:938b2dd2653608ec]. The firm should also pay attention to places where the statement sets specific expectations for less liquid assets, and apply those where relevant to its own MA portfolio holdings, recognising that further bespoke expectations for other asset types may be issued in future [#TGT:938b2dd2653608ec].","The MA allows firms to adjust the relevant risk-free interest rate term structure for the purpose of calculating the best estimate of a portfolio of MA-eligible insurance or reinsurance obligations. To apply an MA, firms must have an MA permission from the PRA, as per Matching Adjustment 2.1 . Firms with an MA permission are permitted to apply an MA for the purposes of determining both TPs and the SCR. The PRA expects firms to have confidence that the level of MA benefit assumed in each of these calculations is fit for purpose. The PRA’s expectations relating to modelling of the MA within the SCR calculation are set out in SS8/18 . These expectations primarily apply to the risks arising in respect of corporate bond assets within firms’ MA portfolios. However, the PRA recognises that many of the expectations in SS8/18 would apply regardless of the assets held (see paragraph 1.8 of SS8/18 ).","The PRA recognises that many firms hold a relatively wide range of assets in their MA portfolios. These assets will differ in terms of liquidity and complexity; many of them may not be traded assets. The PRA’s expectations set out in this statement primarily apply to the risks arising in respect of corporate bond assets within firms’ MA portfolios. However, many of the expectations apply irrespective of the assets held and the PRA would therefore expect firms to consider the expectations set out in the SS to be more widely applicable unless specifically stated otherwise. In a number of places (eg paragraphs 4.10 , 4.15 , 4.20 , 4.22 , 5.17 and 5.18 ) the SS sets out specific expectations in relation to less liquid assets. In future, the PRA may issue further, more bespoke, expectations for the SCR treatment of other assets within an MA portfolio, such as illiquid assets.",SCHEMA,,basic,UKFIN,hard_enriched,c11c8099a431b8c8,938b2dd2653608ec,,,c11c8099a431b8c8,938b2dd2653608ec,,,,,HV0188,e404d5f4e67d3d74,ObliQA-XRef_Out_Datasets/final_large_merged/ObliQA-XRef-UKFIN-ALL/final.jsonl,,,,
6cc3ccfdfcb49a03,"For the Prudential Regulation Authority’s supervisory expectations that evolve as non-systemic UK-incorporated banks grow from authorisation to being regarded as fully established banks, which firms fall within the defined category of “new banks” based on mobilisation status, authorisation restrictions, and the 12‑month timing since authorisation?","The Prudential Regulation Authority’s supervisory expectations described here apply to ‘new and growing’ non-systemic UK-incorporated banks (collectively referred to as ‘banks’) and are framed as evolving as those banks grow from the point of authorisation to being regarded as fully established banks [#SRC:1dd002d682527b05]. Within that scope, “new banks” are specifically the firms that are either (i) in the mobilisation stage, meaning they have authorisation with restrictions, or (ii) have received authorisation without restrictions within the past 12 months, including firms that have exited mobilisation or were authorised without using the mobilisation period [#TGT:ac9d92c59779a4e0]. Read together, this means a non-systemic UK-incorporated bank is treated as “new” for purposes of these evolving supervisory expectations when it is still operating under restricted authorisation during mobilisation, or when it has only recently moved to (or started with) unrestricted authorisation and remains within the first 12 months of that status. This definition helps determine when the bank is at the earliest stage of the growth path covered by the supervisory expectations, before it is regarded as fully established.","This Supervisory Statement (SS) provides an overview of how the Prudential Regulation Authority’s (PRA)’s supervisory expectations of ‘new 1 and growing 2 ’non-systemic 3 UK-incorporated banks 4 , 5 (collectively referred to as ‘banks’), evolve as they grow from the point of authorisation to being regarded as fully established banks.",1. New banks refers to firms that are in the ‘mobilisation stage’ (authorisation with restrictions) and those that have received authorisation without restrictions within the past 12 months (e.g. exited mobilisation or authorised without using the mobilisation period).,SCHEMA,,professional,UKFIN,hard_enriched,1dd002d682527b05,ac9d92c59779a4e0,,,1dd002d682527b05,ac9d92c59779a4e0,,,,,HV0189,6cc3ccfdfcb49a03,ObliQA-XRef_Out_Datasets/final_large_merged/ObliQA-XRef-UKFIN-ALL/final.jsonl,,,,
46a79d6a12c79e85,"If you are working out what reporting and disclosure is expected under this supervisory statement, how should you read those expectations in light of the PRA’s approach to transitional relief, and where can you find the directions and guidance you need to check?","You should interpret the reporting and disclosure expectations that are within the scope of this supervisory statement by taking into account the PRA’s approach to transitional relief as it is set out in a direction and accompanying guidance [#SRC:cddb9c1a2aa676c5]. That means you should not rely only on the supervisory statement wording when deciding what to report or disclose; you should read it together with the direction and guidance that explain the PRA’s approach to transitional relief, and then apply the expectations in a way that is consistent with that approach. To make sure you are using the correct materials, you should obtain the directions and accompanying guidance from the place where they are made available online, which is the Bank of England webpage that provides access to the directions and accompanying guidance on transitioning to post-exit rules and standards [#TGT:d1107d21ebab9777]. Checking that source helps ensure your interpretation aligns with the same direction and guidance referenced by the PRA.",The PRA has set out in a direction and accompanying guidance 5 the approach it is taking to transitional relief. The reporting and disclosure expectations in scope of this supervisory statement should be interpreted in light of the direction and guidance.,5. The directions and accompanying guidance are available at: https://www.bankofengland.co.uk/eu-withdrawal/transitioning-to-post-exit-rules-and-standards .,SCHEMA,,basic,UKFIN,hard_enriched,cddb9c1a2aa676c5,d1107d21ebab9777,,,cddb9c1a2aa676c5,d1107d21ebab9777,,,,,HV0190,46a79d6a12c79e85,ObliQA-XRef_Out_Datasets/final_large_merged/ObliQA-XRef-UKFIN-ALL/final.jsonl,,,,
096edb20f93854d8,"If a derogation only changes the earlier valuation provisions and does not change the later valuation provisions except where they point back to the earlier ones for recognition or valuation, what does a firm have to do to recognise assets and liabilities, and when can the derogation affect that?","A firm must recognise assets and liabilities in conformity with UK-adopted international accounting standards, and it should do so while respecting the limited scope of the derogation described in the valuation framework. The scope text explains that the derogation relates to the earlier valuation provisions and does not affect the application of the later valuation provisions, except to the extent those later provisions refer back to the earlier valuation provisions for recognition or valuation. So the firm should continue to apply the later valuation provisions as normal, and only allow the derogation to influence outcomes where a later provision explicitly depends on the earlier valuation provisions for recognition or valuation. This keeps the firm’s recognition approach anchored in the accounting standards requirement [#TGT:0179241db33533af] while ensuring the derogation is not applied more widely than intended, and is used only for the specific cross-referenced recognition or valuation elements described in the scope statement [#SRC:53d338d2a0530445].","The derogation relates to Valuation 5.1 and 5.2 , but does not affect the application of Valuation 6 to 12 except to the extent that these provisions refer back to Valuation 5 regarding recognition or valuation. Therefore in addition to Valuation 5 :",A firm must recognise assets and liabilities in conformity with UK-adopted international accounting standards .,SCHEMA,,basic,UKFIN,hard_enriched,53d338d2a0530445,0179241db33533af,,,53d338d2a0530445,0179241db33533af,,,,,HV0191,096edb20f93854d8,ObliQA-XRef_Out_Datasets/final_large_merged/ObliQA-XRef-UKFIN-ALL/final.jsonl,,,,
0da2d02622317130,"If a firm must safeguard the independence of the risk function and oversee how it performs (including the performance of a person approved to perform the Chief Risk function), what does the firm have to do to make sure the head of the risk management function is independent and properly appointed, and when can another senior person do that job instead?","The firm must put in place responsibility for safeguarding the independence of the risk function and for overseeing how the risk function performs, including overseeing the performance of a person approved to perform the Chief Risk function on behalf of the firm [#SRC:8c09718d22d2ff24]. At the same time, the firm must ensure that the head of the risk management function is an independent senior manager who has distinct responsibility for the risk management function [#TGT:2ec6e3f7d857bd07]. If the firm’s activities are such that their nature, scale and complexity do not justify having a specially appointed person as head, the firm may allow another senior person within the firm to fulfil that head-of-function role, but only if there is no conflict of interest [#TGT:2ec6e3f7d857bd07]. The firm must also ensure that the head of the risk management function cannot be removed unless the management body gives prior approval, and that the head can access the management body directly where necessary [#TGT:2ec6e3f7d857bd07]. These points collectively support the required independence and effective oversight of the risk function and the approved Chief Risk function holder [#SRC:8c09718d22d2ff24].","(17) responsibility for safeguarding the independence of, and overseeing of the performance of, the risk function , including the performance of a person approved to perform the Chief Risk function on behalf of the firm , in accordance with Risk Control 3.4 and 3.5 (PR L) ;","A firm must ensure that the head of the risk management function is an independent senior manager with distinct responsibility for the risk management function. Where the nature, scale and complexity of the activities of the firm do not justify a specially appointed person , another senior person within the firm may fulfil that function, provided there is no conflict of interest. A firm must ensure that the head of the risk management function must not be removed without prior approval of the management body and is able to have direct access to the management body where necessary.",SCHEMA,,basic,UKFIN,hard_enriched,8c09718d22d2ff24,2ec6e3f7d857bd07,,,8c09718d22d2ff24,2ec6e3f7d857bd07,,,,,HV0192,0da2d02622317130,ObliQA-XRef_Out_Datasets/final_large_merged/ObliQA-XRef-UKFIN-ALL/final.jsonl,,,,
c9e6d8dc3f53e338,"If a firm has to explain whether its systems for meeting the requirement to mark eligible deposits so they can be identified immediately have been checked by auditors, what exactly must it say, and what must it add if the auditors did review the systems?","The firm must provide a statement saying whether the firm’s systems used to comply with the requirement to mark eligible deposits so they can be immediately identified have been reviewed by internal or external auditors [#TGT:60b306349873ce31]. This is about the firm’s compliance systems that support the marking and immediate identification of eligible deposits, not just the day-to-day act of marking deposits. If the firm’s systems have been reviewed, the firm must also include a statement of the findings from that review, meaning it must summarize what the internal or external auditors found when they assessed those systems [#SRC:64bec8980f6b4a13]. So the statement must cover two things: (1) whether an internal or external audit review happened, and (2) if it did happen, what the review concluded. The firm should ensure the statement clearly links the review and any findings to the systems that enable it to meet the marking requirement for eligible deposits.","(3) a statement of whether the firm’s systems to comply with 11.1 and 11.2 have been reviewed by internal or external auditors, and, if so, a statement of the findings of that review; and",A firm must mark eligible deposits in a way that allows for the immediate identification of such deposits .,SCHEMA,,basic,UKFIN,hard_enriched,64bec8980f6b4a13,60b306349873ce31,,,64bec8980f6b4a13,60b306349873ce31,,,,,HV0193,c9e6d8dc3f53e338,ObliQA-XRef_Out_Datasets/final_large_merged/ObliQA-XRef-UKFIN-ALL/final.jsonl,,,,
03497c23b194dce8,"If a firm uses an outsourcer for some or all of its internal credit assessment work, what does the PRA expect the firm to do so the outsourced assessments meet the PRA’s expanded expectations for internal credit assessments?","If a firm outsources some or all of its internal credit assessment process, it needs to ensure the outsourced internal credit assessments for assets meet the PRA’s expanded expectations for internal credit assessments [#SRC:e46640365e209635]. The PRA expects the firm to demonstrate that the outsourcer’s systems and processes are effective, and this includes showing that validation is in place and works as intended [#TGT:abeb4286e603ff85]. The firm should also be able to provide evidence that it has appropriate oversight systems and processes, including governance, for the outsourced credit assessments, and that these oversight arrangements have been carried out effectively in practice [#TGT:abeb4286e603ff85]. In other words, the firm should not treat outsourcing as transferring responsibility: it must be able to show both that the outsourced assessments align with the PRA’s expanded expectations and that the outsourcer’s methods are controlled, validated, and overseen through effective firm-led governance and monitoring [#SRC:e46640365e209635] [#TGT:abeb4286e603ff85].",[First sentence moved to 2.4B ] The PRA’s expectations for internal credit assessments are expanded on in paragraphs 2.8A to 2.8N below.,"Where some or all of the internal credit assessment process is outsourced, the PRA expects firms also to demonstrate the effectiveness of the systems and processes that the outsourcer has in place, including validation, in order to ensure that outsourced internal credit assessments for assets satisfy the expectations set out in paragraphs 2.8A to 2.8M above and that the requirements of Rules 7.1A , 7.2A and 7.5 to 7.8 in the Conditions Governing Business Part of the PRA Rulebook are also satisfied. Firms should provide evidence that appropriate oversight systems and processes including governance are in place and have been carried out effectively for outsourced credit assessments.",SCHEMA,,basic,UKFIN,hard_enriched,e46640365e209635,abeb4286e603ff85,,,e46640365e209635,abeb4286e603ff85,,,,,HV0194,03497c23b194dce8,ObliQA-XRef_Out_Datasets/final_large_merged/ObliQA-XRef-UKFIN-ALL/final.jsonl,,,,
030f9d61abd3125f,"When designing its policy for managing positions and collateral across relevant entities, what must a firm set out about the factors that determine when positions are offset or closed and the expected timeline for doing so, and how must it ensure it can identify legal and operational features that affect collateral management, including transfers within the group and to third parties?","A firm should document, in its policy, the specific factors it will use to decide when a position should be offset or closed, and it should also specify the expected timeline for taking those actions, so that position management is governed by clear decision criteria and time expectations [#SRC:0fc504dca2fa1201]. This policy should sit within effective, consolidated risk management oversight across the relevant entities and be calibrated to a level commensurate with the structure of the relevant business division, so that the consolidation point matches how seniority and reporting lines are organised [#SRC:0fc504dca2fa1201]. In parallel, the firm should be able to identify legal and operational features that impact the management of collateral, including features affecting the transfer of collateral both within the group and to third parties, so that collateral movements and constraints are understood and can be managed in practice [#TGT:08d9645cfabc4417]. Taken together, the policy’s decision factors and timelines for offsetting/closing positions should be operationally workable in light of those identified legal and operational constraints on collateral transfers [#SRC:0fc504dca2fa1201] [#TGT:08d9645cfabc4417].","d) effective, consolidated risk management oversight is in place across the relevant entities. This consolidated risk management should be set at a level that is commensurate with the structure of the relevant business division. As an example, if there are two senior business heads and they both report directly to the global business head, that would be the appropriate level. But if they are two more junior business heads, the consolidation should occur at a lower level. In addition, firms should consider what they need to manage their risks holistically both in business-as-usual and in a crisis. It is generally considered good practice to have a free flow of collateral between desks, and this is particularly helpful in a crisis so banks may be able to avoid hedging with the market externally unnecessarily. Similarly, there may be advantages to having the ability to reduce offsetting inventory positions by way of periodic inter-affiliate transactions, and the ability to pool collateral between entities and branches for centralised financing and short-covering purposes. The firm’s policy should set out the factors determining when a position should be offset or closed and the expected timeline for taking such actions. This approach is consistent with the Bank of England’s expectations under the UK Resolution Assessment Framework. 39","39. Firms should also be able to identify any legal and operational features that impact the management of collateral, including the transfer of collateral both within the group and to third parties”. See Resolvability Assessment of Major UK Banks 2024. https://www.bankofengland.co.uk/financial-stability/resolution/resolvability-assessment-framework/resovability-assessment-of-major-uk-banks-2024",SCHEMA,,professional,UKFIN,hard_enriched,0fc504dca2fa1201,08d9645cfabc4417,,,0fc504dca2fa1201,08d9645cfabc4417,,,,,HV0195,030f9d61abd3125f,ObliQA-XRef_Out_Datasets/final_large_merged/ObliQA-XRef-UKFIN-ALL/final.jsonl,,,,
dfdee79151ab30be,"If an outsourcing deal is material and the PRA expects the written contract to cover areas like data security, audit and access rights, sub-outsourcing, and business continuity and exit, what do banks and insurers have to do about putting the outsourcing arrangement in writing?","Banks and insurers have to make sure the outsourcing arrangement is set out in a written agreement, and for material outsourcing that written agreement should cover the minimum areas the PRA expects. In practice, this means the firm should not only have a signed written contract for the outsourcing arrangement, but also ensure the contract includes terms dealing with data security, access, audit and information rights, sub-outsourcing, and business continuity and exit strategies, because these are identified as the minimum areas the PRA expects written agreements relating to material outsourcing to address [#SRC:7ee6ded449cc3c29]. Separately, there is a baseline requirement that all outsourcing arrangements must be set out in a written agreement for banks and insurers [#TGT:9752e97c411082aa]. Read together, the firm should treat the written agreement as the main control document: it must exist for every outsourcing arrangement, and for material outsourcing it should be detailed enough to cover the specific minimum topics the PRA expects.","Chapter 6 lists the areas that the PRA expects written agreements relating to material outsourcing to address as a minimum. The following four areas are then examined in detail in Chapters 7–10: data security ( Chapter 7 ); access, audit, and information rights ( Chapter 8 ); sub-outsourcing ( Chapter 9 ); and business continuity and exit strategies ( Chapter 10 ).","In line with Article 31(3) of MODR (banks) and Conditions Governing Business 7.5(3) (insurers), all outsourcing arrangements must be set out in a written agreement.",SCHEMA,,basic,UKFIN,hard_enriched,7ee6ded449cc3c29,9752e97c411082aa,,,7ee6ded449cc3c29,9752e97c411082aa,,,,,HV0196,dfdee79151ab30be,ObliQA-XRef_Out_Datasets/final_large_merged/ObliQA-XRef-UKFIN-ALL/final.jsonl,,,,
2a4713a2b280c0a3,"When the PRA sets and collects periodic fees each year to recover its Annual Funding Requirement, how should the Annual Funding Requirement be defined in terms of the types of regulatory costs it reflects, and what category of budgeted costs must be excluded from that definition?","For the purpose of periodic fees that are set by the PRA and collected each year to recover the PRA’s Annual Funding Requirement, the Annual Funding Requirement should be defined by reference to the cost categories it is intended to recover and the cost categories it expressly does not recover. On the inclusion side, the Annual Funding Requirement reflects the costs relating to Ongoing Regulatory Activities, meaning the costs the PRA incurs in performing its functions as regulator, and it may also reflect exceptional costs (for example, costs arising from recent changes in the scope of regulation) where those exceptional costs are not incorporated into Ongoing Regulatory Activities costs [#SRC:85621563f8cf9168]. On the exclusion side, the Annual Funding Requirement does not include any special project fee costs where those costs are budgeted, so those budgeted special project fee costs must be kept outside the Annual Funding Requirement even though periodic fees are collected to recover it [#TGT:230a19b54b13bd74]. Taken together, this means the Annual Funding Requirement is a funding measure tied to ongoing regulatory and certain exceptional regulatory costs, but it is not a vehicle for recovering budgeted special project fee costs.","Periodic fees are set by the PRA and collected each year in order to recover the PRA’s Annual Funding Requirement (AFR). The AFR reflects: 1 • costs relating to Ongoing Regulatory Activities (ORA), being the costs which the PRA incurs in performing its functions as regulator; and • any exceptional costs (eg to reflect recent changes in the scope of regulation) not incorporated into ORA costs.","1. Note: the AFR does not include any special project fee (SPF) costs, where these are budgeted.",SCHEMA,,professional,UKFIN,hard_enriched,85621563f8cf9168,230a19b54b13bd74,,,85621563f8cf9168,230a19b54b13bd74,,,,,HV0197,2a4713a2b280c0a3,ObliQA-XRef_Out_Datasets/final_large_merged/ObliQA-XRef-UKFIN-ALL/final.jsonl,,,,
e48221c2f2cc8ff4,"For undertakings referred to in the specified category, and excluding undertakings covered by the separate carve-out, what must the equity risk sub-module include when determining the relevant amount under the referenced valuation and standard formula provisions?","For undertakings referred to in the specified category, the scope condition is that the approach applies to those undertakings except where they fall within the separate exclusion for undertakings covered by the carve-out, and the amount is to be determined in accordance with the referenced valuation and standard formula provisions [#SRC:a19de5e5078439a5]. Within that scoped determination, the equity risk sub-module must be structured to include distinct risk sub-modules covering type 1 equities and type 2 equities, and it must also include dedicated risk sub-modules for qualifying infrastructure equities and for qualifying infrastructure corporate equities [#TGT:8a3ef0d20b9b4dac]. In practice, this means that, for an undertaking that is in-scope (i.e., within the referred category and not within the carve-out), the equity risk component cannot be treated as a single undifferentiated charge; it must be decomposed into the four specified equity categories so that the amount determined under the referenced framework reflects each required sub-module. The exclusion matters because undertakings within the carve-out are not subject to this scoped determination pathway [#SRC:a19de5e5078439a5].","(4) for undertakings referred to in 11.1A(6) , other than undertakings covered by point (5) of this rule, the amount determined in accordance with Valuation 9 and Solvency Capital Requirement – Standard Formula 3D7 - 3D11 , 3D26 – 3D31 and 3D32 ; and","The equity risk sub-module must include a risk sub-module for type 1 equities, a risk sub-module for type 2 equities, a risk sub-module for qualifying infrastructure equities and a risk sub-module for qualifying infrastructure corporate equities.",SCHEMA,,professional,UKFIN,hard_enriched,a19de5e5078439a5,8a3ef0d20b9b4dac,,,a19de5e5078439a5,8a3ef0d20b9b4dac,,,,,HV0198,e48221c2f2cc8ff4,ObliQA-XRef_Out_Datasets/final_large_merged/ObliQA-XRef-UKFIN-ALL/final.jsonl,,,,
26739e970ab793af,"If an undertaking wants to set up or change a debt securities programme to issue something the firm plans to count as basic own funds for the group SCR, what does the firm have to check about earlier information it gave to the PRA and about changes in law, and what must the programme say about what each instrument issued under it is?","If an undertaking proposes to establish or amend a debt securities programme to issue an item the firm intends to include within the basic own funds forming the own funds eligible for the group SCR, the firm must ensure the programme meets conditions that protect both regulatory compliance and the intended own-funds treatment [#TGT:d43cd8def623245e]. First, the firm must make sure the programme still complies even if there have been changes in law or regulation, or in how those rules are interpreted or applied, since the last time the programme was notified; and the firm must also ensure that the information previously notified to the PRA about the programme is not affected by those changes [#SRC:a0002fe3a6bea784]. Second, the firm must ensure the programme’s terms require that any instrument issued under the programme constitutes basic own funds, so that instruments issued pursuant to the programme match the firm’s intention to include them within basic own funds for group SCR eligibility [#SRC:a0002fe3a6bea784]. Together, these points describe what the firm must ensure when it is proposing to set up or change the programme for that purpose [#TGT:d43cd8def623245e].","(b) the programme complies with, and the information previously notified to the PRA in accordance with 6.4 in relation to the programme is unaffected by, any changes in law or regulation, or the interpretation or application of either, coming into effect since the last notification in accordance with 6.4 ; and (c) any instrument issued pursuant to the programme must, under the terms of the programme, constitute basic own funds ; and","If an undertaking proposes to establish or amend a debt securities programme for the issue of an item which the firm intends to include within the basic own funds forming the own funds eligible for the group SCR , the firm must:",SCHEMA,,basic,UKFIN,hard_enriched,a0002fe3a6bea784,d43cd8def623245e,,,a0002fe3a6bea784,d43cd8def623245e,,,,,HV0199,26739e970ab793af,ObliQA-XRef_Out_Datasets/final_large_merged/ObliQA-XRef-UKFIN-ALL/final.jsonl,,,,
291b3770ae2bb00b,"When providing resolution planning information about the group’s preparations, what must the firm do to ensure it is prepared for an orderly resolution with minimal disruption of critical services, and how should it respond if the PRA and the Bank as resolution authority—after discussing with one or both among the home state supervisor and home resolution authority—determine that additional information is required?","The firm must ensure that its resolution planning materials describe and support concrete preparations that enable the firm to be resolved in an orderly manner, if needed, while minimising disruption to critical services [#TGT:ba7a108ec58f63f0]. In practice, this means the firm’s resolution planning information should cover the group’s preparations for resolution and present them in a way that demonstrates readiness for orderly resolution outcomes, rather than treating the submission as a purely descriptive exercise [#SRC:b277461e673dbd9a]. The firm should also be prepared for supervisory follow-up: the PRA and the Bank as resolution authority may engage with external authorities by discussing the firm’s position with one or both among the home state supervisor and home resolution authority, and then assess whether the firm needs to provide further information [#SRC:b277461e673dbd9a]. Accordingly, the firm should maintain its resolution planning information so it can promptly supply any additional information requested, ensuring that any supplemental materials continue to evidence the firm’s preparedness for resolution and its ability to protect continuity of critical services [#TGT:ba7a108ec58f63f0].","resolution planning, including information regarding the group’s preparations for resolution consistent with Fundamental Rule 8 (the PRA, and the Bank as resolution authority, will discuss with one or both among the home state supervisor and home resolution authority, and then consider if any additional information is required from the firm).","Fundamental Rule 8: A firm must prepare for resolution so, if the need arises, it can be resolved in an orderly manner with a minimum disruption of critical services.",SCHEMA,,professional,UKFIN,hard_enriched,b277461e673dbd9a,ba7a108ec58f63f0,,,b277461e673dbd9a,ba7a108ec58f63f0,,,,,HV0200,291b3770ae2bb00b,ObliQA-XRef_Out_Datasets/final_large_merged/ObliQA-XRef-UKFIN-ALL/final.jsonl,,,,
